ISO-10303-21;
HEADER;
FILE_DESCRIPTION(('FreeCAD Model'),'2;1');
FILE_NAME('Open CASCADE Shape Model','2026-06-04T20:00:31',(''),(''),
  'Open CASCADE STEP processor 7.9','FreeCAD','Unknown');
FILE_SCHEMA(('AUTOMOTIVE_DESIGN { 1 0 10303 214 1 1 1 1 }'));
ENDSEC;
DATA;
#1 = APPLICATION_PROTOCOL_DEFINITION('international standard',
  'automotive_design',2000,#2);
#2 = APPLICATION_CONTEXT(
  'core data for automotive mechanical design processes');
#3 = SHAPE_DEFINITION_REPRESENTATION(#4,#10);
#4 = PRODUCT_DEFINITION_SHAPE('','',#5);
#5 = PRODUCT_DEFINITION('design','',#6,#9);
#6 = PRODUCT_DEFINITION_FORMATION('','',#7);
#7 = PRODUCT('Body','Body','',(#8));
#8 = PRODUCT_CONTEXT('',#2,'mechanical');
#9 = PRODUCT_DEFINITION_CONTEXT('part definition',#2,'design');
#10 = ADVANCED_BREP_SHAPE_REPRESENTATION('',(#11,#15),#2729);
#11 = AXIS2_PLACEMENT_3D('',#12,#13,#14);
#12 = CARTESIAN_POINT('',(0.,0.,0.));
#13 = DIRECTION('',(0.,0.,1.));
#14 = DIRECTION('',(1.,0.,-0.));
#15 = MANIFOLD_SOLID_BREP('',#16);
#16 = CLOSED_SHELL('',(#17,#229,#255,#332,#356,#380,#404,#451,#468,#492,
    #516,#540,#564,#588,#612,#629,#653,#677,#694,#711,#737,#763,#789,
    #814,#1192,#1237,#1282,#1298,#1323,#1348,#1373,#1382,#1407,#1432,
    #1457,#1482,#1507,#1538,#1562,#1586,#1610,#1634,#1651,#1682,#1706,
    #1730,#1754,#1778,#1795,#1826,#1850,#1874,#1898,#1922,#1939,#1970,
    #1994,#2018,#2042,#2066,#2083,#2108,#2139,#2163,#2187,#2211,#2235,
    #2252,#2283,#2307,#2331,#2355,#2379,#2396,#2421,#2446,#2471,#2496,
    #2521,#2546,#2555,#2564,#2573,#2582,#2591,#2600,#2609,#2618,#2635,
    #2652,#2669,#2686,#2695,#2712));
#17 = ADVANCED_FACE('',(#18,#29,#191,#202,#213),#224,.T.);
#18 = FACE_BOUND('',#19,.T.);
#19 = EDGE_LOOP('',(#20));
#20 = ORIENTED_EDGE('',*,*,#21,.F.);
#21 = EDGE_CURVE('',#22,#22,#24,.T.);
#22 = VERTEX_POINT('',#23);
#23 = CARTESIAN_POINT('',(13.375,83.,10.));
#24 = CIRCLE('',#25,3.375);
#25 = AXIS2_PLACEMENT_3D('',#26,#27,#28);
#26 = CARTESIAN_POINT('',(10.,83.,10.));
#27 = DIRECTION('',(0.,0.,1.));
#28 = DIRECTION('',(1.,0.,-0.));
#29 = FACE_BOUND('',#30,.T.);
#30 = EDGE_LOOP('',(#31,#41,#49,#57,#65,#73,#81,#89,#97,#105,#113,#121,
    #129,#137,#145,#153,#161,#169,#177,#185));
#31 = ORIENTED_EDGE('',*,*,#32,.T.);
#32 = EDGE_CURVE('',#33,#35,#37,.T.);
#33 = VERTEX_POINT('',#34);
#34 = CARTESIAN_POINT('',(5.,150.,10.));
#35 = VERTEX_POINT('',#36);
#36 = CARTESIAN_POINT('',(0.,150.,10.));
#37 = LINE('',#38,#39);
#38 = CARTESIAN_POINT('',(110.,150.,10.));
#39 = VECTOR('',#40,1.);
#40 = DIRECTION('',(-1.,0.,0.));
#41 = ORIENTED_EDGE('',*,*,#42,.T.);
#42 = EDGE_CURVE('',#35,#43,#45,.T.);
#43 = VERTEX_POINT('',#44);
#44 = CARTESIAN_POINT('',(0.,0.,10.));
#45 = LINE('',#46,#47);
#46 = CARTESIAN_POINT('',(0.,150.,10.));
#47 = VECTOR('',#48,1.);
#48 = DIRECTION('',(0.,-1.,0.));
#49 = ORIENTED_EDGE('',*,*,#50,.T.);
#50 = EDGE_CURVE('',#43,#51,#53,.T.);
#51 = VERTEX_POINT('',#52);
#52 = CARTESIAN_POINT('',(38.45,0.,10.));
#53 = LINE('',#54,#55);
#54 = CARTESIAN_POINT('',(0.,0.,10.));
#55 = VECTOR('',#56,1.);
#56 = DIRECTION('',(1.,0.,0.));
#57 = ORIENTED_EDGE('',*,*,#58,.T.);
#58 = EDGE_CURVE('',#51,#59,#61,.T.);
#59 = VERTEX_POINT('',#60);
#60 = CARTESIAN_POINT('',(38.45,20.,10.));
#61 = LINE('',#62,#63);
#62 = CARTESIAN_POINT('',(38.45,0.,10.));
#63 = VECTOR('',#64,1.);
#64 = DIRECTION('',(0.,1.,0.));
#65 = ORIENTED_EDGE('',*,*,#66,.T.);
#66 = EDGE_CURVE('',#59,#67,#69,.T.);
#67 = VERTEX_POINT('',#68);
#68 = CARTESIAN_POINT('',(23.45,20.,10.));
#69 = LINE('',#70,#71);
#70 = CARTESIAN_POINT('',(38.45,20.,10.));
#71 = VECTOR('',#72,1.);
#72 = DIRECTION('',(-1.,0.,0.));
#73 = ORIENTED_EDGE('',*,*,#74,.T.);
#74 = EDGE_CURVE('',#67,#75,#77,.T.);
#75 = VERTEX_POINT('',#76);
#76 = CARTESIAN_POINT('',(23.45,92.1,10.));
#77 = LINE('',#78,#79);
#78 = CARTESIAN_POINT('',(23.45,20.,10.));
#79 = VECTOR('',#80,1.);
#80 = DIRECTION('',(0.,1.,0.));
#81 = ORIENTED_EDGE('',*,*,#82,.T.);
#82 = EDGE_CURVE('',#75,#83,#85,.T.);
#83 = VERTEX_POINT('',#84);
#84 = CARTESIAN_POINT('',(86.55,92.1,10.));
#85 = LINE('',#86,#87);
#86 = CARTESIAN_POINT('',(23.45,92.1,10.));
#87 = VECTOR('',#88,1.);
#88 = DIRECTION('',(1.,0.,0.));
#89 = ORIENTED_EDGE('',*,*,#90,.T.);
#90 = EDGE_CURVE('',#83,#91,#93,.T.);
#91 = VERTEX_POINT('',#92);
#92 = CARTESIAN_POINT('',(86.55,20.,10.));
#93 = LINE('',#94,#95);
#94 = CARTESIAN_POINT('',(86.55,92.1,10.));
#95 = VECTOR('',#96,1.);
#96 = DIRECTION('',(0.,-1.,0.));
#97 = ORIENTED_EDGE('',*,*,#98,.T.);
#98 = EDGE_CURVE('',#91,#99,#101,.T.);
#99 = VERTEX_POINT('',#100);
#100 = CARTESIAN_POINT('',(71.55,20.,10.));
#101 = LINE('',#102,#103);
#102 = CARTESIAN_POINT('',(86.55,20.,10.));
#103 = VECTOR('',#104,1.);
#104 = DIRECTION('',(-1.,0.,0.));
#105 = ORIENTED_EDGE('',*,*,#106,.T.);
#106 = EDGE_CURVE('',#99,#107,#109,.T.);
#107 = VERTEX_POINT('',#108);
#108 = CARTESIAN_POINT('',(71.55,0.,10.));
#109 = LINE('',#110,#111);
#110 = CARTESIAN_POINT('',(71.55,20.,10.));
#111 = VECTOR('',#112,1.);
#112 = DIRECTION('',(0.,-1.,0.));
#113 = ORIENTED_EDGE('',*,*,#114,.T.);
#114 = EDGE_CURVE('',#107,#115,#117,.T.);
#115 = VERTEX_POINT('',#116);
#116 = CARTESIAN_POINT('',(110.,0.,10.));
#117 = LINE('',#118,#119);
#118 = CARTESIAN_POINT('',(0.,0.,10.));
#119 = VECTOR('',#120,1.);
#120 = DIRECTION('',(1.,0.,0.));
#121 = ORIENTED_EDGE('',*,*,#122,.T.);
#122 = EDGE_CURVE('',#115,#123,#125,.T.);
#123 = VERTEX_POINT('',#124);
#124 = CARTESIAN_POINT('',(110.,150.,10.));
#125 = LINE('',#126,#127);
#126 = CARTESIAN_POINT('',(110.,0.,10.));
#127 = VECTOR('',#128,1.);
#128 = DIRECTION('',(0.,1.,0.));
#129 = ORIENTED_EDGE('',*,*,#130,.T.);
#130 = EDGE_CURVE('',#123,#131,#133,.T.);
#131 = VERTEX_POINT('',#132);
#132 = CARTESIAN_POINT('',(105.,150.,10.));
#133 = LINE('',#134,#135);
#134 = CARTESIAN_POINT('',(110.,150.,10.));
#135 = VECTOR('',#136,1.);
#136 = DIRECTION('',(-1.,0.,0.));
#137 = ORIENTED_EDGE('',*,*,#138,.T.);
#138 = EDGE_CURVE('',#131,#139,#141,.T.);
#139 = VERTEX_POINT('',#140);
#140 = CARTESIAN_POINT('',(105.,138.,10.));
#141 = LINE('',#142,#143);
#142 = CARTESIAN_POINT('',(105.,150.,10.));
#143 = VECTOR('',#144,1.);
#144 = DIRECTION('',(0.,-1.,0.));
#145 = ORIENTED_EDGE('',*,*,#146,.T.);
#146 = EDGE_CURVE('',#139,#147,#149,.T.);
#147 = VERTEX_POINT('',#148);
#148 = CARTESIAN_POINT('',(60.,138.,10.));
#149 = LINE('',#150,#151);
#150 = CARTESIAN_POINT('',(105.,138.,10.));
#151 = VECTOR('',#152,1.);
#152 = DIRECTION('',(-1.,0.,0.));
#153 = ORIENTED_EDGE('',*,*,#154,.T.);
#154 = EDGE_CURVE('',#147,#155,#157,.T.);
#155 = VERTEX_POINT('',#156);
#156 = CARTESIAN_POINT('',(60.,150.,10.));
#157 = LINE('',#158,#159);
#158 = CARTESIAN_POINT('',(60.,138.,10.));
#159 = VECTOR('',#160,1.);
#160 = DIRECTION('',(0.,1.,0.));
#161 = ORIENTED_EDGE('',*,*,#162,.T.);
#162 = EDGE_CURVE('',#155,#163,#165,.T.);
#163 = VERTEX_POINT('',#164);
#164 = CARTESIAN_POINT('',(50.,150.,10.));
#165 = LINE('',#166,#167);
#166 = CARTESIAN_POINT('',(110.,150.,10.));
#167 = VECTOR('',#168,1.);
#168 = DIRECTION('',(-1.,0.,0.));
#169 = ORIENTED_EDGE('',*,*,#170,.T.);
#170 = EDGE_CURVE('',#163,#171,#173,.T.);
#171 = VERTEX_POINT('',#172);
#172 = CARTESIAN_POINT('',(50.,138.,10.));
#173 = LINE('',#174,#175);
#174 = CARTESIAN_POINT('',(50.,150.,10.));
#175 = VECTOR('',#176,1.);
#176 = DIRECTION('',(0.,-1.,0.));
#177 = ORIENTED_EDGE('',*,*,#178,.T.);
#178 = EDGE_CURVE('',#171,#179,#181,.T.);
#179 = VERTEX_POINT('',#180);
#180 = CARTESIAN_POINT('',(5.,138.,10.));
#181 = LINE('',#182,#183);
#182 = CARTESIAN_POINT('',(50.,138.,10.));
#183 = VECTOR('',#184,1.);
#184 = DIRECTION('',(-1.,0.,0.));
#185 = ORIENTED_EDGE('',*,*,#186,.T.);
#186 = EDGE_CURVE('',#179,#33,#187,.T.);
#187 = LINE('',#188,#189);
#188 = CARTESIAN_POINT('',(5.,138.,10.));
#189 = VECTOR('',#190,1.);
#190 = DIRECTION('',(0.,1.,0.));
#191 = FACE_BOUND('',#192,.T.);
#192 = EDGE_LOOP('',(#193));
#193 = ORIENTED_EDGE('',*,*,#194,.F.);
#194 = EDGE_CURVE('',#195,#195,#197,.T.);
#195 = VERTEX_POINT('',#196);
#196 = CARTESIAN_POINT('',(13.375,25.,10.));
#197 = CIRCLE('',#198,3.375);
#198 = AXIS2_PLACEMENT_3D('',#199,#200,#201);
#199 = CARTESIAN_POINT('',(10.,25.,10.));
#200 = DIRECTION('',(0.,0.,1.));
#201 = DIRECTION('',(1.,0.,-0.));
#202 = FACE_BOUND('',#203,.T.);
#203 = EDGE_LOOP('',(#204));
#204 = ORIENTED_EDGE('',*,*,#205,.F.);
#205 = EDGE_CURVE('',#206,#206,#208,.T.);
#206 = VERTEX_POINT('',#207);
#207 = CARTESIAN_POINT('',(103.375,83.,10.));
#208 = CIRCLE('',#209,3.375);
#209 = AXIS2_PLACEMENT_3D('',#210,#211,#212);
#210 = CARTESIAN_POINT('',(100.,83.,10.));
#211 = DIRECTION('',(0.,0.,1.));
#212 = DIRECTION('',(1.,0.,-0.));
#213 = FACE_BOUND('',#214,.T.);
#214 = EDGE_LOOP('',(#215));
#215 = ORIENTED_EDGE('',*,*,#216,.F.);
#216 = EDGE_CURVE('',#217,#217,#219,.T.);
#217 = VERTEX_POINT('',#218);
#218 = CARTESIAN_POINT('',(103.375,25.,10.));
#219 = CIRCLE('',#220,3.375);
#220 = AXIS2_PLACEMENT_3D('',#221,#222,#223);
#221 = CARTESIAN_POINT('',(100.,25.,10.));
#222 = DIRECTION('',(0.,0.,1.));
#223 = DIRECTION('',(1.,0.,-0.));
#224 = PLANE('',#225);
#225 = AXIS2_PLACEMENT_3D('',#226,#227,#228);
#226 = CARTESIAN_POINT('',(55.,75.,10.));
#227 = DIRECTION('',(0.,0.,1.));
#228 = DIRECTION('',(1.,0.,0.));
#229 = ADVANCED_FACE('',(#230),#250,.T.);
#230 = FACE_BOUND('',#231,.T.);
#231 = EDGE_LOOP('',(#232,#241,#242,#243));
#232 = ORIENTED_EDGE('',*,*,#233,.F.);
#233 = EDGE_CURVE('',#22,#234,#236,.T.);
#234 = VERTEX_POINT('',#235);
#235 = CARTESIAN_POINT('',(12.375,83.,9.));
#236 = CIRCLE('',#237,1.);
#237 = AXIS2_PLACEMENT_3D('',#238,#239,#240);
#238 = CARTESIAN_POINT('',(13.375,83.,9.));
#239 = DIRECTION('',(0.,-1.,0.));
#240 = DIRECTION('',(1.,0.,0.));
#241 = ORIENTED_EDGE('',*,*,#21,.T.);
#242 = ORIENTED_EDGE('',*,*,#233,.T.);
#243 = ORIENTED_EDGE('',*,*,#244,.F.);
#244 = EDGE_CURVE('',#234,#234,#245,.T.);
#245 = CIRCLE('',#246,2.375);
#246 = AXIS2_PLACEMENT_3D('',#247,#248,#249);
#247 = CARTESIAN_POINT('',(10.,83.,9.));
#248 = DIRECTION('',(0.,0.,1.));
#249 = DIRECTION('',(1.,0.,-0.));
#250 = TOROIDAL_SURFACE('',#251,3.375,1.);
#251 = AXIS2_PLACEMENT_3D('',#252,#253,#254);
#252 = CARTESIAN_POINT('',(10.,83.,9.));
#253 = DIRECTION('',(0.,0.,1.));
#254 = DIRECTION('',(1.,0.,-0.));
#255 = ADVANCED_FACE('',(#256),#327,.F.);
#256 = FACE_BOUND('',#257,.F.);
#257 = EDGE_LOOP('',(#258,#268,#274,#275,#283,#291,#297,#298,#306,#314,
    #320,#321));
#258 = ORIENTED_EDGE('',*,*,#259,.F.);
#259 = EDGE_CURVE('',#260,#262,#264,.T.);
#260 = VERTEX_POINT('',#261);
#261 = CARTESIAN_POINT('',(110.,150.,0.));
#262 = VERTEX_POINT('',#263);
#263 = CARTESIAN_POINT('',(0.,150.,0.));
#264 = LINE('',#265,#266);
#265 = CARTESIAN_POINT('',(110.,150.,0.));
#266 = VECTOR('',#267,1.);
#267 = DIRECTION('',(-1.,0.,0.));
#268 = ORIENTED_EDGE('',*,*,#269,.T.);
#269 = EDGE_CURVE('',#260,#123,#270,.T.);
#270 = LINE('',#271,#272);
#271 = CARTESIAN_POINT('',(110.,150.,0.));
#272 = VECTOR('',#273,1.);
#273 = DIRECTION('',(0.,0.,1.));
#274 = ORIENTED_EDGE('',*,*,#130,.T.);
#275 = ORIENTED_EDGE('',*,*,#276,.T.);
#276 = EDGE_CURVE('',#131,#277,#279,.T.);
#277 = VERTEX_POINT('',#278);
#278 = CARTESIAN_POINT('',(105.,150.,8.1));
#279 = LINE('',#280,#281);
#280 = CARTESIAN_POINT('',(105.,150.,10.));
#281 = VECTOR('',#282,1.);
#282 = DIRECTION('',(-0.,-0.,-1.));
#283 = ORIENTED_EDGE('',*,*,#284,.F.);
#284 = EDGE_CURVE('',#285,#277,#287,.T.);
#285 = VERTEX_POINT('',#286);
#286 = CARTESIAN_POINT('',(60.,150.,8.1));
#287 = LINE('',#288,#289);
#288 = CARTESIAN_POINT('',(60.,150.,8.1));
#289 = VECTOR('',#290,1.);
#290 = DIRECTION('',(1.,0.,0.));
#291 = ORIENTED_EDGE('',*,*,#292,.F.);
#292 = EDGE_CURVE('',#155,#285,#293,.T.);
#293 = LINE('',#294,#295);
#294 = CARTESIAN_POINT('',(60.,150.,10.));
#295 = VECTOR('',#296,1.);
#296 = DIRECTION('',(-0.,-0.,-1.));
#297 = ORIENTED_EDGE('',*,*,#162,.T.);
#298 = ORIENTED_EDGE('',*,*,#299,.T.);
#299 = EDGE_CURVE('',#163,#300,#302,.T.);
#300 = VERTEX_POINT('',#301);
#301 = CARTESIAN_POINT('',(50.,150.,8.1));
#302 = LINE('',#303,#304);
#303 = CARTESIAN_POINT('',(50.,150.,10.));
#304 = VECTOR('',#305,1.);
#305 = DIRECTION('',(-0.,-0.,-1.));
#306 = ORIENTED_EDGE('',*,*,#307,.F.);
#307 = EDGE_CURVE('',#308,#300,#310,.T.);
#308 = VERTEX_POINT('',#309);
#309 = CARTESIAN_POINT('',(5.,150.,8.1));
#310 = LINE('',#311,#312);
#311 = CARTESIAN_POINT('',(5.,150.,8.1));
#312 = VECTOR('',#313,1.);
#313 = DIRECTION('',(1.,0.,0.));
#314 = ORIENTED_EDGE('',*,*,#315,.F.);
#315 = EDGE_CURVE('',#33,#308,#316,.T.);
#316 = LINE('',#317,#318);
#317 = CARTESIAN_POINT('',(5.,150.,10.));
#318 = VECTOR('',#319,1.);
#319 = DIRECTION('',(-0.,-0.,-1.));
#320 = ORIENTED_EDGE('',*,*,#32,.T.);
#321 = ORIENTED_EDGE('',*,*,#322,.F.);
#322 = EDGE_CURVE('',#262,#35,#323,.T.);
#323 = LINE('',#324,#325);
#324 = CARTESIAN_POINT('',(0.,150.,0.));
#325 = VECTOR('',#326,1.);
#326 = DIRECTION('',(0.,0.,1.));
#327 = PLANE('',#328);
#328 = AXIS2_PLACEMENT_3D('',#329,#330,#331);
#329 = CARTESIAN_POINT('',(110.,150.,0.));
#330 = DIRECTION('',(0.,-1.,0.));
#331 = DIRECTION('',(-1.,0.,0.));
#332 = ADVANCED_FACE('',(#333),#351,.T.);
#333 = FACE_BOUND('',#334,.T.);
#334 = EDGE_LOOP('',(#335,#343,#349,#350));
#335 = ORIENTED_EDGE('',*,*,#336,.T.);
#336 = EDGE_CURVE('',#179,#337,#339,.T.);
#337 = VERTEX_POINT('',#338);
#338 = CARTESIAN_POINT('',(5.,138.,8.1));
#339 = LINE('',#340,#341);
#340 = CARTESIAN_POINT('',(5.,138.,10.));
#341 = VECTOR('',#342,1.);
#342 = DIRECTION('',(-0.,-0.,-1.));
#343 = ORIENTED_EDGE('',*,*,#344,.T.);
#344 = EDGE_CURVE('',#337,#308,#345,.T.);
#345 = LINE('',#346,#347);
#346 = CARTESIAN_POINT('',(5.,138.,8.1));
#347 = VECTOR('',#348,1.);
#348 = DIRECTION('',(0.,1.,0.));
#349 = ORIENTED_EDGE('',*,*,#315,.F.);
#350 = ORIENTED_EDGE('',*,*,#186,.F.);
#351 = PLANE('',#352);
#352 = AXIS2_PLACEMENT_3D('',#353,#354,#355);
#353 = CARTESIAN_POINT('',(5.,138.,10.));
#354 = DIRECTION('',(1.,0.,0.));
#355 = DIRECTION('',(0.,1.,0.));
#356 = ADVANCED_FACE('',(#357),#375,.F.);
#357 = FACE_BOUND('',#358,.F.);
#358 = EDGE_LOOP('',(#359,#360,#361,#369));
#359 = ORIENTED_EDGE('',*,*,#322,.T.);
#360 = ORIENTED_EDGE('',*,*,#42,.T.);
#361 = ORIENTED_EDGE('',*,*,#362,.F.);
#362 = EDGE_CURVE('',#363,#43,#365,.T.);
#363 = VERTEX_POINT('',#364);
#364 = CARTESIAN_POINT('',(0.,0.,0.));
#365 = LINE('',#366,#367);
#366 = CARTESIAN_POINT('',(0.,0.,0.));
#367 = VECTOR('',#368,1.);
#368 = DIRECTION('',(0.,0.,1.));
#369 = ORIENTED_EDGE('',*,*,#370,.F.);
#370 = EDGE_CURVE('',#262,#363,#371,.T.);
#371 = LINE('',#372,#373);
#372 = CARTESIAN_POINT('',(0.,150.,0.));
#373 = VECTOR('',#374,1.);
#374 = DIRECTION('',(0.,-1.,0.));
#375 = PLANE('',#376);
#376 = AXIS2_PLACEMENT_3D('',#377,#378,#379);
#377 = CARTESIAN_POINT('',(0.,150.,0.));
#378 = DIRECTION('',(1.,0.,0.));
#379 = DIRECTION('',(0.,-1.,0.));
#380 = ADVANCED_FACE('',(#381),#399,.T.);
#381 = FACE_BOUND('',#382,.T.);
#382 = EDGE_LOOP('',(#383,#391,#397,#398));
#383 = ORIENTED_EDGE('',*,*,#384,.T.);
#384 = EDGE_CURVE('',#171,#385,#387,.T.);
#385 = VERTEX_POINT('',#386);
#386 = CARTESIAN_POINT('',(50.,138.,8.1));
#387 = LINE('',#388,#389);
#388 = CARTESIAN_POINT('',(50.,138.,10.));
#389 = VECTOR('',#390,1.);
#390 = DIRECTION('',(-0.,-0.,-1.));
#391 = ORIENTED_EDGE('',*,*,#392,.T.);
#392 = EDGE_CURVE('',#385,#337,#393,.T.);
#393 = LINE('',#394,#395);
#394 = CARTESIAN_POINT('',(50.,138.,8.1));
#395 = VECTOR('',#396,1.);
#396 = DIRECTION('',(-1.,0.,0.));
#397 = ORIENTED_EDGE('',*,*,#336,.F.);
#398 = ORIENTED_EDGE('',*,*,#178,.F.);
#399 = PLANE('',#400);
#400 = AXIS2_PLACEMENT_3D('',#401,#402,#403);
#401 = CARTESIAN_POINT('',(50.,138.,10.));
#402 = DIRECTION('',(0.,1.,0.));
#403 = DIRECTION('',(-1.,0.,0.));
#404 = ADVANCED_FACE('',(#405),#446,.F.);
#405 = FACE_BOUND('',#406,.F.);
#406 = EDGE_LOOP('',(#407,#415,#416,#417,#425,#433,#439,#440));
#407 = ORIENTED_EDGE('',*,*,#408,.F.);
#408 = EDGE_CURVE('',#363,#409,#411,.T.);
#409 = VERTEX_POINT('',#410);
#410 = CARTESIAN_POINT('',(110.,0.,0.));
#411 = LINE('',#412,#413);
#412 = CARTESIAN_POINT('',(0.,0.,0.));
#413 = VECTOR('',#414,1.);
#414 = DIRECTION('',(1.,0.,0.));
#415 = ORIENTED_EDGE('',*,*,#362,.T.);
#416 = ORIENTED_EDGE('',*,*,#50,.T.);
#417 = ORIENTED_EDGE('',*,*,#418,.T.);
#418 = EDGE_CURVE('',#51,#419,#421,.T.);
#419 = VERTEX_POINT('',#420);
#420 = CARTESIAN_POINT('',(38.45,0.,8.35));
#421 = LINE('',#422,#423);
#422 = CARTESIAN_POINT('',(38.45,0.,10.));
#423 = VECTOR('',#424,1.);
#424 = DIRECTION('',(-0.,-0.,-1.));
#425 = ORIENTED_EDGE('',*,*,#426,.T.);
#426 = EDGE_CURVE('',#419,#427,#429,.T.);
#427 = VERTEX_POINT('',#428);
#428 = CARTESIAN_POINT('',(71.55,0.,8.35));
#429 = LINE('',#430,#431);
#430 = CARTESIAN_POINT('',(38.45,0.,8.35));
#431 = VECTOR('',#432,1.);
#432 = DIRECTION('',(1.,0.,0.));
#433 = ORIENTED_EDGE('',*,*,#434,.F.);
#434 = EDGE_CURVE('',#107,#427,#435,.T.);
#435 = LINE('',#436,#437);
#436 = CARTESIAN_POINT('',(71.55,0.,10.));
#437 = VECTOR('',#438,1.);
#438 = DIRECTION('',(-0.,-0.,-1.));
#439 = ORIENTED_EDGE('',*,*,#114,.T.);
#440 = ORIENTED_EDGE('',*,*,#441,.F.);
#441 = EDGE_CURVE('',#409,#115,#442,.T.);
#442 = LINE('',#443,#444);
#443 = CARTESIAN_POINT('',(110.,0.,0.));
#444 = VECTOR('',#445,1.);
#445 = DIRECTION('',(0.,0.,1.));
#446 = PLANE('',#447);
#447 = AXIS2_PLACEMENT_3D('',#448,#449,#450);
#448 = CARTESIAN_POINT('',(0.,0.,0.));
#449 = DIRECTION('',(0.,1.,0.));
#450 = DIRECTION('',(1.,0.,0.));
#451 = ADVANCED_FACE('',(#452),#463,.T.);
#452 = FACE_BOUND('',#453,.T.);
#453 = EDGE_LOOP('',(#454,#455,#461,#462));
#454 = ORIENTED_EDGE('',*,*,#299,.T.);
#455 = ORIENTED_EDGE('',*,*,#456,.T.);
#456 = EDGE_CURVE('',#300,#385,#457,.T.);
#457 = LINE('',#458,#459);
#458 = CARTESIAN_POINT('',(50.,150.,8.1));
#459 = VECTOR('',#460,1.);
#460 = DIRECTION('',(0.,-1.,0.));
#461 = ORIENTED_EDGE('',*,*,#384,.F.);
#462 = ORIENTED_EDGE('',*,*,#170,.F.);
#463 = PLANE('',#464);
#464 = AXIS2_PLACEMENT_3D('',#465,#466,#467);
#465 = CARTESIAN_POINT('',(50.,150.,10.));
#466 = DIRECTION('',(-1.,0.,0.));
#467 = DIRECTION('',(0.,-1.,0.));
#468 = ADVANCED_FACE('',(#469),#487,.T.);
#469 = FACE_BOUND('',#470,.T.);
#470 = EDGE_LOOP('',(#471,#472,#480,#486));
#471 = ORIENTED_EDGE('',*,*,#418,.T.);
#472 = ORIENTED_EDGE('',*,*,#473,.T.);
#473 = EDGE_CURVE('',#419,#474,#476,.T.);
#474 = VERTEX_POINT('',#475);
#475 = CARTESIAN_POINT('',(38.45,20.,8.35));
#476 = LINE('',#477,#478);
#477 = CARTESIAN_POINT('',(38.45,0.,8.35));
#478 = VECTOR('',#479,1.);
#479 = DIRECTION('',(0.,1.,0.));
#480 = ORIENTED_EDGE('',*,*,#481,.F.);
#481 = EDGE_CURVE('',#59,#474,#482,.T.);
#482 = LINE('',#483,#484);
#483 = CARTESIAN_POINT('',(38.45,20.,10.));
#484 = VECTOR('',#485,1.);
#485 = DIRECTION('',(-0.,-0.,-1.));
#486 = ORIENTED_EDGE('',*,*,#58,.F.);
#487 = PLANE('',#488);
#488 = AXIS2_PLACEMENT_3D('',#489,#490,#491);
#489 = CARTESIAN_POINT('',(38.45,0.,10.));
#490 = DIRECTION('',(1.,0.,0.));
#491 = DIRECTION('',(0.,1.,0.));
#492 = ADVANCED_FACE('',(#493),#511,.T.);
#493 = FACE_BOUND('',#494,.T.);
#494 = EDGE_LOOP('',(#495,#496,#504,#510));
#495 = ORIENTED_EDGE('',*,*,#481,.T.);
#496 = ORIENTED_EDGE('',*,*,#497,.T.);
#497 = EDGE_CURVE('',#474,#498,#500,.T.);
#498 = VERTEX_POINT('',#499);
#499 = CARTESIAN_POINT('',(23.45,20.,8.35));
#500 = LINE('',#501,#502);
#501 = CARTESIAN_POINT('',(38.45,20.,8.35));
#502 = VECTOR('',#503,1.);
#503 = DIRECTION('',(-1.,0.,0.));
#504 = ORIENTED_EDGE('',*,*,#505,.F.);
#505 = EDGE_CURVE('',#67,#498,#506,.T.);
#506 = LINE('',#507,#508);
#507 = CARTESIAN_POINT('',(23.45,20.,10.));
#508 = VECTOR('',#509,1.);
#509 = DIRECTION('',(-0.,-0.,-1.));
#510 = ORIENTED_EDGE('',*,*,#66,.F.);
#511 = PLANE('',#512);
#512 = AXIS2_PLACEMENT_3D('',#513,#514,#515);
#513 = CARTESIAN_POINT('',(38.45,20.,10.));
#514 = DIRECTION('',(0.,1.,0.));
#515 = DIRECTION('',(-1.,0.,0.));
#516 = ADVANCED_FACE('',(#517),#535,.T.);
#517 = FACE_BOUND('',#518,.T.);
#518 = EDGE_LOOP('',(#519,#527,#533,#534));
#519 = ORIENTED_EDGE('',*,*,#520,.T.);
#520 = EDGE_CURVE('',#147,#521,#523,.T.);
#521 = VERTEX_POINT('',#522);
#522 = CARTESIAN_POINT('',(60.,138.,8.1));
#523 = LINE('',#524,#525);
#524 = CARTESIAN_POINT('',(60.,138.,10.));
#525 = VECTOR('',#526,1.);
#526 = DIRECTION('',(-0.,-0.,-1.));
#527 = ORIENTED_EDGE('',*,*,#528,.T.);
#528 = EDGE_CURVE('',#521,#285,#529,.T.);
#529 = LINE('',#530,#531);
#530 = CARTESIAN_POINT('',(60.,138.,8.1));
#531 = VECTOR('',#532,1.);
#532 = DIRECTION('',(0.,1.,0.));
#533 = ORIENTED_EDGE('',*,*,#292,.F.);
#534 = ORIENTED_EDGE('',*,*,#154,.F.);
#535 = PLANE('',#536);
#536 = AXIS2_PLACEMENT_3D('',#537,#538,#539);
#537 = CARTESIAN_POINT('',(60.,138.,10.));
#538 = DIRECTION('',(1.,0.,0.));
#539 = DIRECTION('',(0.,1.,0.));
#540 = ADVANCED_FACE('',(#541),#559,.T.);
#541 = FACE_BOUND('',#542,.T.);
#542 = EDGE_LOOP('',(#543,#544,#552,#558));
#543 = ORIENTED_EDGE('',*,*,#505,.T.);
#544 = ORIENTED_EDGE('',*,*,#545,.T.);
#545 = EDGE_CURVE('',#498,#546,#548,.T.);
#546 = VERTEX_POINT('',#547);
#547 = CARTESIAN_POINT('',(23.45,92.1,8.35));
#548 = LINE('',#549,#550);
#549 = CARTESIAN_POINT('',(23.45,20.,8.35));
#550 = VECTOR('',#551,1.);
#551 = DIRECTION('',(0.,1.,0.));
#552 = ORIENTED_EDGE('',*,*,#553,.F.);
#553 = EDGE_CURVE('',#75,#546,#554,.T.);
#554 = LINE('',#555,#556);
#555 = CARTESIAN_POINT('',(23.45,92.1,10.));
#556 = VECTOR('',#557,1.);
#557 = DIRECTION('',(-0.,-0.,-1.));
#558 = ORIENTED_EDGE('',*,*,#74,.F.);
#559 = PLANE('',#560);
#560 = AXIS2_PLACEMENT_3D('',#561,#562,#563);
#561 = CARTESIAN_POINT('',(23.45,20.,10.));
#562 = DIRECTION('',(1.,0.,0.));
#563 = DIRECTION('',(0.,1.,0.));
#564 = ADVANCED_FACE('',(#565),#583,.T.);
#565 = FACE_BOUND('',#566,.T.);
#566 = EDGE_LOOP('',(#567,#575,#581,#582));
#567 = ORIENTED_EDGE('',*,*,#568,.T.);
#568 = EDGE_CURVE('',#139,#569,#571,.T.);
#569 = VERTEX_POINT('',#570);
#570 = CARTESIAN_POINT('',(105.,138.,8.1));
#571 = LINE('',#572,#573);
#572 = CARTESIAN_POINT('',(105.,138.,10.));
#573 = VECTOR('',#574,1.);
#574 = DIRECTION('',(-0.,-0.,-1.));
#575 = ORIENTED_EDGE('',*,*,#576,.T.);
#576 = EDGE_CURVE('',#569,#521,#577,.T.);
#577 = LINE('',#578,#579);
#578 = CARTESIAN_POINT('',(105.,138.,8.1));
#579 = VECTOR('',#580,1.);
#580 = DIRECTION('',(-1.,0.,0.));
#581 = ORIENTED_EDGE('',*,*,#520,.F.);
#582 = ORIENTED_EDGE('',*,*,#146,.F.);
#583 = PLANE('',#584);
#584 = AXIS2_PLACEMENT_3D('',#585,#586,#587);
#585 = CARTESIAN_POINT('',(105.,138.,10.));
#586 = DIRECTION('',(0.,1.,0.));
#587 = DIRECTION('',(-1.,0.,0.));
#588 = ADVANCED_FACE('',(#589),#607,.T.);
#589 = FACE_BOUND('',#590,.T.);
#590 = EDGE_LOOP('',(#591,#592,#600,#606));
#591 = ORIENTED_EDGE('',*,*,#553,.T.);
#592 = ORIENTED_EDGE('',*,*,#593,.T.);
#593 = EDGE_CURVE('',#546,#594,#596,.T.);
#594 = VERTEX_POINT('',#595);
#595 = CARTESIAN_POINT('',(86.55,92.1,8.35));
#596 = LINE('',#597,#598);
#597 = CARTESIAN_POINT('',(23.45,92.1,8.35));
#598 = VECTOR('',#599,1.);
#599 = DIRECTION('',(1.,0.,0.));
#600 = ORIENTED_EDGE('',*,*,#601,.F.);
#601 = EDGE_CURVE('',#83,#594,#602,.T.);
#602 = LINE('',#603,#604);
#603 = CARTESIAN_POINT('',(86.55,92.1,10.));
#604 = VECTOR('',#605,1.);
#605 = DIRECTION('',(-0.,-0.,-1.));
#606 = ORIENTED_EDGE('',*,*,#82,.F.);
#607 = PLANE('',#608);
#608 = AXIS2_PLACEMENT_3D('',#609,#610,#611);
#609 = CARTESIAN_POINT('',(23.45,92.1,10.));
#610 = DIRECTION('',(0.,-1.,0.));
#611 = DIRECTION('',(1.,0.,0.));
#612 = ADVANCED_FACE('',(#613),#624,.T.);
#613 = FACE_BOUND('',#614,.T.);
#614 = EDGE_LOOP('',(#615,#616,#622,#623));
#615 = ORIENTED_EDGE('',*,*,#276,.T.);
#616 = ORIENTED_EDGE('',*,*,#617,.T.);
#617 = EDGE_CURVE('',#277,#569,#618,.T.);
#618 = LINE('',#619,#620);
#619 = CARTESIAN_POINT('',(105.,150.,8.1));
#620 = VECTOR('',#621,1.);
#621 = DIRECTION('',(0.,-1.,0.));
#622 = ORIENTED_EDGE('',*,*,#568,.F.);
#623 = ORIENTED_EDGE('',*,*,#138,.F.);
#624 = PLANE('',#625);
#625 = AXIS2_PLACEMENT_3D('',#626,#627,#628);
#626 = CARTESIAN_POINT('',(105.,150.,10.));
#627 = DIRECTION('',(-1.,0.,0.));
#628 = DIRECTION('',(0.,-1.,0.));
#629 = ADVANCED_FACE('',(#630),#648,.T.);
#630 = FACE_BOUND('',#631,.T.);
#631 = EDGE_LOOP('',(#632,#633,#641,#647));
#632 = ORIENTED_EDGE('',*,*,#601,.T.);
#633 = ORIENTED_EDGE('',*,*,#634,.T.);
#634 = EDGE_CURVE('',#594,#635,#637,.T.);
#635 = VERTEX_POINT('',#636);
#636 = CARTESIAN_POINT('',(86.55,20.,8.35));
#637 = LINE('',#638,#639);
#638 = CARTESIAN_POINT('',(86.55,92.1,8.35));
#639 = VECTOR('',#640,1.);
#640 = DIRECTION('',(0.,-1.,0.));
#641 = ORIENTED_EDGE('',*,*,#642,.F.);
#642 = EDGE_CURVE('',#91,#635,#643,.T.);
#643 = LINE('',#644,#645);
#644 = CARTESIAN_POINT('',(86.55,20.,10.));
#645 = VECTOR('',#646,1.);
#646 = DIRECTION('',(-0.,-0.,-1.));
#647 = ORIENTED_EDGE('',*,*,#90,.F.);
#648 = PLANE('',#649);
#649 = AXIS2_PLACEMENT_3D('',#650,#651,#652);
#650 = CARTESIAN_POINT('',(86.55,92.1,10.));
#651 = DIRECTION('',(-1.,0.,0.));
#652 = DIRECTION('',(0.,-1.,0.));
#653 = ADVANCED_FACE('',(#654),#672,.T.);
#654 = FACE_BOUND('',#655,.T.);
#655 = EDGE_LOOP('',(#656,#657,#665,#671));
#656 = ORIENTED_EDGE('',*,*,#642,.T.);
#657 = ORIENTED_EDGE('',*,*,#658,.T.);
#658 = EDGE_CURVE('',#635,#659,#661,.T.);
#659 = VERTEX_POINT('',#660);
#660 = CARTESIAN_POINT('',(71.55,20.,8.35));
#661 = LINE('',#662,#663);
#662 = CARTESIAN_POINT('',(86.55,20.,8.35));
#663 = VECTOR('',#664,1.);
#664 = DIRECTION('',(-1.,0.,0.));
#665 = ORIENTED_EDGE('',*,*,#666,.F.);
#666 = EDGE_CURVE('',#99,#659,#667,.T.);
#667 = LINE('',#668,#669);
#668 = CARTESIAN_POINT('',(71.55,20.,10.));
#669 = VECTOR('',#670,1.);
#670 = DIRECTION('',(-0.,-0.,-1.));
#671 = ORIENTED_EDGE('',*,*,#98,.F.);
#672 = PLANE('',#673);
#673 = AXIS2_PLACEMENT_3D('',#674,#675,#676);
#674 = CARTESIAN_POINT('',(86.55,20.,10.));
#675 = DIRECTION('',(0.,1.,0.));
#676 = DIRECTION('',(-1.,0.,0.));
#677 = ADVANCED_FACE('',(#678),#689,.F.);
#678 = FACE_BOUND('',#679,.F.);
#679 = EDGE_LOOP('',(#680,#681,#682,#683));
#680 = ORIENTED_EDGE('',*,*,#441,.T.);
#681 = ORIENTED_EDGE('',*,*,#122,.T.);
#682 = ORIENTED_EDGE('',*,*,#269,.F.);
#683 = ORIENTED_EDGE('',*,*,#684,.F.);
#684 = EDGE_CURVE('',#409,#260,#685,.T.);
#685 = LINE('',#686,#687);
#686 = CARTESIAN_POINT('',(110.,0.,0.));
#687 = VECTOR('',#688,1.);
#688 = DIRECTION('',(0.,1.,0.));
#689 = PLANE('',#690);
#690 = AXIS2_PLACEMENT_3D('',#691,#692,#693);
#691 = CARTESIAN_POINT('',(110.,0.,0.));
#692 = DIRECTION('',(-1.,0.,0.));
#693 = DIRECTION('',(0.,1.,0.));
#694 = ADVANCED_FACE('',(#695),#706,.T.);
#695 = FACE_BOUND('',#696,.T.);
#696 = EDGE_LOOP('',(#697,#698,#704,#705));
#697 = ORIENTED_EDGE('',*,*,#666,.T.);
#698 = ORIENTED_EDGE('',*,*,#699,.T.);
#699 = EDGE_CURVE('',#659,#427,#700,.T.);
#700 = LINE('',#701,#702);
#701 = CARTESIAN_POINT('',(71.55,20.,8.35));
#702 = VECTOR('',#703,1.);
#703 = DIRECTION('',(0.,-1.,0.));
#704 = ORIENTED_EDGE('',*,*,#434,.F.);
#705 = ORIENTED_EDGE('',*,*,#106,.F.);
#706 = PLANE('',#707);
#707 = AXIS2_PLACEMENT_3D('',#708,#709,#710);
#708 = CARTESIAN_POINT('',(71.55,20.,10.));
#709 = DIRECTION('',(-1.,0.,0.));
#710 = DIRECTION('',(0.,-1.,0.));
#711 = ADVANCED_FACE('',(#712),#732,.T.);
#712 = FACE_BOUND('',#713,.T.);
#713 = EDGE_LOOP('',(#714,#723,#724,#725));
#714 = ORIENTED_EDGE('',*,*,#715,.F.);
#715 = EDGE_CURVE('',#195,#716,#718,.T.);
#716 = VERTEX_POINT('',#717);
#717 = CARTESIAN_POINT('',(12.375,25.,9.));
#718 = CIRCLE('',#719,1.);
#719 = AXIS2_PLACEMENT_3D('',#720,#721,#722);
#720 = CARTESIAN_POINT('',(13.375,25.,9.));
#721 = DIRECTION('',(0.,-1.,0.));
#722 = DIRECTION('',(1.,0.,0.));
#723 = ORIENTED_EDGE('',*,*,#194,.T.);
#724 = ORIENTED_EDGE('',*,*,#715,.T.);
#725 = ORIENTED_EDGE('',*,*,#726,.F.);
#726 = EDGE_CURVE('',#716,#716,#727,.T.);
#727 = CIRCLE('',#728,2.375);
#728 = AXIS2_PLACEMENT_3D('',#729,#730,#731);
#729 = CARTESIAN_POINT('',(10.,25.,9.));
#730 = DIRECTION('',(0.,0.,1.));
#731 = DIRECTION('',(1.,0.,-0.));
#732 = TOROIDAL_SURFACE('',#733,3.375,1.);
#733 = AXIS2_PLACEMENT_3D('',#734,#735,#736);
#734 = CARTESIAN_POINT('',(10.,25.,9.));
#735 = DIRECTION('',(0.,0.,1.));
#736 = DIRECTION('',(1.,0.,-0.));
#737 = ADVANCED_FACE('',(#738),#758,.T.);
#738 = FACE_BOUND('',#739,.T.);
#739 = EDGE_LOOP('',(#740,#749,#750,#751));
#740 = ORIENTED_EDGE('',*,*,#741,.F.);
#741 = EDGE_CURVE('',#206,#742,#744,.T.);
#742 = VERTEX_POINT('',#743);
#743 = CARTESIAN_POINT('',(102.375,83.,9.));
#744 = CIRCLE('',#745,1.);
#745 = AXIS2_PLACEMENT_3D('',#746,#747,#748);
#746 = CARTESIAN_POINT('',(103.375,83.,9.));
#747 = DIRECTION('',(0.,-1.,0.));
#748 = DIRECTION('',(1.,0.,0.));
#749 = ORIENTED_EDGE('',*,*,#205,.T.);
#750 = ORIENTED_EDGE('',*,*,#741,.T.);
#751 = ORIENTED_EDGE('',*,*,#752,.F.);
#752 = EDGE_CURVE('',#742,#742,#753,.T.);
#753 = CIRCLE('',#754,2.375);
#754 = AXIS2_PLACEMENT_3D('',#755,#756,#757);
#755 = CARTESIAN_POINT('',(100.,83.,9.));
#756 = DIRECTION('',(0.,0.,1.));
#757 = DIRECTION('',(1.,0.,-0.));
#758 = TOROIDAL_SURFACE('',#759,3.375,1.);
#759 = AXIS2_PLACEMENT_3D('',#760,#761,#762);
#760 = CARTESIAN_POINT('',(100.,83.,9.));
#761 = DIRECTION('',(0.,0.,1.));
#762 = DIRECTION('',(1.,0.,-0.));
#763 = ADVANCED_FACE('',(#764),#784,.T.);
#764 = FACE_BOUND('',#765,.T.);
#765 = EDGE_LOOP('',(#766,#775,#776,#777));
#766 = ORIENTED_EDGE('',*,*,#767,.F.);
#767 = EDGE_CURVE('',#217,#768,#770,.T.);
#768 = VERTEX_POINT('',#769);
#769 = CARTESIAN_POINT('',(102.375,25.,9.));
#770 = CIRCLE('',#771,1.);
#771 = AXIS2_PLACEMENT_3D('',#772,#773,#774);
#772 = CARTESIAN_POINT('',(103.375,25.,9.));
#773 = DIRECTION('',(0.,-1.,0.));
#774 = DIRECTION('',(1.,0.,0.));
#775 = ORIENTED_EDGE('',*,*,#216,.T.);
#776 = ORIENTED_EDGE('',*,*,#767,.T.);
#777 = ORIENTED_EDGE('',*,*,#778,.F.);
#778 = EDGE_CURVE('',#768,#768,#779,.T.);
#779 = CIRCLE('',#780,2.375);
#780 = AXIS2_PLACEMENT_3D('',#781,#782,#783);
#781 = CARTESIAN_POINT('',(100.,25.,9.));
#782 = DIRECTION('',(0.,0.,1.));
#783 = DIRECTION('',(1.,0.,-0.));
#784 = TOROIDAL_SURFACE('',#785,3.375,1.);
#785 = AXIS2_PLACEMENT_3D('',#786,#787,#788);
#786 = CARTESIAN_POINT('',(100.,25.,9.));
#787 = DIRECTION('',(0.,0.,1.));
#788 = DIRECTION('',(1.,0.,-0.));
#789 = ADVANCED_FACE('',(#790),#809,.F.);
#790 = FACE_BOUND('',#791,.F.);
#791 = EDGE_LOOP('',(#792,#800,#807,#808));
#792 = ORIENTED_EDGE('',*,*,#793,.T.);
#793 = EDGE_CURVE('',#234,#794,#796,.T.);
#794 = VERTEX_POINT('',#795);
#795 = CARTESIAN_POINT('',(12.375,83.,7.));
#796 = LINE('',#797,#798);
#797 = CARTESIAN_POINT('',(12.375,83.,10.));
#798 = VECTOR('',#799,1.);
#799 = DIRECTION('',(-0.,-0.,-1.));
#800 = ORIENTED_EDGE('',*,*,#801,.T.);
#801 = EDGE_CURVE('',#794,#794,#802,.T.);
#802 = CIRCLE('',#803,2.375);
#803 = AXIS2_PLACEMENT_3D('',#804,#805,#806);
#804 = CARTESIAN_POINT('',(10.,83.,7.));
#805 = DIRECTION('',(0.,0.,1.));
#806 = DIRECTION('',(1.,0.,0.));
#807 = ORIENTED_EDGE('',*,*,#793,.F.);
#808 = ORIENTED_EDGE('',*,*,#244,.F.);
#809 = CYLINDRICAL_SURFACE('',#810,2.375);
#810 = AXIS2_PLACEMENT_3D('',#811,#812,#813);
#811 = CARTESIAN_POINT('',(10.,83.,10.));
#812 = DIRECTION('',(0.,0.,1.));
#813 = DIRECTION('',(1.,0.,0.));
#814 = ADVANCED_FACE('',(#815,#821,#832,#843,#854,#865,#876,#926,#976,
    #1026,#1076,#1087,#1137),#1187,.F.);
#815 = FACE_BOUND('',#816,.F.);
#816 = EDGE_LOOP('',(#817,#818,#819,#820));
#817 = ORIENTED_EDGE('',*,*,#408,.T.);
#818 = ORIENTED_EDGE('',*,*,#684,.T.);
#819 = ORIENTED_EDGE('',*,*,#259,.T.);
#820 = ORIENTED_EDGE('',*,*,#370,.T.);
#821 = FACE_BOUND('',#822,.F.);
#822 = EDGE_LOOP('',(#823));
#823 = ORIENTED_EDGE('',*,*,#824,.T.);
#824 = EDGE_CURVE('',#825,#825,#827,.T.);
#825 = VERTEX_POINT('',#826);
#826 = CARTESIAN_POINT('',(40.,20.,0.));
#827 = CIRCLE('',#828,15.);
#828 = AXIS2_PLACEMENT_3D('',#829,#830,#831);
#829 = CARTESIAN_POINT('',(25.,20.,0.));
#830 = DIRECTION('',(0.,0.,-1.));
#831 = DIRECTION('',(1.,0.,0.));
#832 = FACE_BOUND('',#833,.F.);
#833 = EDGE_LOOP('',(#834));
#834 = ORIENTED_EDGE('',*,*,#835,.T.);
#835 = EDGE_CURVE('',#836,#836,#838,.T.);
#836 = VERTEX_POINT('',#837);
#837 = CARTESIAN_POINT('',(40.,70.,0.));
#838 = CIRCLE('',#839,15.);
#839 = AXIS2_PLACEMENT_3D('',#840,#841,#842);
#840 = CARTESIAN_POINT('',(25.,70.,0.));
#841 = DIRECTION('',(0.,0.,-1.));
#842 = DIRECTION('',(1.,0.,0.));
#843 = FACE_BOUND('',#844,.F.);
#844 = EDGE_LOOP('',(#845));
#845 = ORIENTED_EDGE('',*,*,#846,.T.);
#846 = EDGE_CURVE('',#847,#847,#849,.T.);
#847 = VERTEX_POINT('',#848);
#848 = CARTESIAN_POINT('',(100.,20.,0.));
#849 = CIRCLE('',#850,15.);
#850 = AXIS2_PLACEMENT_3D('',#851,#852,#853);
#851 = CARTESIAN_POINT('',(85.,20.,0.));
#852 = DIRECTION('',(0.,0.,-1.));
#853 = DIRECTION('',(1.,0.,0.));
#854 = FACE_BOUND('',#855,.F.);
#855 = EDGE_LOOP('',(#856));
#856 = ORIENTED_EDGE('',*,*,#857,.T.);
#857 = EDGE_CURVE('',#858,#858,#860,.T.);
#858 = VERTEX_POINT('',#859);
#859 = CARTESIAN_POINT('',(100.,70.,0.));
#860 = CIRCLE('',#861,15.);
#861 = AXIS2_PLACEMENT_3D('',#862,#863,#864);
#862 = CARTESIAN_POINT('',(85.,70.,0.));
#863 = DIRECTION('',(0.,0.,-1.));
#864 = DIRECTION('',(1.,0.,0.));
#865 = FACE_BOUND('',#866,.F.);
#866 = EDGE_LOOP('',(#867));
#867 = ORIENTED_EDGE('',*,*,#868,.T.);
#868 = EDGE_CURVE('',#869,#869,#871,.T.);
#869 = VERTEX_POINT('',#870);
#870 = CARTESIAN_POINT('',(40.,120.,0.));
#871 = CIRCLE('',#872,15.);
#872 = AXIS2_PLACEMENT_3D('',#873,#874,#875);
#873 = CARTESIAN_POINT('',(25.,120.,0.));
#874 = DIRECTION('',(0.,0.,-1.));
#875 = DIRECTION('',(1.,0.,0.));
#876 = FACE_BOUND('',#877,.F.);
#877 = EDGE_LOOP('',(#878,#888,#896,#904,#912,#920));
#878 = ORIENTED_EDGE('',*,*,#879,.T.);
#879 = EDGE_CURVE('',#880,#882,#884,.T.);
#880 = VERTEX_POINT('',#881);
#881 = CARTESIAN_POINT('',(13.125,147.81458256229,0.));
#882 = VERTEX_POINT('',#883);
#883 = CARTESIAN_POINT('',(14.75,145.,0.));
#884 = LINE('',#885,#886);
#885 = CARTESIAN_POINT('',(13.125,147.81458256229,0.));
#886 = VECTOR('',#887,1.);
#887 = DIRECTION('',(0.5,-0.866025403784,0.));
#888 = ORIENTED_EDGE('',*,*,#889,.T.);
#889 = EDGE_CURVE('',#882,#890,#892,.T.);
#890 = VERTEX_POINT('',#891);
#891 = CARTESIAN_POINT('',(13.125,142.1854174377,0.));
#892 = LINE('',#893,#894);
#893 = CARTESIAN_POINT('',(14.75,145.,0.));
#894 = VECTOR('',#895,1.);
#895 = DIRECTION('',(-0.5,-0.866025403784,0.));
#896 = ORIENTED_EDGE('',*,*,#897,.T.);
#897 = EDGE_CURVE('',#890,#898,#900,.T.);
#898 = VERTEX_POINT('',#899);
#899 = CARTESIAN_POINT('',(9.875,142.1854174377,0.));
#900 = LINE('',#901,#902);
#901 = CARTESIAN_POINT('',(13.125,142.1854174377,0.));
#902 = VECTOR('',#903,1.);
#903 = DIRECTION('',(-1.,0.,0.));
#904 = ORIENTED_EDGE('',*,*,#905,.T.);
#905 = EDGE_CURVE('',#898,#906,#908,.T.);
#906 = VERTEX_POINT('',#907);
#907 = CARTESIAN_POINT('',(8.25,145.,0.));
#908 = LINE('',#909,#910);
#909 = CARTESIAN_POINT('',(9.875,142.1854174377,0.));
#910 = VECTOR('',#911,1.);
#911 = DIRECTION('',(-0.5,0.866025403784,-0.));
#912 = ORIENTED_EDGE('',*,*,#913,.T.);
#913 = EDGE_CURVE('',#906,#914,#916,.T.);
#914 = VERTEX_POINT('',#915);
#915 = CARTESIAN_POINT('',(9.875,147.81458256229,0.));
#916 = LINE('',#917,#918);
#917 = CARTESIAN_POINT('',(8.25,145.,0.));
#918 = VECTOR('',#919,1.);
#919 = DIRECTION('',(0.5,0.866025403784,0.));
#920 = ORIENTED_EDGE('',*,*,#921,.T.);
#921 = EDGE_CURVE('',#914,#880,#922,.T.);
#922 = LINE('',#923,#924);
#923 = CARTESIAN_POINT('',(9.875,147.81458256229,0.));
#924 = VECTOR('',#925,1.);
#925 = DIRECTION('',(1.,0.,0.));
#926 = FACE_BOUND('',#927,.F.);
#927 = EDGE_LOOP('',(#928,#938,#946,#954,#962,#970));
#928 = ORIENTED_EDGE('',*,*,#929,.T.);
#929 = EDGE_CURVE('',#930,#932,#934,.T.);
#930 = VERTEX_POINT('',#931);
#931 = CARTESIAN_POINT('',(29.125,146.81458256229,0.));
#932 = VERTEX_POINT('',#933);
#933 = CARTESIAN_POINT('',(30.75,144.,0.));
#934 = LINE('',#935,#936);
#935 = CARTESIAN_POINT('',(29.125,146.81458256229,0.));
#936 = VECTOR('',#937,1.);
#937 = DIRECTION('',(0.5,-0.866025403784,0.));
#938 = ORIENTED_EDGE('',*,*,#939,.T.);
#939 = EDGE_CURVE('',#932,#940,#942,.T.);
#940 = VERTEX_POINT('',#941);
#941 = CARTESIAN_POINT('',(29.125,141.1854174377,0.));
#942 = LINE('',#943,#944);
#943 = CARTESIAN_POINT('',(30.75,144.,0.));
#944 = VECTOR('',#945,1.);
#945 = DIRECTION('',(-0.5,-0.866025403784,0.));
#946 = ORIENTED_EDGE('',*,*,#947,.T.);
#947 = EDGE_CURVE('',#940,#948,#950,.T.);
#948 = VERTEX_POINT('',#949);
#949 = CARTESIAN_POINT('',(25.875,141.1854174377,0.));
#950 = LINE('',#951,#952);
#951 = CARTESIAN_POINT('',(29.125,141.1854174377,0.));
#952 = VECTOR('',#953,1.);
#953 = DIRECTION('',(-1.,0.,0.));
#954 = ORIENTED_EDGE('',*,*,#955,.T.);
#955 = EDGE_CURVE('',#948,#956,#958,.T.);
#956 = VERTEX_POINT('',#957);
#957 = CARTESIAN_POINT('',(24.25,144.,0.));
#958 = LINE('',#959,#960);
#959 = CARTESIAN_POINT('',(25.875,141.1854174377,0.));
#960 = VECTOR('',#961,1.);
#961 = DIRECTION('',(-0.5,0.866025403784,-0.));
#962 = ORIENTED_EDGE('',*,*,#963,.T.);
#963 = EDGE_CURVE('',#956,#964,#966,.T.);
#964 = VERTEX_POINT('',#965);
#965 = CARTESIAN_POINT('',(25.875,146.81458256229,0.));
#966 = LINE('',#967,#968);
#967 = CARTESIAN_POINT('',(24.25,144.,0.));
#968 = VECTOR('',#969,1.);
#969 = DIRECTION('',(0.5,0.866025403784,0.));
#970 = ORIENTED_EDGE('',*,*,#971,.T.);
#971 = EDGE_CURVE('',#964,#930,#972,.T.);
#972 = LINE('',#973,#974);
#973 = CARTESIAN_POINT('',(25.875,146.81458256229,0.));
#974 = VECTOR('',#975,1.);
#975 = DIRECTION('',(1.,0.,0.));
#976 = FACE_BOUND('',#977,.F.);
#977 = EDGE_LOOP('',(#978,#988,#996,#1004,#1012,#1020));
#978 = ORIENTED_EDGE('',*,*,#979,.T.);
#979 = EDGE_CURVE('',#980,#982,#984,.T.);
#980 = VERTEX_POINT('',#981);
#981 = CARTESIAN_POINT('',(45.125,147.81458256229,0.));
#982 = VERTEX_POINT('',#983);
#983 = CARTESIAN_POINT('',(46.75,145.,0.));
#984 = LINE('',#985,#986);
#985 = CARTESIAN_POINT('',(45.125,147.81458256229,0.));
#986 = VECTOR('',#987,1.);
#987 = DIRECTION('',(0.5,-0.866025403784,0.));
#988 = ORIENTED_EDGE('',*,*,#989,.T.);
#989 = EDGE_CURVE('',#982,#990,#992,.T.);
#990 = VERTEX_POINT('',#991);
#991 = CARTESIAN_POINT('',(45.125,142.1854174377,0.));
#992 = LINE('',#993,#994);
#993 = CARTESIAN_POINT('',(46.75,145.,0.));
#994 = VECTOR('',#995,1.);
#995 = DIRECTION('',(-0.5,-0.866025403784,0.));
#996 = ORIENTED_EDGE('',*,*,#997,.T.);
#997 = EDGE_CURVE('',#990,#998,#1000,.T.);
#998 = VERTEX_POINT('',#999);
#999 = CARTESIAN_POINT('',(41.875,142.1854174377,0.));
#1000 = LINE('',#1001,#1002);
#1001 = CARTESIAN_POINT('',(45.125,142.1854174377,0.));
#1002 = VECTOR('',#1003,1.);
#1003 = DIRECTION('',(-1.,0.,0.));
#1004 = ORIENTED_EDGE('',*,*,#1005,.T.);
#1005 = EDGE_CURVE('',#998,#1006,#1008,.T.);
#1006 = VERTEX_POINT('',#1007);
#1007 = CARTESIAN_POINT('',(40.25,145.,0.));
#1008 = LINE('',#1009,#1010);
#1009 = CARTESIAN_POINT('',(41.875,142.1854174377,0.));
#1010 = VECTOR('',#1011,1.);
#1011 = DIRECTION('',(-0.5,0.866025403784,-0.));
#1012 = ORIENTED_EDGE('',*,*,#1013,.T.);
#1013 = EDGE_CURVE('',#1006,#1014,#1016,.T.);
#1014 = VERTEX_POINT('',#1015);
#1015 = CARTESIAN_POINT('',(41.875,147.81458256229,0.));
#1016 = LINE('',#1017,#1018);
#1017 = CARTESIAN_POINT('',(40.25,145.,0.));
#1018 = VECTOR('',#1019,1.);
#1019 = DIRECTION('',(0.5,0.866025403784,0.));
#1020 = ORIENTED_EDGE('',*,*,#1021,.T.);
#1021 = EDGE_CURVE('',#1014,#980,#1022,.T.);
#1022 = LINE('',#1023,#1024);
#1023 = CARTESIAN_POINT('',(41.875,147.81458256229,0.));
#1024 = VECTOR('',#1025,1.);
#1025 = DIRECTION('',(1.,0.,0.));
#1026 = FACE_BOUND('',#1027,.F.);
#1027 = EDGE_LOOP('',(#1028,#1038,#1046,#1054,#1062,#1070));
#1028 = ORIENTED_EDGE('',*,*,#1029,.T.);
#1029 = EDGE_CURVE('',#1030,#1032,#1034,.T.);
#1030 = VERTEX_POINT('',#1031);
#1031 = CARTESIAN_POINT('',(68.125,147.81458256229,0.));
#1032 = VERTEX_POINT('',#1033);
#1033 = CARTESIAN_POINT('',(69.75,145.,0.));
#1034 = LINE('',#1035,#1036);
#1035 = CARTESIAN_POINT('',(68.125,147.81458256229,0.));
#1036 = VECTOR('',#1037,1.);
#1037 = DIRECTION('',(0.5,-0.866025403784,0.));
#1038 = ORIENTED_EDGE('',*,*,#1039,.T.);
#1039 = EDGE_CURVE('',#1032,#1040,#1042,.T.);
#1040 = VERTEX_POINT('',#1041);
#1041 = CARTESIAN_POINT('',(68.125,142.1854174377,0.));
#1042 = LINE('',#1043,#1044);
#1043 = CARTESIAN_POINT('',(69.75,145.,0.));
#1044 = VECTOR('',#1045,1.);
#1045 = DIRECTION('',(-0.5,-0.866025403784,0.));
#1046 = ORIENTED_EDGE('',*,*,#1047,.T.);
#1047 = EDGE_CURVE('',#1040,#1048,#1050,.T.);
#1048 = VERTEX_POINT('',#1049);
#1049 = CARTESIAN_POINT('',(64.875,142.1854174377,0.));
#1050 = LINE('',#1051,#1052);
#1051 = CARTESIAN_POINT('',(68.125,142.1854174377,0.));
#1052 = VECTOR('',#1053,1.);
#1053 = DIRECTION('',(-1.,0.,0.));
#1054 = ORIENTED_EDGE('',*,*,#1055,.T.);
#1055 = EDGE_CURVE('',#1048,#1056,#1058,.T.);
#1056 = VERTEX_POINT('',#1057);
#1057 = CARTESIAN_POINT('',(63.25,145.,0.));
#1058 = LINE('',#1059,#1060);
#1059 = CARTESIAN_POINT('',(64.875,142.1854174377,0.));
#1060 = VECTOR('',#1061,1.);
#1061 = DIRECTION('',(-0.5,0.866025403784,-0.));
#1062 = ORIENTED_EDGE('',*,*,#1063,.T.);
#1063 = EDGE_CURVE('',#1056,#1064,#1066,.T.);
#1064 = VERTEX_POINT('',#1065);
#1065 = CARTESIAN_POINT('',(64.875,147.81458256229,0.));
#1066 = LINE('',#1067,#1068);
#1067 = CARTESIAN_POINT('',(63.25,145.,0.));
#1068 = VECTOR('',#1069,1.);
#1069 = DIRECTION('',(0.5,0.866025403784,0.));
#1070 = ORIENTED_EDGE('',*,*,#1071,.T.);
#1071 = EDGE_CURVE('',#1064,#1030,#1072,.T.);
#1072 = LINE('',#1073,#1074);
#1073 = CARTESIAN_POINT('',(64.875,147.81458256229,0.));
#1074 = VECTOR('',#1075,1.);
#1075 = DIRECTION('',(1.,0.,0.));
#1076 = FACE_BOUND('',#1077,.F.);
#1077 = EDGE_LOOP('',(#1078));
#1078 = ORIENTED_EDGE('',*,*,#1079,.T.);
#1079 = EDGE_CURVE('',#1080,#1080,#1082,.T.);
#1080 = VERTEX_POINT('',#1081);
#1081 = CARTESIAN_POINT('',(100.,120.,0.));
#1082 = CIRCLE('',#1083,15.);
#1083 = AXIS2_PLACEMENT_3D('',#1084,#1085,#1086);
#1084 = CARTESIAN_POINT('',(85.,120.,0.));
#1085 = DIRECTION('',(0.,0.,-1.));
#1086 = DIRECTION('',(1.,0.,0.));
#1087 = FACE_BOUND('',#1088,.F.);
#1088 = EDGE_LOOP('',(#1089,#1099,#1107,#1115,#1123,#1131));
#1089 = ORIENTED_EDGE('',*,*,#1090,.T.);
#1090 = EDGE_CURVE('',#1091,#1093,#1095,.T.);
#1091 = VERTEX_POINT('',#1092);
#1092 = CARTESIAN_POINT('',(84.125,146.81458256229,0.));
#1093 = VERTEX_POINT('',#1094);
#1094 = CARTESIAN_POINT('',(85.75,144.,0.));
#1095 = LINE('',#1096,#1097);
#1096 = CARTESIAN_POINT('',(84.125,146.81458256229,0.));
#1097 = VECTOR('',#1098,1.);
#1098 = DIRECTION('',(0.5,-0.866025403784,0.));
#1099 = ORIENTED_EDGE('',*,*,#1100,.T.);
#1100 = EDGE_CURVE('',#1093,#1101,#1103,.T.);
#1101 = VERTEX_POINT('',#1102);
#1102 = CARTESIAN_POINT('',(84.125,141.1854174377,0.));
#1103 = LINE('',#1104,#1105);
#1104 = CARTESIAN_POINT('',(85.75,144.,0.));
#1105 = VECTOR('',#1106,1.);
#1106 = DIRECTION('',(-0.5,-0.866025403784,0.));
#1107 = ORIENTED_EDGE('',*,*,#1108,.T.);
#1108 = EDGE_CURVE('',#1101,#1109,#1111,.T.);
#1109 = VERTEX_POINT('',#1110);
#1110 = CARTESIAN_POINT('',(80.875,141.1854174377,0.));
#1111 = LINE('',#1112,#1113);
#1112 = CARTESIAN_POINT('',(84.125,141.1854174377,0.));
#1113 = VECTOR('',#1114,1.);
#1114 = DIRECTION('',(-1.,0.,0.));
#1115 = ORIENTED_EDGE('',*,*,#1116,.T.);
#1116 = EDGE_CURVE('',#1109,#1117,#1119,.T.);
#1117 = VERTEX_POINT('',#1118);
#1118 = CARTESIAN_POINT('',(79.25,144.,0.));
#1119 = LINE('',#1120,#1121);
#1120 = CARTESIAN_POINT('',(80.875,141.1854174377,0.));
#1121 = VECTOR('',#1122,1.);
#1122 = DIRECTION('',(-0.5,0.866025403784,-0.));
#1123 = ORIENTED_EDGE('',*,*,#1124,.T.);
#1124 = EDGE_CURVE('',#1117,#1125,#1127,.T.);
#1125 = VERTEX_POINT('',#1126);
#1126 = CARTESIAN_POINT('',(80.875,146.81458256229,0.));
#1127 = LINE('',#1128,#1129);
#1128 = CARTESIAN_POINT('',(79.25,144.,0.));
#1129 = VECTOR('',#1130,1.);
#1130 = DIRECTION('',(0.5,0.866025403784,0.));
#1131 = ORIENTED_EDGE('',*,*,#1132,.T.);
#1132 = EDGE_CURVE('',#1125,#1091,#1133,.T.);
#1133 = LINE('',#1134,#1135);
#1134 = CARTESIAN_POINT('',(80.875,146.81458256229,0.));
#1135 = VECTOR('',#1136,1.);
#1136 = DIRECTION('',(1.,0.,0.));
#1137 = FACE_BOUND('',#1138,.F.);
#1138 = EDGE_LOOP('',(#1139,#1149,#1157,#1165,#1173,#1181));
#1139 = ORIENTED_EDGE('',*,*,#1140,.T.);
#1140 = EDGE_CURVE('',#1141,#1143,#1145,.T.);
#1141 = VERTEX_POINT('',#1142);
#1142 = CARTESIAN_POINT('',(100.125,147.81458256229,0.));
#1143 = VERTEX_POINT('',#1144);
#1144 = CARTESIAN_POINT('',(101.75,145.,0.));
#1145 = LINE('',#1146,#1147);
#1146 = CARTESIAN_POINT('',(100.125,147.81458256229,0.));
#1147 = VECTOR('',#1148,1.);
#1148 = DIRECTION('',(0.5,-0.866025403784,0.));
#1149 = ORIENTED_EDGE('',*,*,#1150,.T.);
#1150 = EDGE_CURVE('',#1143,#1151,#1153,.T.);
#1151 = VERTEX_POINT('',#1152);
#1152 = CARTESIAN_POINT('',(100.125,142.1854174377,0.));
#1153 = LINE('',#1154,#1155);
#1154 = CARTESIAN_POINT('',(101.75,145.,0.));
#1155 = VECTOR('',#1156,1.);
#1156 = DIRECTION('',(-0.5,-0.866025403784,0.));
#1157 = ORIENTED_EDGE('',*,*,#1158,.T.);
#1158 = EDGE_CURVE('',#1151,#1159,#1161,.T.);
#1159 = VERTEX_POINT('',#1160);
#1160 = CARTESIAN_POINT('',(96.875,142.1854174377,0.));
#1161 = LINE('',#1162,#1163);
#1162 = CARTESIAN_POINT('',(100.125,142.1854174377,0.));
#1163 = VECTOR('',#1164,1.);
#1164 = DIRECTION('',(-1.,0.,0.));
#1165 = ORIENTED_EDGE('',*,*,#1166,.T.);
#1166 = EDGE_CURVE('',#1159,#1167,#1169,.T.);
#1167 = VERTEX_POINT('',#1168);
#1168 = CARTESIAN_POINT('',(95.25,145.,0.));
#1169 = LINE('',#1170,#1171);
#1170 = CARTESIAN_POINT('',(96.875,142.1854174377,0.));
#1171 = VECTOR('',#1172,1.);
#1172 = DIRECTION('',(-0.5,0.866025403784,-0.));
#1173 = ORIENTED_EDGE('',*,*,#1174,.T.);
#1174 = EDGE_CURVE('',#1167,#1175,#1177,.T.);
#1175 = VERTEX_POINT('',#1176);
#1176 = CARTESIAN_POINT('',(96.875,147.81458256229,0.));
#1177 = LINE('',#1178,#1179);
#1178 = CARTESIAN_POINT('',(95.25,145.,0.));
#1179 = VECTOR('',#1180,1.);
#1180 = DIRECTION('',(0.5,0.866025403784,0.));
#1181 = ORIENTED_EDGE('',*,*,#1182,.T.);
#1182 = EDGE_CURVE('',#1175,#1141,#1183,.T.);
#1183 = LINE('',#1184,#1185);
#1184 = CARTESIAN_POINT('',(96.875,147.81458256229,0.));
#1185 = VECTOR('',#1186,1.);
#1186 = DIRECTION('',(1.,0.,0.));
#1187 = PLANE('',#1188);
#1188 = AXIS2_PLACEMENT_3D('',#1189,#1190,#1191);
#1189 = CARTESIAN_POINT('',(55.,75.,0.));
#1190 = DIRECTION('',(0.,0.,1.));
#1191 = DIRECTION('',(1.,0.,0.));
#1192 = ADVANCED_FACE('',(#1193,#1199,#1210,#1221),#1232,.T.);
#1193 = FACE_BOUND('',#1194,.T.);
#1194 = EDGE_LOOP('',(#1195,#1196,#1197,#1198));
#1195 = ORIENTED_EDGE('',*,*,#307,.F.);
#1196 = ORIENTED_EDGE('',*,*,#344,.F.);
#1197 = ORIENTED_EDGE('',*,*,#392,.F.);
#1198 = ORIENTED_EDGE('',*,*,#456,.F.);
#1199 = FACE_BOUND('',#1200,.T.);
#1200 = EDGE_LOOP('',(#1201));
#1201 = ORIENTED_EDGE('',*,*,#1202,.F.);
#1202 = EDGE_CURVE('',#1203,#1203,#1205,.T.);
#1203 = VERTEX_POINT('',#1204);
#1204 = CARTESIAN_POINT('',(29.1,144.,8.1));
#1205 = CIRCLE('',#1206,1.6);
#1206 = AXIS2_PLACEMENT_3D('',#1207,#1208,#1209);
#1207 = CARTESIAN_POINT('',(27.5,144.,8.1));
#1208 = DIRECTION('',(0.,0.,1.));
#1209 = DIRECTION('',(1.,0.,0.));
#1210 = FACE_BOUND('',#1211,.T.);
#1211 = EDGE_LOOP('',(#1212));
#1212 = ORIENTED_EDGE('',*,*,#1213,.F.);
#1213 = EDGE_CURVE('',#1214,#1214,#1216,.T.);
#1214 = VERTEX_POINT('',#1215);
#1215 = CARTESIAN_POINT('',(13.1,145.,8.1));
#1216 = CIRCLE('',#1217,1.6);
#1217 = AXIS2_PLACEMENT_3D('',#1218,#1219,#1220);
#1218 = CARTESIAN_POINT('',(11.5,145.,8.1));
#1219 = DIRECTION('',(0.,0.,1.));
#1220 = DIRECTION('',(1.,0.,0.));
#1221 = FACE_BOUND('',#1222,.T.);
#1222 = EDGE_LOOP('',(#1223));
#1223 = ORIENTED_EDGE('',*,*,#1224,.F.);
#1224 = EDGE_CURVE('',#1225,#1225,#1227,.T.);
#1225 = VERTEX_POINT('',#1226);
#1226 = CARTESIAN_POINT('',(45.1,145.,8.1));
#1227 = CIRCLE('',#1228,1.6);
#1228 = AXIS2_PLACEMENT_3D('',#1229,#1230,#1231);
#1229 = CARTESIAN_POINT('',(43.5,145.,8.1));
#1230 = DIRECTION('',(0.,0.,1.));
#1231 = DIRECTION('',(1.,0.,0.));
#1232 = PLANE('',#1233);
#1233 = AXIS2_PLACEMENT_3D('',#1234,#1235,#1236);
#1234 = CARTESIAN_POINT('',(55.,144.,8.1));
#1235 = DIRECTION('',(0.,0.,1.));
#1236 = DIRECTION('',(1.,0.,0.));
#1237 = ADVANCED_FACE('',(#1238,#1244,#1255,#1266),#1277,.T.);
#1238 = FACE_BOUND('',#1239,.T.);
#1239 = EDGE_LOOP('',(#1240,#1241,#1242,#1243));
#1240 = ORIENTED_EDGE('',*,*,#284,.F.);
#1241 = ORIENTED_EDGE('',*,*,#528,.F.);
#1242 = ORIENTED_EDGE('',*,*,#576,.F.);
#1243 = ORIENTED_EDGE('',*,*,#617,.F.);
#1244 = FACE_BOUND('',#1245,.T.);
#1245 = EDGE_LOOP('',(#1246));
#1246 = ORIENTED_EDGE('',*,*,#1247,.F.);
#1247 = EDGE_CURVE('',#1248,#1248,#1250,.T.);
#1248 = VERTEX_POINT('',#1249);
#1249 = CARTESIAN_POINT('',(84.1,144.,8.1));
#1250 = CIRCLE('',#1251,1.6);
#1251 = AXIS2_PLACEMENT_3D('',#1252,#1253,#1254);
#1252 = CARTESIAN_POINT('',(82.5,144.,8.1));
#1253 = DIRECTION('',(0.,0.,1.));
#1254 = DIRECTION('',(1.,0.,0.));
#1255 = FACE_BOUND('',#1256,.T.);
#1256 = EDGE_LOOP('',(#1257));
#1257 = ORIENTED_EDGE('',*,*,#1258,.F.);
#1258 = EDGE_CURVE('',#1259,#1259,#1261,.T.);
#1259 = VERTEX_POINT('',#1260);
#1260 = CARTESIAN_POINT('',(68.1,145.,8.1));
#1261 = CIRCLE('',#1262,1.6);
#1262 = AXIS2_PLACEMENT_3D('',#1263,#1264,#1265);
#1263 = CARTESIAN_POINT('',(66.5,145.,8.1));
#1264 = DIRECTION('',(0.,0.,1.));
#1265 = DIRECTION('',(1.,0.,0.));
#1266 = FACE_BOUND('',#1267,.T.);
#1267 = EDGE_LOOP('',(#1268));
#1268 = ORIENTED_EDGE('',*,*,#1269,.F.);
#1269 = EDGE_CURVE('',#1270,#1270,#1272,.T.);
#1270 = VERTEX_POINT('',#1271);
#1271 = CARTESIAN_POINT('',(100.1,145.,8.1));
#1272 = CIRCLE('',#1273,1.6);
#1273 = AXIS2_PLACEMENT_3D('',#1274,#1275,#1276);
#1274 = CARTESIAN_POINT('',(98.5,145.,8.1));
#1275 = DIRECTION('',(0.,0.,1.));
#1276 = DIRECTION('',(1.,0.,0.));
#1277 = PLANE('',#1278);
#1278 = AXIS2_PLACEMENT_3D('',#1279,#1280,#1281);
#1279 = CARTESIAN_POINT('',(55.,144.,8.1));
#1280 = DIRECTION('',(0.,0.,1.));
#1281 = DIRECTION('',(1.,0.,0.));
#1282 = ADVANCED_FACE('',(#1283),#1293,.T.);
#1283 = FACE_BOUND('',#1284,.F.);
#1284 = EDGE_LOOP('',(#1285,#1286,#1287,#1288,#1289,#1290,#1291,#1292));
#1285 = ORIENTED_EDGE('',*,*,#473,.T.);
#1286 = ORIENTED_EDGE('',*,*,#497,.T.);
#1287 = ORIENTED_EDGE('',*,*,#545,.T.);
#1288 = ORIENTED_EDGE('',*,*,#593,.T.);
#1289 = ORIENTED_EDGE('',*,*,#634,.T.);
#1290 = ORIENTED_EDGE('',*,*,#658,.T.);
#1291 = ORIENTED_EDGE('',*,*,#699,.T.);
#1292 = ORIENTED_EDGE('',*,*,#426,.F.);
#1293 = PLANE('',#1294);
#1294 = AXIS2_PLACEMENT_3D('',#1295,#1296,#1297);
#1295 = CARTESIAN_POINT('',(55.,47.982989690722,8.35));
#1296 = DIRECTION('',(0.,0.,1.));
#1297 = DIRECTION('',(1.,0.,0.));
#1298 = ADVANCED_FACE('',(#1299),#1318,.F.);
#1299 = FACE_BOUND('',#1300,.F.);
#1300 = EDGE_LOOP('',(#1301,#1309,#1316,#1317));
#1301 = ORIENTED_EDGE('',*,*,#1302,.T.);
#1302 = EDGE_CURVE('',#716,#1303,#1305,.T.);
#1303 = VERTEX_POINT('',#1304);
#1304 = CARTESIAN_POINT('',(12.375,25.,7.));
#1305 = LINE('',#1306,#1307);
#1306 = CARTESIAN_POINT('',(12.375,25.,10.));
#1307 = VECTOR('',#1308,1.);
#1308 = DIRECTION('',(-0.,-0.,-1.));
#1309 = ORIENTED_EDGE('',*,*,#1310,.T.);
#1310 = EDGE_CURVE('',#1303,#1303,#1311,.T.);
#1311 = CIRCLE('',#1312,2.375);
#1312 = AXIS2_PLACEMENT_3D('',#1313,#1314,#1315);
#1313 = CARTESIAN_POINT('',(10.,25.,7.));
#1314 = DIRECTION('',(0.,0.,1.));
#1315 = DIRECTION('',(1.,0.,0.));
#1316 = ORIENTED_EDGE('',*,*,#1302,.F.);
#1317 = ORIENTED_EDGE('',*,*,#726,.F.);
#1318 = CYLINDRICAL_SURFACE('',#1319,2.375);
#1319 = AXIS2_PLACEMENT_3D('',#1320,#1321,#1322);
#1320 = CARTESIAN_POINT('',(10.,25.,10.));
#1321 = DIRECTION('',(0.,0.,1.));
#1322 = DIRECTION('',(1.,0.,0.));
#1323 = ADVANCED_FACE('',(#1324),#1343,.F.);
#1324 = FACE_BOUND('',#1325,.F.);
#1325 = EDGE_LOOP('',(#1326,#1334,#1341,#1342));
#1326 = ORIENTED_EDGE('',*,*,#1327,.T.);
#1327 = EDGE_CURVE('',#742,#1328,#1330,.T.);
#1328 = VERTEX_POINT('',#1329);
#1329 = CARTESIAN_POINT('',(102.375,83.,7.));
#1330 = LINE('',#1331,#1332);
#1331 = CARTESIAN_POINT('',(102.375,83.,10.));
#1332 = VECTOR('',#1333,1.);
#1333 = DIRECTION('',(-0.,-0.,-1.));
#1334 = ORIENTED_EDGE('',*,*,#1335,.T.);
#1335 = EDGE_CURVE('',#1328,#1328,#1336,.T.);
#1336 = CIRCLE('',#1337,2.375);
#1337 = AXIS2_PLACEMENT_3D('',#1338,#1339,#1340);
#1338 = CARTESIAN_POINT('',(100.,83.,7.));
#1339 = DIRECTION('',(0.,0.,1.));
#1340 = DIRECTION('',(1.,0.,0.));
#1341 = ORIENTED_EDGE('',*,*,#1327,.F.);
#1342 = ORIENTED_EDGE('',*,*,#752,.F.);
#1343 = CYLINDRICAL_SURFACE('',#1344,2.375);
#1344 = AXIS2_PLACEMENT_3D('',#1345,#1346,#1347);
#1345 = CARTESIAN_POINT('',(100.,83.,10.));
#1346 = DIRECTION('',(0.,0.,1.));
#1347 = DIRECTION('',(1.,0.,0.));
#1348 = ADVANCED_FACE('',(#1349),#1368,.F.);
#1349 = FACE_BOUND('',#1350,.F.);
#1350 = EDGE_LOOP('',(#1351,#1359,#1366,#1367));
#1351 = ORIENTED_EDGE('',*,*,#1352,.T.);
#1352 = EDGE_CURVE('',#768,#1353,#1355,.T.);
#1353 = VERTEX_POINT('',#1354);
#1354 = CARTESIAN_POINT('',(102.375,25.,7.));
#1355 = LINE('',#1356,#1357);
#1356 = CARTESIAN_POINT('',(102.375,25.,10.));
#1357 = VECTOR('',#1358,1.);
#1358 = DIRECTION('',(-0.,-0.,-1.));
#1359 = ORIENTED_EDGE('',*,*,#1360,.T.);
#1360 = EDGE_CURVE('',#1353,#1353,#1361,.T.);
#1361 = CIRCLE('',#1362,2.375);
#1362 = AXIS2_PLACEMENT_3D('',#1363,#1364,#1365);
#1363 = CARTESIAN_POINT('',(100.,25.,7.));
#1364 = DIRECTION('',(0.,0.,1.));
#1365 = DIRECTION('',(1.,0.,0.));
#1366 = ORIENTED_EDGE('',*,*,#1352,.F.);
#1367 = ORIENTED_EDGE('',*,*,#778,.F.);
#1368 = CYLINDRICAL_SURFACE('',#1369,2.375);
#1369 = AXIS2_PLACEMENT_3D('',#1370,#1371,#1372);
#1370 = CARTESIAN_POINT('',(100.,25.,10.));
#1371 = DIRECTION('',(0.,0.,1.));
#1372 = DIRECTION('',(1.,0.,0.));
#1373 = ADVANCED_FACE('',(#1374),#1377,.T.);
#1374 = FACE_BOUND('',#1375,.T.);
#1375 = EDGE_LOOP('',(#1376));
#1376 = ORIENTED_EDGE('',*,*,#801,.T.);
#1377 = PLANE('',#1378);
#1378 = AXIS2_PLACEMENT_3D('',#1379,#1380,#1381);
#1379 = CARTESIAN_POINT('',(55.,54.,7.));
#1380 = DIRECTION('',(0.,0.,1.));
#1381 = DIRECTION('',(1.,0.,0.));
#1382 = ADVANCED_FACE('',(#1383),#1402,.F.);
#1383 = FACE_BOUND('',#1384,.F.);
#1384 = EDGE_LOOP('',(#1385,#1393,#1400,#1401));
#1385 = ORIENTED_EDGE('',*,*,#1386,.T.);
#1386 = EDGE_CURVE('',#825,#1387,#1389,.T.);
#1387 = VERTEX_POINT('',#1388);
#1388 = CARTESIAN_POINT('',(40.,20.,2.5));
#1389 = LINE('',#1390,#1391);
#1390 = CARTESIAN_POINT('',(40.,20.,0.));
#1391 = VECTOR('',#1392,1.);
#1392 = DIRECTION('',(0.,0.,1.));
#1393 = ORIENTED_EDGE('',*,*,#1394,.T.);
#1394 = EDGE_CURVE('',#1387,#1387,#1395,.T.);
#1395 = CIRCLE('',#1396,15.);
#1396 = AXIS2_PLACEMENT_3D('',#1397,#1398,#1399);
#1397 = CARTESIAN_POINT('',(25.,20.,2.5));
#1398 = DIRECTION('',(0.,0.,-1.));
#1399 = DIRECTION('',(1.,0.,0.));
#1400 = ORIENTED_EDGE('',*,*,#1386,.F.);
#1401 = ORIENTED_EDGE('',*,*,#824,.F.);
#1402 = CYLINDRICAL_SURFACE('',#1403,15.);
#1403 = AXIS2_PLACEMENT_3D('',#1404,#1405,#1406);
#1404 = CARTESIAN_POINT('',(25.,20.,0.));
#1405 = DIRECTION('',(0.,0.,-1.));
#1406 = DIRECTION('',(1.,0.,0.));
#1407 = ADVANCED_FACE('',(#1408),#1427,.F.);
#1408 = FACE_BOUND('',#1409,.F.);
#1409 = EDGE_LOOP('',(#1410,#1418,#1425,#1426));
#1410 = ORIENTED_EDGE('',*,*,#1411,.T.);
#1411 = EDGE_CURVE('',#836,#1412,#1414,.T.);
#1412 = VERTEX_POINT('',#1413);
#1413 = CARTESIAN_POINT('',(40.,70.,2.5));
#1414 = LINE('',#1415,#1416);
#1415 = CARTESIAN_POINT('',(40.,70.,0.));
#1416 = VECTOR('',#1417,1.);
#1417 = DIRECTION('',(0.,0.,1.));
#1418 = ORIENTED_EDGE('',*,*,#1419,.T.);
#1419 = EDGE_CURVE('',#1412,#1412,#1420,.T.);
#1420 = CIRCLE('',#1421,15.);
#1421 = AXIS2_PLACEMENT_3D('',#1422,#1423,#1424);
#1422 = CARTESIAN_POINT('',(25.,70.,2.5));
#1423 = DIRECTION('',(0.,0.,-1.));
#1424 = DIRECTION('',(1.,0.,0.));
#1425 = ORIENTED_EDGE('',*,*,#1411,.F.);
#1426 = ORIENTED_EDGE('',*,*,#835,.F.);
#1427 = CYLINDRICAL_SURFACE('',#1428,15.);
#1428 = AXIS2_PLACEMENT_3D('',#1429,#1430,#1431);
#1429 = CARTESIAN_POINT('',(25.,70.,0.));
#1430 = DIRECTION('',(0.,0.,-1.));
#1431 = DIRECTION('',(1.,0.,0.));
#1432 = ADVANCED_FACE('',(#1433),#1452,.F.);
#1433 = FACE_BOUND('',#1434,.F.);
#1434 = EDGE_LOOP('',(#1435,#1443,#1450,#1451));
#1435 = ORIENTED_EDGE('',*,*,#1436,.T.);
#1436 = EDGE_CURVE('',#847,#1437,#1439,.T.);
#1437 = VERTEX_POINT('',#1438);
#1438 = CARTESIAN_POINT('',(100.,20.,2.5));
#1439 = LINE('',#1440,#1441);
#1440 = CARTESIAN_POINT('',(100.,20.,0.));
#1441 = VECTOR('',#1442,1.);
#1442 = DIRECTION('',(0.,0.,1.));
#1443 = ORIENTED_EDGE('',*,*,#1444,.T.);
#1444 = EDGE_CURVE('',#1437,#1437,#1445,.T.);
#1445 = CIRCLE('',#1446,15.);
#1446 = AXIS2_PLACEMENT_3D('',#1447,#1448,#1449);
#1447 = CARTESIAN_POINT('',(85.,20.,2.5));
#1448 = DIRECTION('',(0.,0.,-1.));
#1449 = DIRECTION('',(1.,0.,0.));
#1450 = ORIENTED_EDGE('',*,*,#1436,.F.);
#1451 = ORIENTED_EDGE('',*,*,#846,.F.);
#1452 = CYLINDRICAL_SURFACE('',#1453,15.);
#1453 = AXIS2_PLACEMENT_3D('',#1454,#1455,#1456);
#1454 = CARTESIAN_POINT('',(85.,20.,0.));
#1455 = DIRECTION('',(0.,0.,-1.));
#1456 = DIRECTION('',(1.,0.,0.));
#1457 = ADVANCED_FACE('',(#1458),#1477,.F.);
#1458 = FACE_BOUND('',#1459,.F.);
#1459 = EDGE_LOOP('',(#1460,#1468,#1475,#1476));
#1460 = ORIENTED_EDGE('',*,*,#1461,.T.);
#1461 = EDGE_CURVE('',#858,#1462,#1464,.T.);
#1462 = VERTEX_POINT('',#1463);
#1463 = CARTESIAN_POINT('',(100.,70.,2.5));
#1464 = LINE('',#1465,#1466);
#1465 = CARTESIAN_POINT('',(100.,70.,0.));
#1466 = VECTOR('',#1467,1.);
#1467 = DIRECTION('',(0.,0.,1.));
#1468 = ORIENTED_EDGE('',*,*,#1469,.T.);
#1469 = EDGE_CURVE('',#1462,#1462,#1470,.T.);
#1470 = CIRCLE('',#1471,15.);
#1471 = AXIS2_PLACEMENT_3D('',#1472,#1473,#1474);
#1472 = CARTESIAN_POINT('',(85.,70.,2.5));
#1473 = DIRECTION('',(0.,0.,-1.));
#1474 = DIRECTION('',(1.,0.,0.));
#1475 = ORIENTED_EDGE('',*,*,#1461,.F.);
#1476 = ORIENTED_EDGE('',*,*,#857,.F.);
#1477 = CYLINDRICAL_SURFACE('',#1478,15.);
#1478 = AXIS2_PLACEMENT_3D('',#1479,#1480,#1481);
#1479 = CARTESIAN_POINT('',(85.,70.,0.));
#1480 = DIRECTION('',(0.,0.,-1.));
#1481 = DIRECTION('',(1.,0.,0.));
#1482 = ADVANCED_FACE('',(#1483),#1502,.F.);
#1483 = FACE_BOUND('',#1484,.F.);
#1484 = EDGE_LOOP('',(#1485,#1493,#1500,#1501));
#1485 = ORIENTED_EDGE('',*,*,#1486,.T.);
#1486 = EDGE_CURVE('',#869,#1487,#1489,.T.);
#1487 = VERTEX_POINT('',#1488);
#1488 = CARTESIAN_POINT('',(40.,120.,2.5));
#1489 = LINE('',#1490,#1491);
#1490 = CARTESIAN_POINT('',(40.,120.,0.));
#1491 = VECTOR('',#1492,1.);
#1492 = DIRECTION('',(0.,0.,1.));
#1493 = ORIENTED_EDGE('',*,*,#1494,.T.);
#1494 = EDGE_CURVE('',#1487,#1487,#1495,.T.);
#1495 = CIRCLE('',#1496,15.);
#1496 = AXIS2_PLACEMENT_3D('',#1497,#1498,#1499);
#1497 = CARTESIAN_POINT('',(25.,120.,2.5));
#1498 = DIRECTION('',(0.,0.,-1.));
#1499 = DIRECTION('',(1.,0.,0.));
#1500 = ORIENTED_EDGE('',*,*,#1486,.F.);
#1501 = ORIENTED_EDGE('',*,*,#868,.F.);
#1502 = CYLINDRICAL_SURFACE('',#1503,15.);
#1503 = AXIS2_PLACEMENT_3D('',#1504,#1505,#1506);
#1504 = CARTESIAN_POINT('',(25.,120.,0.));
#1505 = DIRECTION('',(0.,0.,-1.));
#1506 = DIRECTION('',(1.,0.,0.));
#1507 = ADVANCED_FACE('',(#1508),#1533,.F.);
#1508 = FACE_BOUND('',#1509,.F.);
#1509 = EDGE_LOOP('',(#1510,#1518,#1526,#1532));
#1510 = ORIENTED_EDGE('',*,*,#1511,.T.);
#1511 = EDGE_CURVE('',#880,#1512,#1514,.T.);
#1512 = VERTEX_POINT('',#1513);
#1513 = CARTESIAN_POINT('',(13.125,147.81458256229,5.));
#1514 = LINE('',#1515,#1516);
#1515 = CARTESIAN_POINT('',(13.125,147.81458256229,0.));
#1516 = VECTOR('',#1517,1.);
#1517 = DIRECTION('',(0.,0.,1.));
#1518 = ORIENTED_EDGE('',*,*,#1519,.T.);
#1519 = EDGE_CURVE('',#1512,#1520,#1522,.T.);
#1520 = VERTEX_POINT('',#1521);
#1521 = CARTESIAN_POINT('',(14.75,145.,5.));
#1522 = LINE('',#1523,#1524);
#1523 = CARTESIAN_POINT('',(13.125,147.81458256229,5.));
#1524 = VECTOR('',#1525,1.);
#1525 = DIRECTION('',(0.5,-0.866025403784,0.));
#1526 = ORIENTED_EDGE('',*,*,#1527,.F.);
#1527 = EDGE_CURVE('',#882,#1520,#1528,.T.);
#1528 = LINE('',#1529,#1530);
#1529 = CARTESIAN_POINT('',(14.75,145.,0.));
#1530 = VECTOR('',#1531,1.);
#1531 = DIRECTION('',(0.,0.,1.));
#1532 = ORIENTED_EDGE('',*,*,#879,.F.);
#1533 = PLANE('',#1534);
#1534 = AXIS2_PLACEMENT_3D('',#1535,#1536,#1537);
#1535 = CARTESIAN_POINT('',(13.125,147.81458256229,0.));
#1536 = DIRECTION('',(0.866025403784,0.5,0.));
#1537 = DIRECTION('',(0.5,-0.866025403784,0.));
#1538 = ADVANCED_FACE('',(#1539),#1557,.F.);
#1539 = FACE_BOUND('',#1540,.F.);
#1540 = EDGE_LOOP('',(#1541,#1549,#1555,#1556));
#1541 = ORIENTED_EDGE('',*,*,#1542,.T.);
#1542 = EDGE_CURVE('',#914,#1543,#1545,.T.);
#1543 = VERTEX_POINT('',#1544);
#1544 = CARTESIAN_POINT('',(9.875,147.81458256229,5.));
#1545 = LINE('',#1546,#1547);
#1546 = CARTESIAN_POINT('',(9.875,147.81458256229,0.));
#1547 = VECTOR('',#1548,1.);
#1548 = DIRECTION('',(0.,0.,1.));
#1549 = ORIENTED_EDGE('',*,*,#1550,.T.);
#1550 = EDGE_CURVE('',#1543,#1512,#1551,.T.);
#1551 = LINE('',#1552,#1553);
#1552 = CARTESIAN_POINT('',(9.875,147.81458256229,5.));
#1553 = VECTOR('',#1554,1.);
#1554 = DIRECTION('',(1.,0.,0.));
#1555 = ORIENTED_EDGE('',*,*,#1511,.F.);
#1556 = ORIENTED_EDGE('',*,*,#921,.F.);
#1557 = PLANE('',#1558);
#1558 = AXIS2_PLACEMENT_3D('',#1559,#1560,#1561);
#1559 = CARTESIAN_POINT('',(9.875,147.81458256229,0.));
#1560 = DIRECTION('',(0.,1.,0.));
#1561 = DIRECTION('',(1.,0.,0.));
#1562 = ADVANCED_FACE('',(#1563),#1581,.F.);
#1563 = FACE_BOUND('',#1564,.F.);
#1564 = EDGE_LOOP('',(#1565,#1566,#1574,#1580));
#1565 = ORIENTED_EDGE('',*,*,#1527,.T.);
#1566 = ORIENTED_EDGE('',*,*,#1567,.T.);
#1567 = EDGE_CURVE('',#1520,#1568,#1570,.T.);
#1568 = VERTEX_POINT('',#1569);
#1569 = CARTESIAN_POINT('',(13.125,142.1854174377,5.));
#1570 = LINE('',#1571,#1572);
#1571 = CARTESIAN_POINT('',(14.75,145.,5.));
#1572 = VECTOR('',#1573,1.);
#1573 = DIRECTION('',(-0.5,-0.866025403784,0.));
#1574 = ORIENTED_EDGE('',*,*,#1575,.F.);
#1575 = EDGE_CURVE('',#890,#1568,#1576,.T.);
#1576 = LINE('',#1577,#1578);
#1577 = CARTESIAN_POINT('',(13.125,142.1854174377,0.));
#1578 = VECTOR('',#1579,1.);
#1579 = DIRECTION('',(0.,0.,1.));
#1580 = ORIENTED_EDGE('',*,*,#889,.F.);
#1581 = PLANE('',#1582);
#1582 = AXIS2_PLACEMENT_3D('',#1583,#1584,#1585);
#1583 = CARTESIAN_POINT('',(14.75,145.,0.));
#1584 = DIRECTION('',(0.866025403784,-0.5,0.));
#1585 = DIRECTION('',(-0.5,-0.866025403784,0.));
#1586 = ADVANCED_FACE('',(#1587),#1605,.F.);
#1587 = FACE_BOUND('',#1588,.F.);
#1588 = EDGE_LOOP('',(#1589,#1597,#1603,#1604));
#1589 = ORIENTED_EDGE('',*,*,#1590,.T.);
#1590 = EDGE_CURVE('',#906,#1591,#1593,.T.);
#1591 = VERTEX_POINT('',#1592);
#1592 = CARTESIAN_POINT('',(8.25,145.,5.));
#1593 = LINE('',#1594,#1595);
#1594 = CARTESIAN_POINT('',(8.25,145.,0.));
#1595 = VECTOR('',#1596,1.);
#1596 = DIRECTION('',(0.,0.,1.));
#1597 = ORIENTED_EDGE('',*,*,#1598,.T.);
#1598 = EDGE_CURVE('',#1591,#1543,#1599,.T.);
#1599 = LINE('',#1600,#1601);
#1600 = CARTESIAN_POINT('',(8.25,145.,5.));
#1601 = VECTOR('',#1602,1.);
#1602 = DIRECTION('',(0.5,0.866025403784,0.));
#1603 = ORIENTED_EDGE('',*,*,#1542,.F.);
#1604 = ORIENTED_EDGE('',*,*,#913,.F.);
#1605 = PLANE('',#1606);
#1606 = AXIS2_PLACEMENT_3D('',#1607,#1608,#1609);
#1607 = CARTESIAN_POINT('',(8.25,145.,0.));
#1608 = DIRECTION('',(-0.866025403784,0.5,0.));
#1609 = DIRECTION('',(0.5,0.866025403784,0.));
#1610 = ADVANCED_FACE('',(#1611),#1629,.F.);
#1611 = FACE_BOUND('',#1612,.F.);
#1612 = EDGE_LOOP('',(#1613,#1614,#1622,#1628));
#1613 = ORIENTED_EDGE('',*,*,#1575,.T.);
#1614 = ORIENTED_EDGE('',*,*,#1615,.T.);
#1615 = EDGE_CURVE('',#1568,#1616,#1618,.T.);
#1616 = VERTEX_POINT('',#1617);
#1617 = CARTESIAN_POINT('',(9.875,142.1854174377,5.));
#1618 = LINE('',#1619,#1620);
#1619 = CARTESIAN_POINT('',(13.125,142.1854174377,5.));
#1620 = VECTOR('',#1621,1.);
#1621 = DIRECTION('',(-1.,0.,0.));
#1622 = ORIENTED_EDGE('',*,*,#1623,.F.);
#1623 = EDGE_CURVE('',#898,#1616,#1624,.T.);
#1624 = LINE('',#1625,#1626);
#1625 = CARTESIAN_POINT('',(9.875,142.1854174377,0.));
#1626 = VECTOR('',#1627,1.);
#1627 = DIRECTION('',(0.,0.,1.));
#1628 = ORIENTED_EDGE('',*,*,#897,.F.);
#1629 = PLANE('',#1630);
#1630 = AXIS2_PLACEMENT_3D('',#1631,#1632,#1633);
#1631 = CARTESIAN_POINT('',(13.125,142.1854174377,0.));
#1632 = DIRECTION('',(0.,-1.,0.));
#1633 = DIRECTION('',(-1.,0.,0.));
#1634 = ADVANCED_FACE('',(#1635),#1646,.F.);
#1635 = FACE_BOUND('',#1636,.F.);
#1636 = EDGE_LOOP('',(#1637,#1638,#1644,#1645));
#1637 = ORIENTED_EDGE('',*,*,#1623,.T.);
#1638 = ORIENTED_EDGE('',*,*,#1639,.T.);
#1639 = EDGE_CURVE('',#1616,#1591,#1640,.T.);
#1640 = LINE('',#1641,#1642);
#1641 = CARTESIAN_POINT('',(9.875,142.1854174377,5.));
#1642 = VECTOR('',#1643,1.);
#1643 = DIRECTION('',(-0.5,0.866025403784,-0.));
#1644 = ORIENTED_EDGE('',*,*,#1590,.F.);
#1645 = ORIENTED_EDGE('',*,*,#905,.F.);
#1646 = PLANE('',#1647);
#1647 = AXIS2_PLACEMENT_3D('',#1648,#1649,#1650);
#1648 = CARTESIAN_POINT('',(9.875,142.1854174377,0.));
#1649 = DIRECTION('',(-0.866025403784,-0.5,0.));
#1650 = DIRECTION('',(-0.5,0.866025403784,0.));
#1651 = ADVANCED_FACE('',(#1652),#1677,.F.);
#1652 = FACE_BOUND('',#1653,.F.);
#1653 = EDGE_LOOP('',(#1654,#1662,#1670,#1676));
#1654 = ORIENTED_EDGE('',*,*,#1655,.T.);
#1655 = EDGE_CURVE('',#930,#1656,#1658,.T.);
#1656 = VERTEX_POINT('',#1657);
#1657 = CARTESIAN_POINT('',(29.125,146.81458256229,5.));
#1658 = LINE('',#1659,#1660);
#1659 = CARTESIAN_POINT('',(29.125,146.81458256229,0.));
#1660 = VECTOR('',#1661,1.);
#1661 = DIRECTION('',(0.,0.,1.));
#1662 = ORIENTED_EDGE('',*,*,#1663,.T.);
#1663 = EDGE_CURVE('',#1656,#1664,#1666,.T.);
#1664 = VERTEX_POINT('',#1665);
#1665 = CARTESIAN_POINT('',(30.75,144.,5.));
#1666 = LINE('',#1667,#1668);
#1667 = CARTESIAN_POINT('',(29.125,146.81458256229,5.));
#1668 = VECTOR('',#1669,1.);
#1669 = DIRECTION('',(0.5,-0.866025403784,0.));
#1670 = ORIENTED_EDGE('',*,*,#1671,.F.);
#1671 = EDGE_CURVE('',#932,#1664,#1672,.T.);
#1672 = LINE('',#1673,#1674);
#1673 = CARTESIAN_POINT('',(30.75,144.,0.));
#1674 = VECTOR('',#1675,1.);
#1675 = DIRECTION('',(0.,0.,1.));
#1676 = ORIENTED_EDGE('',*,*,#929,.F.);
#1677 = PLANE('',#1678);
#1678 = AXIS2_PLACEMENT_3D('',#1679,#1680,#1681);
#1679 = CARTESIAN_POINT('',(29.125,146.81458256229,0.));
#1680 = DIRECTION('',(0.866025403784,0.5,0.));
#1681 = DIRECTION('',(0.5,-0.866025403784,0.));
#1682 = ADVANCED_FACE('',(#1683),#1701,.F.);
#1683 = FACE_BOUND('',#1684,.F.);
#1684 = EDGE_LOOP('',(#1685,#1693,#1699,#1700));
#1685 = ORIENTED_EDGE('',*,*,#1686,.T.);
#1686 = EDGE_CURVE('',#964,#1687,#1689,.T.);
#1687 = VERTEX_POINT('',#1688);
#1688 = CARTESIAN_POINT('',(25.875,146.81458256229,5.));
#1689 = LINE('',#1690,#1691);
#1690 = CARTESIAN_POINT('',(25.875,146.81458256229,0.));
#1691 = VECTOR('',#1692,1.);
#1692 = DIRECTION('',(0.,0.,1.));
#1693 = ORIENTED_EDGE('',*,*,#1694,.T.);
#1694 = EDGE_CURVE('',#1687,#1656,#1695,.T.);
#1695 = LINE('',#1696,#1697);
#1696 = CARTESIAN_POINT('',(25.875,146.81458256229,5.));
#1697 = VECTOR('',#1698,1.);
#1698 = DIRECTION('',(1.,0.,0.));
#1699 = ORIENTED_EDGE('',*,*,#1655,.F.);
#1700 = ORIENTED_EDGE('',*,*,#971,.F.);
#1701 = PLANE('',#1702);
#1702 = AXIS2_PLACEMENT_3D('',#1703,#1704,#1705);
#1703 = CARTESIAN_POINT('',(25.875,146.81458256229,0.));
#1704 = DIRECTION('',(0.,1.,0.));
#1705 = DIRECTION('',(1.,0.,0.));
#1706 = ADVANCED_FACE('',(#1707),#1725,.F.);
#1707 = FACE_BOUND('',#1708,.F.);
#1708 = EDGE_LOOP('',(#1709,#1710,#1718,#1724));
#1709 = ORIENTED_EDGE('',*,*,#1671,.T.);
#1710 = ORIENTED_EDGE('',*,*,#1711,.T.);
#1711 = EDGE_CURVE('',#1664,#1712,#1714,.T.);
#1712 = VERTEX_POINT('',#1713);
#1713 = CARTESIAN_POINT('',(29.125,141.1854174377,5.));
#1714 = LINE('',#1715,#1716);
#1715 = CARTESIAN_POINT('',(30.75,144.,5.));
#1716 = VECTOR('',#1717,1.);
#1717 = DIRECTION('',(-0.5,-0.866025403784,0.));
#1718 = ORIENTED_EDGE('',*,*,#1719,.F.);
#1719 = EDGE_CURVE('',#940,#1712,#1720,.T.);
#1720 = LINE('',#1721,#1722);
#1721 = CARTESIAN_POINT('',(29.125,141.1854174377,0.));
#1722 = VECTOR('',#1723,1.);
#1723 = DIRECTION('',(0.,0.,1.));
#1724 = ORIENTED_EDGE('',*,*,#939,.F.);
#1725 = PLANE('',#1726);
#1726 = AXIS2_PLACEMENT_3D('',#1727,#1728,#1729);
#1727 = CARTESIAN_POINT('',(30.75,144.,0.));
#1728 = DIRECTION('',(0.866025403784,-0.5,0.));
#1729 = DIRECTION('',(-0.5,-0.866025403784,0.));
#1730 = ADVANCED_FACE('',(#1731),#1749,.F.);
#1731 = FACE_BOUND('',#1732,.F.);
#1732 = EDGE_LOOP('',(#1733,#1741,#1747,#1748));
#1733 = ORIENTED_EDGE('',*,*,#1734,.T.);
#1734 = EDGE_CURVE('',#956,#1735,#1737,.T.);
#1735 = VERTEX_POINT('',#1736);
#1736 = CARTESIAN_POINT('',(24.25,144.,5.));
#1737 = LINE('',#1738,#1739);
#1738 = CARTESIAN_POINT('',(24.25,144.,0.));
#1739 = VECTOR('',#1740,1.);
#1740 = DIRECTION('',(0.,0.,1.));
#1741 = ORIENTED_EDGE('',*,*,#1742,.T.);
#1742 = EDGE_CURVE('',#1735,#1687,#1743,.T.);
#1743 = LINE('',#1744,#1745);
#1744 = CARTESIAN_POINT('',(24.25,144.,5.));
#1745 = VECTOR('',#1746,1.);
#1746 = DIRECTION('',(0.5,0.866025403784,0.));
#1747 = ORIENTED_EDGE('',*,*,#1686,.F.);
#1748 = ORIENTED_EDGE('',*,*,#963,.F.);
#1749 = PLANE('',#1750);
#1750 = AXIS2_PLACEMENT_3D('',#1751,#1752,#1753);
#1751 = CARTESIAN_POINT('',(24.25,144.,0.));
#1752 = DIRECTION('',(-0.866025403784,0.5,0.));
#1753 = DIRECTION('',(0.5,0.866025403784,0.));
#1754 = ADVANCED_FACE('',(#1755),#1773,.F.);
#1755 = FACE_BOUND('',#1756,.F.);
#1756 = EDGE_LOOP('',(#1757,#1758,#1766,#1772));
#1757 = ORIENTED_EDGE('',*,*,#1719,.T.);
#1758 = ORIENTED_EDGE('',*,*,#1759,.T.);
#1759 = EDGE_CURVE('',#1712,#1760,#1762,.T.);
#1760 = VERTEX_POINT('',#1761);
#1761 = CARTESIAN_POINT('',(25.875,141.1854174377,5.));
#1762 = LINE('',#1763,#1764);
#1763 = CARTESIAN_POINT('',(29.125,141.1854174377,5.));
#1764 = VECTOR('',#1765,1.);
#1765 = DIRECTION('',(-1.,0.,0.));
#1766 = ORIENTED_EDGE('',*,*,#1767,.F.);
#1767 = EDGE_CURVE('',#948,#1760,#1768,.T.);
#1768 = LINE('',#1769,#1770);
#1769 = CARTESIAN_POINT('',(25.875,141.1854174377,0.));
#1770 = VECTOR('',#1771,1.);
#1771 = DIRECTION('',(0.,0.,1.));
#1772 = ORIENTED_EDGE('',*,*,#947,.F.);
#1773 = PLANE('',#1774);
#1774 = AXIS2_PLACEMENT_3D('',#1775,#1776,#1777);
#1775 = CARTESIAN_POINT('',(29.125,141.1854174377,0.));
#1776 = DIRECTION('',(0.,-1.,0.));
#1777 = DIRECTION('',(-1.,0.,0.));
#1778 = ADVANCED_FACE('',(#1779),#1790,.F.);
#1779 = FACE_BOUND('',#1780,.F.);
#1780 = EDGE_LOOP('',(#1781,#1782,#1788,#1789));
#1781 = ORIENTED_EDGE('',*,*,#1767,.T.);
#1782 = ORIENTED_EDGE('',*,*,#1783,.T.);
#1783 = EDGE_CURVE('',#1760,#1735,#1784,.T.);
#1784 = LINE('',#1785,#1786);
#1785 = CARTESIAN_POINT('',(25.875,141.1854174377,5.));
#1786 = VECTOR('',#1787,1.);
#1787 = DIRECTION('',(-0.5,0.866025403784,-0.));
#1788 = ORIENTED_EDGE('',*,*,#1734,.F.);
#1789 = ORIENTED_EDGE('',*,*,#955,.F.);
#1790 = PLANE('',#1791);
#1791 = AXIS2_PLACEMENT_3D('',#1792,#1793,#1794);
#1792 = CARTESIAN_POINT('',(25.875,141.1854174377,0.));
#1793 = DIRECTION('',(-0.866025403784,-0.5,0.));
#1794 = DIRECTION('',(-0.5,0.866025403784,0.));
#1795 = ADVANCED_FACE('',(#1796),#1821,.F.);
#1796 = FACE_BOUND('',#1797,.F.);
#1797 = EDGE_LOOP('',(#1798,#1806,#1814,#1820));
#1798 = ORIENTED_EDGE('',*,*,#1799,.T.);
#1799 = EDGE_CURVE('',#980,#1800,#1802,.T.);
#1800 = VERTEX_POINT('',#1801);
#1801 = CARTESIAN_POINT('',(45.125,147.81458256229,5.));
#1802 = LINE('',#1803,#1804);
#1803 = CARTESIAN_POINT('',(45.125,147.81458256229,0.));
#1804 = VECTOR('',#1805,1.);
#1805 = DIRECTION('',(0.,0.,1.));
#1806 = ORIENTED_EDGE('',*,*,#1807,.T.);
#1807 = EDGE_CURVE('',#1800,#1808,#1810,.T.);
#1808 = VERTEX_POINT('',#1809);
#1809 = CARTESIAN_POINT('',(46.75,145.,5.));
#1810 = LINE('',#1811,#1812);
#1811 = CARTESIAN_POINT('',(45.125,147.81458256229,5.));
#1812 = VECTOR('',#1813,1.);
#1813 = DIRECTION('',(0.5,-0.866025403784,0.));
#1814 = ORIENTED_EDGE('',*,*,#1815,.F.);
#1815 = EDGE_CURVE('',#982,#1808,#1816,.T.);
#1816 = LINE('',#1817,#1818);
#1817 = CARTESIAN_POINT('',(46.75,145.,0.));
#1818 = VECTOR('',#1819,1.);
#1819 = DIRECTION('',(0.,0.,1.));
#1820 = ORIENTED_EDGE('',*,*,#979,.F.);
#1821 = PLANE('',#1822);
#1822 = AXIS2_PLACEMENT_3D('',#1823,#1824,#1825);
#1823 = CARTESIAN_POINT('',(45.125,147.81458256229,0.));
#1824 = DIRECTION('',(0.866025403784,0.5,0.));
#1825 = DIRECTION('',(0.5,-0.866025403784,0.));
#1826 = ADVANCED_FACE('',(#1827),#1845,.F.);
#1827 = FACE_BOUND('',#1828,.F.);
#1828 = EDGE_LOOP('',(#1829,#1837,#1843,#1844));
#1829 = ORIENTED_EDGE('',*,*,#1830,.T.);
#1830 = EDGE_CURVE('',#1014,#1831,#1833,.T.);
#1831 = VERTEX_POINT('',#1832);
#1832 = CARTESIAN_POINT('',(41.875,147.81458256229,5.));
#1833 = LINE('',#1834,#1835);
#1834 = CARTESIAN_POINT('',(41.875,147.81458256229,0.));
#1835 = VECTOR('',#1836,1.);
#1836 = DIRECTION('',(0.,0.,1.));
#1837 = ORIENTED_EDGE('',*,*,#1838,.T.);
#1838 = EDGE_CURVE('',#1831,#1800,#1839,.T.);
#1839 = LINE('',#1840,#1841);
#1840 = CARTESIAN_POINT('',(41.875,147.81458256229,5.));
#1841 = VECTOR('',#1842,1.);
#1842 = DIRECTION('',(1.,0.,0.));
#1843 = ORIENTED_EDGE('',*,*,#1799,.F.);
#1844 = ORIENTED_EDGE('',*,*,#1021,.F.);
#1845 = PLANE('',#1846);
#1846 = AXIS2_PLACEMENT_3D('',#1847,#1848,#1849);
#1847 = CARTESIAN_POINT('',(41.875,147.81458256229,0.));
#1848 = DIRECTION('',(0.,1.,0.));
#1849 = DIRECTION('',(1.,0.,0.));
#1850 = ADVANCED_FACE('',(#1851),#1869,.F.);
#1851 = FACE_BOUND('',#1852,.F.);
#1852 = EDGE_LOOP('',(#1853,#1854,#1862,#1868));
#1853 = ORIENTED_EDGE('',*,*,#1815,.T.);
#1854 = ORIENTED_EDGE('',*,*,#1855,.T.);
#1855 = EDGE_CURVE('',#1808,#1856,#1858,.T.);
#1856 = VERTEX_POINT('',#1857);
#1857 = CARTESIAN_POINT('',(45.125,142.1854174377,5.));
#1858 = LINE('',#1859,#1860);
#1859 = CARTESIAN_POINT('',(46.75,145.,5.));
#1860 = VECTOR('',#1861,1.);
#1861 = DIRECTION('',(-0.5,-0.866025403784,0.));
#1862 = ORIENTED_EDGE('',*,*,#1863,.F.);
#1863 = EDGE_CURVE('',#990,#1856,#1864,.T.);
#1864 = LINE('',#1865,#1866);
#1865 = CARTESIAN_POINT('',(45.125,142.1854174377,0.));
#1866 = VECTOR('',#1867,1.);
#1867 = DIRECTION('',(0.,0.,1.));
#1868 = ORIENTED_EDGE('',*,*,#989,.F.);
#1869 = PLANE('',#1870);
#1870 = AXIS2_PLACEMENT_3D('',#1871,#1872,#1873);
#1871 = CARTESIAN_POINT('',(46.75,145.,0.));
#1872 = DIRECTION('',(0.866025403784,-0.5,0.));
#1873 = DIRECTION('',(-0.5,-0.866025403784,0.));
#1874 = ADVANCED_FACE('',(#1875),#1893,.F.);
#1875 = FACE_BOUND('',#1876,.F.);
#1876 = EDGE_LOOP('',(#1877,#1885,#1891,#1892));
#1877 = ORIENTED_EDGE('',*,*,#1878,.T.);
#1878 = EDGE_CURVE('',#1006,#1879,#1881,.T.);
#1879 = VERTEX_POINT('',#1880);
#1880 = CARTESIAN_POINT('',(40.25,145.,5.));
#1881 = LINE('',#1882,#1883);
#1882 = CARTESIAN_POINT('',(40.25,145.,0.));
#1883 = VECTOR('',#1884,1.);
#1884 = DIRECTION('',(0.,0.,1.));
#1885 = ORIENTED_EDGE('',*,*,#1886,.T.);
#1886 = EDGE_CURVE('',#1879,#1831,#1887,.T.);
#1887 = LINE('',#1888,#1889);
#1888 = CARTESIAN_POINT('',(40.25,145.,5.));
#1889 = VECTOR('',#1890,1.);
#1890 = DIRECTION('',(0.5,0.866025403784,0.));
#1891 = ORIENTED_EDGE('',*,*,#1830,.F.);
#1892 = ORIENTED_EDGE('',*,*,#1013,.F.);
#1893 = PLANE('',#1894);
#1894 = AXIS2_PLACEMENT_3D('',#1895,#1896,#1897);
#1895 = CARTESIAN_POINT('',(40.25,145.,0.));
#1896 = DIRECTION('',(-0.866025403784,0.5,0.));
#1897 = DIRECTION('',(0.5,0.866025403784,0.));
#1898 = ADVANCED_FACE('',(#1899),#1917,.F.);
#1899 = FACE_BOUND('',#1900,.F.);
#1900 = EDGE_LOOP('',(#1901,#1902,#1910,#1916));
#1901 = ORIENTED_EDGE('',*,*,#1863,.T.);
#1902 = ORIENTED_EDGE('',*,*,#1903,.T.);
#1903 = EDGE_CURVE('',#1856,#1904,#1906,.T.);
#1904 = VERTEX_POINT('',#1905);
#1905 = CARTESIAN_POINT('',(41.875,142.1854174377,5.));
#1906 = LINE('',#1907,#1908);
#1907 = CARTESIAN_POINT('',(45.125,142.1854174377,5.));
#1908 = VECTOR('',#1909,1.);
#1909 = DIRECTION('',(-1.,0.,0.));
#1910 = ORIENTED_EDGE('',*,*,#1911,.F.);
#1911 = EDGE_CURVE('',#998,#1904,#1912,.T.);
#1912 = LINE('',#1913,#1914);
#1913 = CARTESIAN_POINT('',(41.875,142.1854174377,0.));
#1914 = VECTOR('',#1915,1.);
#1915 = DIRECTION('',(0.,0.,1.));
#1916 = ORIENTED_EDGE('',*,*,#997,.F.);
#1917 = PLANE('',#1918);
#1918 = AXIS2_PLACEMENT_3D('',#1919,#1920,#1921);
#1919 = CARTESIAN_POINT('',(45.125,142.1854174377,0.));
#1920 = DIRECTION('',(0.,-1.,0.));
#1921 = DIRECTION('',(-1.,0.,0.));
#1922 = ADVANCED_FACE('',(#1923),#1934,.F.);
#1923 = FACE_BOUND('',#1924,.F.);
#1924 = EDGE_LOOP('',(#1925,#1926,#1932,#1933));
#1925 = ORIENTED_EDGE('',*,*,#1911,.T.);
#1926 = ORIENTED_EDGE('',*,*,#1927,.T.);
#1927 = EDGE_CURVE('',#1904,#1879,#1928,.T.);
#1928 = LINE('',#1929,#1930);
#1929 = CARTESIAN_POINT('',(41.875,142.1854174377,5.));
#1930 = VECTOR('',#1931,1.);
#1931 = DIRECTION('',(-0.5,0.866025403784,-0.));
#1932 = ORIENTED_EDGE('',*,*,#1878,.F.);
#1933 = ORIENTED_EDGE('',*,*,#1005,.F.);
#1934 = PLANE('',#1935);
#1935 = AXIS2_PLACEMENT_3D('',#1936,#1937,#1938);
#1936 = CARTESIAN_POINT('',(41.875,142.1854174377,0.));
#1937 = DIRECTION('',(-0.866025403784,-0.5,0.));
#1938 = DIRECTION('',(-0.5,0.866025403784,0.));
#1939 = ADVANCED_FACE('',(#1940),#1965,.F.);
#1940 = FACE_BOUND('',#1941,.F.);
#1941 = EDGE_LOOP('',(#1942,#1950,#1958,#1964));
#1942 = ORIENTED_EDGE('',*,*,#1943,.T.);
#1943 = EDGE_CURVE('',#1030,#1944,#1946,.T.);
#1944 = VERTEX_POINT('',#1945);
#1945 = CARTESIAN_POINT('',(68.125,147.81458256229,5.));
#1946 = LINE('',#1947,#1948);
#1947 = CARTESIAN_POINT('',(68.125,147.81458256229,0.));
#1948 = VECTOR('',#1949,1.);
#1949 = DIRECTION('',(0.,0.,1.));
#1950 = ORIENTED_EDGE('',*,*,#1951,.T.);
#1951 = EDGE_CURVE('',#1944,#1952,#1954,.T.);
#1952 = VERTEX_POINT('',#1953);
#1953 = CARTESIAN_POINT('',(69.75,145.,5.));
#1954 = LINE('',#1955,#1956);
#1955 = CARTESIAN_POINT('',(68.125,147.81458256229,5.));
#1956 = VECTOR('',#1957,1.);
#1957 = DIRECTION('',(0.5,-0.866025403784,0.));
#1958 = ORIENTED_EDGE('',*,*,#1959,.F.);
#1959 = EDGE_CURVE('',#1032,#1952,#1960,.T.);
#1960 = LINE('',#1961,#1962);
#1961 = CARTESIAN_POINT('',(69.75,145.,0.));
#1962 = VECTOR('',#1963,1.);
#1963 = DIRECTION('',(0.,0.,1.));
#1964 = ORIENTED_EDGE('',*,*,#1029,.F.);
#1965 = PLANE('',#1966);
#1966 = AXIS2_PLACEMENT_3D('',#1967,#1968,#1969);
#1967 = CARTESIAN_POINT('',(68.125,147.81458256229,0.));
#1968 = DIRECTION('',(0.866025403784,0.5,0.));
#1969 = DIRECTION('',(0.5,-0.866025403784,0.));
#1970 = ADVANCED_FACE('',(#1971),#1989,.F.);
#1971 = FACE_BOUND('',#1972,.F.);
#1972 = EDGE_LOOP('',(#1973,#1981,#1987,#1988));
#1973 = ORIENTED_EDGE('',*,*,#1974,.T.);
#1974 = EDGE_CURVE('',#1064,#1975,#1977,.T.);
#1975 = VERTEX_POINT('',#1976);
#1976 = CARTESIAN_POINT('',(64.875,147.81458256229,5.));
#1977 = LINE('',#1978,#1979);
#1978 = CARTESIAN_POINT('',(64.875,147.81458256229,0.));
#1979 = VECTOR('',#1980,1.);
#1980 = DIRECTION('',(0.,0.,1.));
#1981 = ORIENTED_EDGE('',*,*,#1982,.T.);
#1982 = EDGE_CURVE('',#1975,#1944,#1983,.T.);
#1983 = LINE('',#1984,#1985);
#1984 = CARTESIAN_POINT('',(64.875,147.81458256229,5.));
#1985 = VECTOR('',#1986,1.);
#1986 = DIRECTION('',(1.,0.,0.));
#1987 = ORIENTED_EDGE('',*,*,#1943,.F.);
#1988 = ORIENTED_EDGE('',*,*,#1071,.F.);
#1989 = PLANE('',#1990);
#1990 = AXIS2_PLACEMENT_3D('',#1991,#1992,#1993);
#1991 = CARTESIAN_POINT('',(64.875,147.81458256229,0.));
#1992 = DIRECTION('',(0.,1.,0.));
#1993 = DIRECTION('',(1.,0.,0.));
#1994 = ADVANCED_FACE('',(#1995),#2013,.F.);
#1995 = FACE_BOUND('',#1996,.F.);
#1996 = EDGE_LOOP('',(#1997,#1998,#2006,#2012));
#1997 = ORIENTED_EDGE('',*,*,#1959,.T.);
#1998 = ORIENTED_EDGE('',*,*,#1999,.T.);
#1999 = EDGE_CURVE('',#1952,#2000,#2002,.T.);
#2000 = VERTEX_POINT('',#2001);
#2001 = CARTESIAN_POINT('',(68.125,142.1854174377,5.));
#2002 = LINE('',#2003,#2004);
#2003 = CARTESIAN_POINT('',(69.75,145.,5.));
#2004 = VECTOR('',#2005,1.);
#2005 = DIRECTION('',(-0.5,-0.866025403784,0.));
#2006 = ORIENTED_EDGE('',*,*,#2007,.F.);
#2007 = EDGE_CURVE('',#1040,#2000,#2008,.T.);
#2008 = LINE('',#2009,#2010);
#2009 = CARTESIAN_POINT('',(68.125,142.1854174377,0.));
#2010 = VECTOR('',#2011,1.);
#2011 = DIRECTION('',(0.,0.,1.));
#2012 = ORIENTED_EDGE('',*,*,#1039,.F.);
#2013 = PLANE('',#2014);
#2014 = AXIS2_PLACEMENT_3D('',#2015,#2016,#2017);
#2015 = CARTESIAN_POINT('',(69.75,145.,0.));
#2016 = DIRECTION('',(0.866025403784,-0.5,0.));
#2017 = DIRECTION('',(-0.5,-0.866025403784,0.));
#2018 = ADVANCED_FACE('',(#2019),#2037,.F.);
#2019 = FACE_BOUND('',#2020,.F.);
#2020 = EDGE_LOOP('',(#2021,#2029,#2035,#2036));
#2021 = ORIENTED_EDGE('',*,*,#2022,.T.);
#2022 = EDGE_CURVE('',#1056,#2023,#2025,.T.);
#2023 = VERTEX_POINT('',#2024);
#2024 = CARTESIAN_POINT('',(63.25,145.,5.));
#2025 = LINE('',#2026,#2027);
#2026 = CARTESIAN_POINT('',(63.25,145.,0.));
#2027 = VECTOR('',#2028,1.);
#2028 = DIRECTION('',(0.,0.,1.));
#2029 = ORIENTED_EDGE('',*,*,#2030,.T.);
#2030 = EDGE_CURVE('',#2023,#1975,#2031,.T.);
#2031 = LINE('',#2032,#2033);
#2032 = CARTESIAN_POINT('',(63.25,145.,5.));
#2033 = VECTOR('',#2034,1.);
#2034 = DIRECTION('',(0.5,0.866025403784,0.));
#2035 = ORIENTED_EDGE('',*,*,#1974,.F.);
#2036 = ORIENTED_EDGE('',*,*,#1063,.F.);
#2037 = PLANE('',#2038);
#2038 = AXIS2_PLACEMENT_3D('',#2039,#2040,#2041);
#2039 = CARTESIAN_POINT('',(63.25,145.,0.));
#2040 = DIRECTION('',(-0.866025403784,0.5,0.));
#2041 = DIRECTION('',(0.5,0.866025403784,0.));
#2042 = ADVANCED_FACE('',(#2043),#2061,.F.);
#2043 = FACE_BOUND('',#2044,.F.);
#2044 = EDGE_LOOP('',(#2045,#2046,#2054,#2060));
#2045 = ORIENTED_EDGE('',*,*,#2007,.T.);
#2046 = ORIENTED_EDGE('',*,*,#2047,.T.);
#2047 = EDGE_CURVE('',#2000,#2048,#2050,.T.);
#2048 = VERTEX_POINT('',#2049);
#2049 = CARTESIAN_POINT('',(64.875,142.1854174377,5.));
#2050 = LINE('',#2051,#2052);
#2051 = CARTESIAN_POINT('',(68.125,142.1854174377,5.));
#2052 = VECTOR('',#2053,1.);
#2053 = DIRECTION('',(-1.,0.,0.));
#2054 = ORIENTED_EDGE('',*,*,#2055,.F.);
#2055 = EDGE_CURVE('',#1048,#2048,#2056,.T.);
#2056 = LINE('',#2057,#2058);
#2057 = CARTESIAN_POINT('',(64.875,142.1854174377,0.));
#2058 = VECTOR('',#2059,1.);
#2059 = DIRECTION('',(0.,0.,1.));
#2060 = ORIENTED_EDGE('',*,*,#1047,.F.);
#2061 = PLANE('',#2062);
#2062 = AXIS2_PLACEMENT_3D('',#2063,#2064,#2065);
#2063 = CARTESIAN_POINT('',(68.125,142.1854174377,0.));
#2064 = DIRECTION('',(0.,-1.,0.));
#2065 = DIRECTION('',(-1.,0.,0.));
#2066 = ADVANCED_FACE('',(#2067),#2078,.F.);
#2067 = FACE_BOUND('',#2068,.F.);
#2068 = EDGE_LOOP('',(#2069,#2070,#2076,#2077));
#2069 = ORIENTED_EDGE('',*,*,#2055,.T.);
#2070 = ORIENTED_EDGE('',*,*,#2071,.T.);
#2071 = EDGE_CURVE('',#2048,#2023,#2072,.T.);
#2072 = LINE('',#2073,#2074);
#2073 = CARTESIAN_POINT('',(64.875,142.1854174377,5.));
#2074 = VECTOR('',#2075,1.);
#2075 = DIRECTION('',(-0.5,0.866025403784,-0.));
#2076 = ORIENTED_EDGE('',*,*,#2022,.F.);
#2077 = ORIENTED_EDGE('',*,*,#1055,.F.);
#2078 = PLANE('',#2079);
#2079 = AXIS2_PLACEMENT_3D('',#2080,#2081,#2082);
#2080 = CARTESIAN_POINT('',(64.875,142.1854174377,0.));
#2081 = DIRECTION('',(-0.866025403784,-0.5,0.));
#2082 = DIRECTION('',(-0.5,0.866025403784,0.));
#2083 = ADVANCED_FACE('',(#2084),#2103,.F.);
#2084 = FACE_BOUND('',#2085,.F.);
#2085 = EDGE_LOOP('',(#2086,#2094,#2101,#2102));
#2086 = ORIENTED_EDGE('',*,*,#2087,.T.);
#2087 = EDGE_CURVE('',#1080,#2088,#2090,.T.);
#2088 = VERTEX_POINT('',#2089);
#2089 = CARTESIAN_POINT('',(100.,120.,2.5));
#2090 = LINE('',#2091,#2092);
#2091 = CARTESIAN_POINT('',(100.,120.,0.));
#2092 = VECTOR('',#2093,1.);
#2093 = DIRECTION('',(0.,0.,1.));
#2094 = ORIENTED_EDGE('',*,*,#2095,.T.);
#2095 = EDGE_CURVE('',#2088,#2088,#2096,.T.);
#2096 = CIRCLE('',#2097,15.);
#2097 = AXIS2_PLACEMENT_3D('',#2098,#2099,#2100);
#2098 = CARTESIAN_POINT('',(85.,120.,2.5));
#2099 = DIRECTION('',(0.,0.,-1.));
#2100 = DIRECTION('',(1.,0.,0.));
#2101 = ORIENTED_EDGE('',*,*,#2087,.F.);
#2102 = ORIENTED_EDGE('',*,*,#1079,.F.);
#2103 = CYLINDRICAL_SURFACE('',#2104,15.);
#2104 = AXIS2_PLACEMENT_3D('',#2105,#2106,#2107);
#2105 = CARTESIAN_POINT('',(85.,120.,0.));
#2106 = DIRECTION('',(0.,0.,-1.));
#2107 = DIRECTION('',(1.,0.,0.));
#2108 = ADVANCED_FACE('',(#2109),#2134,.F.);
#2109 = FACE_BOUND('',#2110,.F.);
#2110 = EDGE_LOOP('',(#2111,#2119,#2127,#2133));
#2111 = ORIENTED_EDGE('',*,*,#2112,.T.);
#2112 = EDGE_CURVE('',#1091,#2113,#2115,.T.);
#2113 = VERTEX_POINT('',#2114);
#2114 = CARTESIAN_POINT('',(84.125,146.81458256229,5.));
#2115 = LINE('',#2116,#2117);
#2116 = CARTESIAN_POINT('',(84.125,146.81458256229,0.));
#2117 = VECTOR('',#2118,1.);
#2118 = DIRECTION('',(0.,0.,1.));
#2119 = ORIENTED_EDGE('',*,*,#2120,.T.);
#2120 = EDGE_CURVE('',#2113,#2121,#2123,.T.);
#2121 = VERTEX_POINT('',#2122);
#2122 = CARTESIAN_POINT('',(85.75,144.,5.));
#2123 = LINE('',#2124,#2125);
#2124 = CARTESIAN_POINT('',(84.125,146.81458256229,5.));
#2125 = VECTOR('',#2126,1.);
#2126 = DIRECTION('',(0.5,-0.866025403784,0.));
#2127 = ORIENTED_EDGE('',*,*,#2128,.F.);
#2128 = EDGE_CURVE('',#1093,#2121,#2129,.T.);
#2129 = LINE('',#2130,#2131);
#2130 = CARTESIAN_POINT('',(85.75,144.,0.));
#2131 = VECTOR('',#2132,1.);
#2132 = DIRECTION('',(0.,0.,1.));
#2133 = ORIENTED_EDGE('',*,*,#1090,.F.);
#2134 = PLANE('',#2135);
#2135 = AXIS2_PLACEMENT_3D('',#2136,#2137,#2138);
#2136 = CARTESIAN_POINT('',(84.125,146.81458256229,0.));
#2137 = DIRECTION('',(0.866025403784,0.5,0.));
#2138 = DIRECTION('',(0.5,-0.866025403784,0.));
#2139 = ADVANCED_FACE('',(#2140),#2158,.F.);
#2140 = FACE_BOUND('',#2141,.F.);
#2141 = EDGE_LOOP('',(#2142,#2150,#2156,#2157));
#2142 = ORIENTED_EDGE('',*,*,#2143,.T.);
#2143 = EDGE_CURVE('',#1125,#2144,#2146,.T.);
#2144 = VERTEX_POINT('',#2145);
#2145 = CARTESIAN_POINT('',(80.875,146.81458256229,5.));
#2146 = LINE('',#2147,#2148);
#2147 = CARTESIAN_POINT('',(80.875,146.81458256229,0.));
#2148 = VECTOR('',#2149,1.);
#2149 = DIRECTION('',(0.,0.,1.));
#2150 = ORIENTED_EDGE('',*,*,#2151,.T.);
#2151 = EDGE_CURVE('',#2144,#2113,#2152,.T.);
#2152 = LINE('',#2153,#2154);
#2153 = CARTESIAN_POINT('',(80.875,146.81458256229,5.));
#2154 = VECTOR('',#2155,1.);
#2155 = DIRECTION('',(1.,0.,0.));
#2156 = ORIENTED_EDGE('',*,*,#2112,.F.);
#2157 = ORIENTED_EDGE('',*,*,#1132,.F.);
#2158 = PLANE('',#2159);
#2159 = AXIS2_PLACEMENT_3D('',#2160,#2161,#2162);
#2160 = CARTESIAN_POINT('',(80.875,146.81458256229,0.));
#2161 = DIRECTION('',(0.,1.,0.));
#2162 = DIRECTION('',(1.,0.,0.));
#2163 = ADVANCED_FACE('',(#2164),#2182,.F.);
#2164 = FACE_BOUND('',#2165,.F.);
#2165 = EDGE_LOOP('',(#2166,#2167,#2175,#2181));
#2166 = ORIENTED_EDGE('',*,*,#2128,.T.);
#2167 = ORIENTED_EDGE('',*,*,#2168,.T.);
#2168 = EDGE_CURVE('',#2121,#2169,#2171,.T.);
#2169 = VERTEX_POINT('',#2170);
#2170 = CARTESIAN_POINT('',(84.125,141.1854174377,5.));
#2171 = LINE('',#2172,#2173);
#2172 = CARTESIAN_POINT('',(85.75,144.,5.));
#2173 = VECTOR('',#2174,1.);
#2174 = DIRECTION('',(-0.5,-0.866025403784,0.));
#2175 = ORIENTED_EDGE('',*,*,#2176,.F.);
#2176 = EDGE_CURVE('',#1101,#2169,#2177,.T.);
#2177 = LINE('',#2178,#2179);
#2178 = CARTESIAN_POINT('',(84.125,141.1854174377,0.));
#2179 = VECTOR('',#2180,1.);
#2180 = DIRECTION('',(0.,0.,1.));
#2181 = ORIENTED_EDGE('',*,*,#1100,.F.);
#2182 = PLANE('',#2183);
#2183 = AXIS2_PLACEMENT_3D('',#2184,#2185,#2186);
#2184 = CARTESIAN_POINT('',(85.75,144.,0.));
#2185 = DIRECTION('',(0.866025403784,-0.5,0.));
#2186 = DIRECTION('',(-0.5,-0.866025403784,0.));
#2187 = ADVANCED_FACE('',(#2188),#2206,.F.);
#2188 = FACE_BOUND('',#2189,.F.);
#2189 = EDGE_LOOP('',(#2190,#2198,#2204,#2205));
#2190 = ORIENTED_EDGE('',*,*,#2191,.T.);
#2191 = EDGE_CURVE('',#1117,#2192,#2194,.T.);
#2192 = VERTEX_POINT('',#2193);
#2193 = CARTESIAN_POINT('',(79.25,144.,5.));
#2194 = LINE('',#2195,#2196);
#2195 = CARTESIAN_POINT('',(79.25,144.,0.));
#2196 = VECTOR('',#2197,1.);
#2197 = DIRECTION('',(0.,0.,1.));
#2198 = ORIENTED_EDGE('',*,*,#2199,.T.);
#2199 = EDGE_CURVE('',#2192,#2144,#2200,.T.);
#2200 = LINE('',#2201,#2202);
#2201 = CARTESIAN_POINT('',(79.25,144.,5.));
#2202 = VECTOR('',#2203,1.);
#2203 = DIRECTION('',(0.5,0.866025403784,0.));
#2204 = ORIENTED_EDGE('',*,*,#2143,.F.);
#2205 = ORIENTED_EDGE('',*,*,#1124,.F.);
#2206 = PLANE('',#2207);
#2207 = AXIS2_PLACEMENT_3D('',#2208,#2209,#2210);
#2208 = CARTESIAN_POINT('',(79.25,144.,0.));
#2209 = DIRECTION('',(-0.866025403784,0.5,0.));
#2210 = DIRECTION('',(0.5,0.866025403784,0.));
#2211 = ADVANCED_FACE('',(#2212),#2230,.F.);
#2212 = FACE_BOUND('',#2213,.F.);
#2213 = EDGE_LOOP('',(#2214,#2215,#2223,#2229));
#2214 = ORIENTED_EDGE('',*,*,#2176,.T.);
#2215 = ORIENTED_EDGE('',*,*,#2216,.T.);
#2216 = EDGE_CURVE('',#2169,#2217,#2219,.T.);
#2217 = VERTEX_POINT('',#2218);
#2218 = CARTESIAN_POINT('',(80.875,141.1854174377,5.));
#2219 = LINE('',#2220,#2221);
#2220 = CARTESIAN_POINT('',(84.125,141.1854174377,5.));
#2221 = VECTOR('',#2222,1.);
#2222 = DIRECTION('',(-1.,0.,0.));
#2223 = ORIENTED_EDGE('',*,*,#2224,.F.);
#2224 = EDGE_CURVE('',#1109,#2217,#2225,.T.);
#2225 = LINE('',#2226,#2227);
#2226 = CARTESIAN_POINT('',(80.875,141.1854174377,0.));
#2227 = VECTOR('',#2228,1.);
#2228 = DIRECTION('',(0.,0.,1.));
#2229 = ORIENTED_EDGE('',*,*,#1108,.F.);
#2230 = PLANE('',#2231);
#2231 = AXIS2_PLACEMENT_3D('',#2232,#2233,#2234);
#2232 = CARTESIAN_POINT('',(84.125,141.1854174377,0.));
#2233 = DIRECTION('',(0.,-1.,0.));
#2234 = DIRECTION('',(-1.,0.,0.));
#2235 = ADVANCED_FACE('',(#2236),#2247,.F.);
#2236 = FACE_BOUND('',#2237,.F.);
#2237 = EDGE_LOOP('',(#2238,#2239,#2245,#2246));
#2238 = ORIENTED_EDGE('',*,*,#2224,.T.);
#2239 = ORIENTED_EDGE('',*,*,#2240,.T.);
#2240 = EDGE_CURVE('',#2217,#2192,#2241,.T.);
#2241 = LINE('',#2242,#2243);
#2242 = CARTESIAN_POINT('',(80.875,141.1854174377,5.));
#2243 = VECTOR('',#2244,1.);
#2244 = DIRECTION('',(-0.5,0.866025403784,-0.));
#2245 = ORIENTED_EDGE('',*,*,#2191,.F.);
#2246 = ORIENTED_EDGE('',*,*,#1116,.F.);
#2247 = PLANE('',#2248);
#2248 = AXIS2_PLACEMENT_3D('',#2249,#2250,#2251);
#2249 = CARTESIAN_POINT('',(80.875,141.1854174377,0.));
#2250 = DIRECTION('',(-0.866025403784,-0.5,0.));
#2251 = DIRECTION('',(-0.5,0.866025403784,0.));
#2252 = ADVANCED_FACE('',(#2253),#2278,.F.);
#2253 = FACE_BOUND('',#2254,.F.);
#2254 = EDGE_LOOP('',(#2255,#2263,#2271,#2277));
#2255 = ORIENTED_EDGE('',*,*,#2256,.T.);
#2256 = EDGE_CURVE('',#1141,#2257,#2259,.T.);
#2257 = VERTEX_POINT('',#2258);
#2258 = CARTESIAN_POINT('',(100.125,147.81458256229,5.));
#2259 = LINE('',#2260,#2261);
#2260 = CARTESIAN_POINT('',(100.125,147.81458256229,0.));
#2261 = VECTOR('',#2262,1.);
#2262 = DIRECTION('',(0.,0.,1.));
#2263 = ORIENTED_EDGE('',*,*,#2264,.T.);
#2264 = EDGE_CURVE('',#2257,#2265,#2267,.T.);
#2265 = VERTEX_POINT('',#2266);
#2266 = CARTESIAN_POINT('',(101.75,145.,5.));
#2267 = LINE('',#2268,#2269);
#2268 = CARTESIAN_POINT('',(100.125,147.81458256229,5.));
#2269 = VECTOR('',#2270,1.);
#2270 = DIRECTION('',(0.5,-0.866025403784,0.));
#2271 = ORIENTED_EDGE('',*,*,#2272,.F.);
#2272 = EDGE_CURVE('',#1143,#2265,#2273,.T.);
#2273 = LINE('',#2274,#2275);
#2274 = CARTESIAN_POINT('',(101.75,145.,0.));
#2275 = VECTOR('',#2276,1.);
#2276 = DIRECTION('',(0.,0.,1.));
#2277 = ORIENTED_EDGE('',*,*,#1140,.F.);
#2278 = PLANE('',#2279);
#2279 = AXIS2_PLACEMENT_3D('',#2280,#2281,#2282);
#2280 = CARTESIAN_POINT('',(100.125,147.81458256229,0.));
#2281 = DIRECTION('',(0.866025403784,0.5,0.));
#2282 = DIRECTION('',(0.5,-0.866025403784,0.));
#2283 = ADVANCED_FACE('',(#2284),#2302,.F.);
#2284 = FACE_BOUND('',#2285,.F.);
#2285 = EDGE_LOOP('',(#2286,#2294,#2300,#2301));
#2286 = ORIENTED_EDGE('',*,*,#2287,.T.);
#2287 = EDGE_CURVE('',#1175,#2288,#2290,.T.);
#2288 = VERTEX_POINT('',#2289);
#2289 = CARTESIAN_POINT('',(96.875,147.81458256229,5.));
#2290 = LINE('',#2291,#2292);
#2291 = CARTESIAN_POINT('',(96.875,147.81458256229,0.));
#2292 = VECTOR('',#2293,1.);
#2293 = DIRECTION('',(0.,0.,1.));
#2294 = ORIENTED_EDGE('',*,*,#2295,.T.);
#2295 = EDGE_CURVE('',#2288,#2257,#2296,.T.);
#2296 = LINE('',#2297,#2298);
#2297 = CARTESIAN_POINT('',(96.875,147.81458256229,5.));
#2298 = VECTOR('',#2299,1.);
#2299 = DIRECTION('',(1.,0.,0.));
#2300 = ORIENTED_EDGE('',*,*,#2256,.F.);
#2301 = ORIENTED_EDGE('',*,*,#1182,.F.);
#2302 = PLANE('',#2303);
#2303 = AXIS2_PLACEMENT_3D('',#2304,#2305,#2306);
#2304 = CARTESIAN_POINT('',(96.875,147.81458256229,0.));
#2305 = DIRECTION('',(0.,1.,0.));
#2306 = DIRECTION('',(1.,0.,0.));
#2307 = ADVANCED_FACE('',(#2308),#2326,.F.);
#2308 = FACE_BOUND('',#2309,.F.);
#2309 = EDGE_LOOP('',(#2310,#2311,#2319,#2325));
#2310 = ORIENTED_EDGE('',*,*,#2272,.T.);
#2311 = ORIENTED_EDGE('',*,*,#2312,.T.);
#2312 = EDGE_CURVE('',#2265,#2313,#2315,.T.);
#2313 = VERTEX_POINT('',#2314);
#2314 = CARTESIAN_POINT('',(100.125,142.1854174377,5.));
#2315 = LINE('',#2316,#2317);
#2316 = CARTESIAN_POINT('',(101.75,145.,5.));
#2317 = VECTOR('',#2318,1.);
#2318 = DIRECTION('',(-0.5,-0.866025403784,0.));
#2319 = ORIENTED_EDGE('',*,*,#2320,.F.);
#2320 = EDGE_CURVE('',#1151,#2313,#2321,.T.);
#2321 = LINE('',#2322,#2323);
#2322 = CARTESIAN_POINT('',(100.125,142.1854174377,0.));
#2323 = VECTOR('',#2324,1.);
#2324 = DIRECTION('',(0.,0.,1.));
#2325 = ORIENTED_EDGE('',*,*,#1150,.F.);
#2326 = PLANE('',#2327);
#2327 = AXIS2_PLACEMENT_3D('',#2328,#2329,#2330);
#2328 = CARTESIAN_POINT('',(101.75,145.,0.));
#2329 = DIRECTION('',(0.866025403784,-0.5,0.));
#2330 = DIRECTION('',(-0.5,-0.866025403784,0.));
#2331 = ADVANCED_FACE('',(#2332),#2350,.F.);
#2332 = FACE_BOUND('',#2333,.F.);
#2333 = EDGE_LOOP('',(#2334,#2342,#2348,#2349));
#2334 = ORIENTED_EDGE('',*,*,#2335,.T.);
#2335 = EDGE_CURVE('',#1167,#2336,#2338,.T.);
#2336 = VERTEX_POINT('',#2337);
#2337 = CARTESIAN_POINT('',(95.25,145.,5.));
#2338 = LINE('',#2339,#2340);
#2339 = CARTESIAN_POINT('',(95.25,145.,0.));
#2340 = VECTOR('',#2341,1.);
#2341 = DIRECTION('',(0.,0.,1.));
#2342 = ORIENTED_EDGE('',*,*,#2343,.T.);
#2343 = EDGE_CURVE('',#2336,#2288,#2344,.T.);
#2344 = LINE('',#2345,#2346);
#2345 = CARTESIAN_POINT('',(95.25,145.,5.));
#2346 = VECTOR('',#2347,1.);
#2347 = DIRECTION('',(0.5,0.866025403784,0.));
#2348 = ORIENTED_EDGE('',*,*,#2287,.F.);
#2349 = ORIENTED_EDGE('',*,*,#1174,.F.);
#2350 = PLANE('',#2351);
#2351 = AXIS2_PLACEMENT_3D('',#2352,#2353,#2354);
#2352 = CARTESIAN_POINT('',(95.25,145.,0.));
#2353 = DIRECTION('',(-0.866025403784,0.5,0.));
#2354 = DIRECTION('',(0.5,0.866025403784,0.));
#2355 = ADVANCED_FACE('',(#2356),#2374,.F.);
#2356 = FACE_BOUND('',#2357,.F.);
#2357 = EDGE_LOOP('',(#2358,#2359,#2367,#2373));
#2358 = ORIENTED_EDGE('',*,*,#2320,.T.);
#2359 = ORIENTED_EDGE('',*,*,#2360,.T.);
#2360 = EDGE_CURVE('',#2313,#2361,#2363,.T.);
#2361 = VERTEX_POINT('',#2362);
#2362 = CARTESIAN_POINT('',(96.875,142.1854174377,5.));
#2363 = LINE('',#2364,#2365);
#2364 = CARTESIAN_POINT('',(100.125,142.1854174377,5.));
#2365 = VECTOR('',#2366,1.);
#2366 = DIRECTION('',(-1.,0.,0.));
#2367 = ORIENTED_EDGE('',*,*,#2368,.F.);
#2368 = EDGE_CURVE('',#1159,#2361,#2369,.T.);
#2369 = LINE('',#2370,#2371);
#2370 = CARTESIAN_POINT('',(96.875,142.1854174377,0.));
#2371 = VECTOR('',#2372,1.);
#2372 = DIRECTION('',(0.,0.,1.));
#2373 = ORIENTED_EDGE('',*,*,#1158,.F.);
#2374 = PLANE('',#2375);
#2375 = AXIS2_PLACEMENT_3D('',#2376,#2377,#2378);
#2376 = CARTESIAN_POINT('',(100.125,142.1854174377,0.));
#2377 = DIRECTION('',(0.,-1.,0.));
#2378 = DIRECTION('',(-1.,0.,0.));
#2379 = ADVANCED_FACE('',(#2380),#2391,.F.);
#2380 = FACE_BOUND('',#2381,.F.);
#2381 = EDGE_LOOP('',(#2382,#2383,#2389,#2390));
#2382 = ORIENTED_EDGE('',*,*,#2368,.T.);
#2383 = ORIENTED_EDGE('',*,*,#2384,.T.);
#2384 = EDGE_CURVE('',#2361,#2336,#2385,.T.);
#2385 = LINE('',#2386,#2387);
#2386 = CARTESIAN_POINT('',(96.875,142.1854174377,5.));
#2387 = VECTOR('',#2388,1.);
#2388 = DIRECTION('',(-0.5,0.866025403784,-0.));
#2389 = ORIENTED_EDGE('',*,*,#2335,.F.);
#2390 = ORIENTED_EDGE('',*,*,#1166,.F.);
#2391 = PLANE('',#2392);
#2392 = AXIS2_PLACEMENT_3D('',#2393,#2394,#2395);
#2393 = CARTESIAN_POINT('',(96.875,142.1854174377,0.));
#2394 = DIRECTION('',(-0.866025403784,-0.5,0.));
#2395 = DIRECTION('',(-0.5,0.866025403784,0.));
#2396 = ADVANCED_FACE('',(#2397),#2416,.F.);
#2397 = FACE_BOUND('',#2398,.F.);
#2398 = EDGE_LOOP('',(#2399,#2407,#2408,#2409));
#2399 = ORIENTED_EDGE('',*,*,#2400,.F.);
#2400 = EDGE_CURVE('',#1203,#2401,#2403,.T.);
#2401 = VERTEX_POINT('',#2402);
#2402 = CARTESIAN_POINT('',(29.1,144.,5.));
#2403 = LINE('',#2404,#2405);
#2404 = CARTESIAN_POINT('',(29.1,144.,8.1));
#2405 = VECTOR('',#2406,1.);
#2406 = DIRECTION('',(-0.,-0.,-1.));
#2407 = ORIENTED_EDGE('',*,*,#1202,.F.);
#2408 = ORIENTED_EDGE('',*,*,#2400,.T.);
#2409 = ORIENTED_EDGE('',*,*,#2410,.T.);
#2410 = EDGE_CURVE('',#2401,#2401,#2411,.T.);
#2411 = CIRCLE('',#2412,1.6);
#2412 = AXIS2_PLACEMENT_3D('',#2413,#2414,#2415);
#2413 = CARTESIAN_POINT('',(27.5,144.,5.));
#2414 = DIRECTION('',(0.,0.,1.));
#2415 = DIRECTION('',(1.,0.,0.));
#2416 = CYLINDRICAL_SURFACE('',#2417,1.6);
#2417 = AXIS2_PLACEMENT_3D('',#2418,#2419,#2420);
#2418 = CARTESIAN_POINT('',(27.5,144.,8.1));
#2419 = DIRECTION('',(0.,0.,1.));
#2420 = DIRECTION('',(1.,0.,0.));
#2421 = ADVANCED_FACE('',(#2422),#2441,.F.);
#2422 = FACE_BOUND('',#2423,.F.);
#2423 = EDGE_LOOP('',(#2424,#2432,#2433,#2434));
#2424 = ORIENTED_EDGE('',*,*,#2425,.F.);
#2425 = EDGE_CURVE('',#1214,#2426,#2428,.T.);
#2426 = VERTEX_POINT('',#2427);
#2427 = CARTESIAN_POINT('',(13.1,145.,5.));
#2428 = LINE('',#2429,#2430);
#2429 = CARTESIAN_POINT('',(13.1,145.,8.1));
#2430 = VECTOR('',#2431,1.);
#2431 = DIRECTION('',(-0.,-0.,-1.));
#2432 = ORIENTED_EDGE('',*,*,#1213,.F.);
#2433 = ORIENTED_EDGE('',*,*,#2425,.T.);
#2434 = ORIENTED_EDGE('',*,*,#2435,.T.);
#2435 = EDGE_CURVE('',#2426,#2426,#2436,.T.);
#2436 = CIRCLE('',#2437,1.6);
#2437 = AXIS2_PLACEMENT_3D('',#2438,#2439,#2440);
#2438 = CARTESIAN_POINT('',(11.5,145.,5.));
#2439 = DIRECTION('',(0.,0.,1.));
#2440 = DIRECTION('',(1.,0.,0.));
#2441 = CYLINDRICAL_SURFACE('',#2442,1.6);
#2442 = AXIS2_PLACEMENT_3D('',#2443,#2444,#2445);
#2443 = CARTESIAN_POINT('',(11.5,145.,8.1));
#2444 = DIRECTION('',(0.,0.,1.));
#2445 = DIRECTION('',(1.,0.,0.));
#2446 = ADVANCED_FACE('',(#2447),#2466,.F.);
#2447 = FACE_BOUND('',#2448,.F.);
#2448 = EDGE_LOOP('',(#2449,#2457,#2458,#2459));
#2449 = ORIENTED_EDGE('',*,*,#2450,.F.);
#2450 = EDGE_CURVE('',#1225,#2451,#2453,.T.);
#2451 = VERTEX_POINT('',#2452);
#2452 = CARTESIAN_POINT('',(45.1,145.,5.));
#2453 = LINE('',#2454,#2455);
#2454 = CARTESIAN_POINT('',(45.1,145.,8.1));
#2455 = VECTOR('',#2456,1.);
#2456 = DIRECTION('',(-0.,-0.,-1.));
#2457 = ORIENTED_EDGE('',*,*,#1224,.F.);
#2458 = ORIENTED_EDGE('',*,*,#2450,.T.);
#2459 = ORIENTED_EDGE('',*,*,#2460,.T.);
#2460 = EDGE_CURVE('',#2451,#2451,#2461,.T.);
#2461 = CIRCLE('',#2462,1.6);
#2462 = AXIS2_PLACEMENT_3D('',#2463,#2464,#2465);
#2463 = CARTESIAN_POINT('',(43.5,145.,5.));
#2464 = DIRECTION('',(0.,0.,1.));
#2465 = DIRECTION('',(1.,0.,0.));
#2466 = CYLINDRICAL_SURFACE('',#2467,1.6);
#2467 = AXIS2_PLACEMENT_3D('',#2468,#2469,#2470);
#2468 = CARTESIAN_POINT('',(43.5,145.,8.1));
#2469 = DIRECTION('',(0.,0.,1.));
#2470 = DIRECTION('',(1.,0.,0.));
#2471 = ADVANCED_FACE('',(#2472),#2491,.F.);
#2472 = FACE_BOUND('',#2473,.F.);
#2473 = EDGE_LOOP('',(#2474,#2482,#2483,#2484));
#2474 = ORIENTED_EDGE('',*,*,#2475,.F.);
#2475 = EDGE_CURVE('',#1248,#2476,#2478,.T.);
#2476 = VERTEX_POINT('',#2477);
#2477 = CARTESIAN_POINT('',(84.1,144.,5.));
#2478 = LINE('',#2479,#2480);
#2479 = CARTESIAN_POINT('',(84.1,144.,8.1));
#2480 = VECTOR('',#2481,1.);
#2481 = DIRECTION('',(-0.,-0.,-1.));
#2482 = ORIENTED_EDGE('',*,*,#1247,.F.);
#2483 = ORIENTED_EDGE('',*,*,#2475,.T.);
#2484 = ORIENTED_EDGE('',*,*,#2485,.T.);
#2485 = EDGE_CURVE('',#2476,#2476,#2486,.T.);
#2486 = CIRCLE('',#2487,1.6);
#2487 = AXIS2_PLACEMENT_3D('',#2488,#2489,#2490);
#2488 = CARTESIAN_POINT('',(82.5,144.,5.));
#2489 = DIRECTION('',(0.,0.,1.));
#2490 = DIRECTION('',(1.,0.,0.));
#2491 = CYLINDRICAL_SURFACE('',#2492,1.6);
#2492 = AXIS2_PLACEMENT_3D('',#2493,#2494,#2495);
#2493 = CARTESIAN_POINT('',(82.5,144.,8.1));
#2494 = DIRECTION('',(0.,0.,1.));
#2495 = DIRECTION('',(1.,0.,0.));
#2496 = ADVANCED_FACE('',(#2497),#2516,.F.);
#2497 = FACE_BOUND('',#2498,.F.);
#2498 = EDGE_LOOP('',(#2499,#2507,#2508,#2509));
#2499 = ORIENTED_EDGE('',*,*,#2500,.F.);
#2500 = EDGE_CURVE('',#1259,#2501,#2503,.T.);
#2501 = VERTEX_POINT('',#2502);
#2502 = CARTESIAN_POINT('',(68.1,145.,5.));
#2503 = LINE('',#2504,#2505);
#2504 = CARTESIAN_POINT('',(68.1,145.,8.1));
#2505 = VECTOR('',#2506,1.);
#2506 = DIRECTION('',(-0.,-0.,-1.));
#2507 = ORIENTED_EDGE('',*,*,#1258,.F.);
#2508 = ORIENTED_EDGE('',*,*,#2500,.T.);
#2509 = ORIENTED_EDGE('',*,*,#2510,.T.);
#2510 = EDGE_CURVE('',#2501,#2501,#2511,.T.);
#2511 = CIRCLE('',#2512,1.6);
#2512 = AXIS2_PLACEMENT_3D('',#2513,#2514,#2515);
#2513 = CARTESIAN_POINT('',(66.5,145.,5.));
#2514 = DIRECTION('',(0.,0.,1.));
#2515 = DIRECTION('',(1.,0.,0.));
#2516 = CYLINDRICAL_SURFACE('',#2517,1.6);
#2517 = AXIS2_PLACEMENT_3D('',#2518,#2519,#2520);
#2518 = CARTESIAN_POINT('',(66.5,145.,8.1));
#2519 = DIRECTION('',(0.,0.,1.));
#2520 = DIRECTION('',(1.,0.,0.));
#2521 = ADVANCED_FACE('',(#2522),#2541,.F.);
#2522 = FACE_BOUND('',#2523,.F.);
#2523 = EDGE_LOOP('',(#2524,#2532,#2533,#2534));
#2524 = ORIENTED_EDGE('',*,*,#2525,.F.);
#2525 = EDGE_CURVE('',#1270,#2526,#2528,.T.);
#2526 = VERTEX_POINT('',#2527);
#2527 = CARTESIAN_POINT('',(100.1,145.,5.));
#2528 = LINE('',#2529,#2530);
#2529 = CARTESIAN_POINT('',(100.1,145.,8.1));
#2530 = VECTOR('',#2531,1.);
#2531 = DIRECTION('',(-0.,-0.,-1.));
#2532 = ORIENTED_EDGE('',*,*,#1269,.F.);
#2533 = ORIENTED_EDGE('',*,*,#2525,.T.);
#2534 = ORIENTED_EDGE('',*,*,#2535,.T.);
#2535 = EDGE_CURVE('',#2526,#2526,#2536,.T.);
#2536 = CIRCLE('',#2537,1.6);
#2537 = AXIS2_PLACEMENT_3D('',#2538,#2539,#2540);
#2538 = CARTESIAN_POINT('',(98.5,145.,5.));
#2539 = DIRECTION('',(0.,0.,1.));
#2540 = DIRECTION('',(1.,0.,0.));
#2541 = CYLINDRICAL_SURFACE('',#2542,1.6);
#2542 = AXIS2_PLACEMENT_3D('',#2543,#2544,#2545);
#2543 = CARTESIAN_POINT('',(98.5,145.,8.1));
#2544 = DIRECTION('',(0.,0.,1.));
#2545 = DIRECTION('',(1.,0.,0.));
#2546 = ADVANCED_FACE('',(#2547),#2550,.T.);
#2547 = FACE_BOUND('',#2548,.T.);
#2548 = EDGE_LOOP('',(#2549));
#2549 = ORIENTED_EDGE('',*,*,#1310,.T.);
#2550 = PLANE('',#2551);
#2551 = AXIS2_PLACEMENT_3D('',#2552,#2553,#2554);
#2552 = CARTESIAN_POINT('',(55.,54.,7.));
#2553 = DIRECTION('',(0.,0.,1.));
#2554 = DIRECTION('',(1.,0.,0.));
#2555 = ADVANCED_FACE('',(#2556),#2559,.T.);
#2556 = FACE_BOUND('',#2557,.T.);
#2557 = EDGE_LOOP('',(#2558));
#2558 = ORIENTED_EDGE('',*,*,#1335,.T.);
#2559 = PLANE('',#2560);
#2560 = AXIS2_PLACEMENT_3D('',#2561,#2562,#2563);
#2561 = CARTESIAN_POINT('',(55.,54.,7.));
#2562 = DIRECTION('',(0.,0.,1.));
#2563 = DIRECTION('',(1.,0.,0.));
#2564 = ADVANCED_FACE('',(#2565),#2568,.T.);
#2565 = FACE_BOUND('',#2566,.T.);
#2566 = EDGE_LOOP('',(#2567));
#2567 = ORIENTED_EDGE('',*,*,#1360,.T.);
#2568 = PLANE('',#2569);
#2569 = AXIS2_PLACEMENT_3D('',#2570,#2571,#2572);
#2570 = CARTESIAN_POINT('',(55.,54.,7.));
#2571 = DIRECTION('',(0.,0.,1.));
#2572 = DIRECTION('',(1.,0.,0.));
#2573 = ADVANCED_FACE('',(#2574),#2577,.F.);
#2574 = FACE_BOUND('',#2575,.T.);
#2575 = EDGE_LOOP('',(#2576));
#2576 = ORIENTED_EDGE('',*,*,#1394,.T.);
#2577 = PLANE('',#2578);
#2578 = AXIS2_PLACEMENT_3D('',#2579,#2580,#2581);
#2579 = CARTESIAN_POINT('',(55.,70.,2.5));
#2580 = DIRECTION('',(0.,0.,1.));
#2581 = DIRECTION('',(1.,0.,0.));
#2582 = ADVANCED_FACE('',(#2583),#2586,.F.);
#2583 = FACE_BOUND('',#2584,.T.);
#2584 = EDGE_LOOP('',(#2585));
#2585 = ORIENTED_EDGE('',*,*,#1419,.T.);
#2586 = PLANE('',#2587);
#2587 = AXIS2_PLACEMENT_3D('',#2588,#2589,#2590);
#2588 = CARTESIAN_POINT('',(55.,70.,2.5));
#2589 = DIRECTION('',(0.,0.,1.));
#2590 = DIRECTION('',(1.,0.,0.));
#2591 = ADVANCED_FACE('',(#2592),#2595,.F.);
#2592 = FACE_BOUND('',#2593,.T.);
#2593 = EDGE_LOOP('',(#2594));
#2594 = ORIENTED_EDGE('',*,*,#1444,.T.);
#2595 = PLANE('',#2596);
#2596 = AXIS2_PLACEMENT_3D('',#2597,#2598,#2599);
#2597 = CARTESIAN_POINT('',(55.,70.,2.5));
#2598 = DIRECTION('',(0.,0.,1.));
#2599 = DIRECTION('',(1.,0.,0.));
#2600 = ADVANCED_FACE('',(#2601),#2604,.F.);
#2601 = FACE_BOUND('',#2602,.T.);
#2602 = EDGE_LOOP('',(#2603));
#2603 = ORIENTED_EDGE('',*,*,#1469,.T.);
#2604 = PLANE('',#2605);
#2605 = AXIS2_PLACEMENT_3D('',#2606,#2607,#2608);
#2606 = CARTESIAN_POINT('',(55.,70.,2.5));
#2607 = DIRECTION('',(0.,0.,1.));
#2608 = DIRECTION('',(1.,0.,0.));
#2609 = ADVANCED_FACE('',(#2610),#2613,.F.);
#2610 = FACE_BOUND('',#2611,.T.);
#2611 = EDGE_LOOP('',(#2612));
#2612 = ORIENTED_EDGE('',*,*,#1494,.T.);
#2613 = PLANE('',#2614);
#2614 = AXIS2_PLACEMENT_3D('',#2615,#2616,#2617);
#2615 = CARTESIAN_POINT('',(55.,70.,2.5));
#2616 = DIRECTION('',(0.,0.,1.));
#2617 = DIRECTION('',(1.,0.,0.));
#2618 = ADVANCED_FACE('',(#2619,#2627),#2630,.F.);
#2619 = FACE_BOUND('',#2620,.F.);
#2620 = EDGE_LOOP('',(#2621,#2622,#2623,#2624,#2625,#2626));
#2621 = ORIENTED_EDGE('',*,*,#1567,.F.);
#2622 = ORIENTED_EDGE('',*,*,#1519,.F.);
#2623 = ORIENTED_EDGE('',*,*,#1550,.F.);
#2624 = ORIENTED_EDGE('',*,*,#1598,.F.);
#2625 = ORIENTED_EDGE('',*,*,#1639,.F.);
#2626 = ORIENTED_EDGE('',*,*,#1615,.F.);
#2627 = FACE_BOUND('',#2628,.F.);
#2628 = EDGE_LOOP('',(#2629));
#2629 = ORIENTED_EDGE('',*,*,#2435,.F.);
#2630 = PLANE('',#2631);
#2631 = AXIS2_PLACEMENT_3D('',#2632,#2633,#2634);
#2632 = CARTESIAN_POINT('',(55.,144.66666666666,5.));
#2633 = DIRECTION('',(0.,0.,1.));
#2634 = DIRECTION('',(1.,0.,0.));
#2635 = ADVANCED_FACE('',(#2636,#2644),#2647,.F.);
#2636 = FACE_BOUND('',#2637,.F.);
#2637 = EDGE_LOOP('',(#2638,#2639,#2640,#2641,#2642,#2643));
#2638 = ORIENTED_EDGE('',*,*,#1711,.F.);
#2639 = ORIENTED_EDGE('',*,*,#1663,.F.);
#2640 = ORIENTED_EDGE('',*,*,#1694,.F.);
#2641 = ORIENTED_EDGE('',*,*,#1742,.F.);
#2642 = ORIENTED_EDGE('',*,*,#1783,.F.);
#2643 = ORIENTED_EDGE('',*,*,#1759,.F.);
#2644 = FACE_BOUND('',#2645,.F.);
#2645 = EDGE_LOOP('',(#2646));
#2646 = ORIENTED_EDGE('',*,*,#2410,.F.);
#2647 = PLANE('',#2648);
#2648 = AXIS2_PLACEMENT_3D('',#2649,#2650,#2651);
#2649 = CARTESIAN_POINT('',(55.,144.66666666666,5.));
#2650 = DIRECTION('',(0.,0.,1.));
#2651 = DIRECTION('',(1.,0.,0.));
#2652 = ADVANCED_FACE('',(#2653,#2661),#2664,.F.);
#2653 = FACE_BOUND('',#2654,.F.);
#2654 = EDGE_LOOP('',(#2655,#2656,#2657,#2658,#2659,#2660));
#2655 = ORIENTED_EDGE('',*,*,#1855,.F.);
#2656 = ORIENTED_EDGE('',*,*,#1807,.F.);
#2657 = ORIENTED_EDGE('',*,*,#1838,.F.);
#2658 = ORIENTED_EDGE('',*,*,#1886,.F.);
#2659 = ORIENTED_EDGE('',*,*,#1927,.F.);
#2660 = ORIENTED_EDGE('',*,*,#1903,.F.);
#2661 = FACE_BOUND('',#2662,.F.);
#2662 = EDGE_LOOP('',(#2663));
#2663 = ORIENTED_EDGE('',*,*,#2460,.F.);
#2664 = PLANE('',#2665);
#2665 = AXIS2_PLACEMENT_3D('',#2666,#2667,#2668);
#2666 = CARTESIAN_POINT('',(55.,144.66666666666,5.));
#2667 = DIRECTION('',(0.,0.,1.));
#2668 = DIRECTION('',(1.,0.,0.));
#2669 = ADVANCED_FACE('',(#2670,#2678),#2681,.F.);
#2670 = FACE_BOUND('',#2671,.F.);
#2671 = EDGE_LOOP('',(#2672,#2673,#2674,#2675,#2676,#2677));
#2672 = ORIENTED_EDGE('',*,*,#1999,.F.);
#2673 = ORIENTED_EDGE('',*,*,#1951,.F.);
#2674 = ORIENTED_EDGE('',*,*,#1982,.F.);
#2675 = ORIENTED_EDGE('',*,*,#2030,.F.);
#2676 = ORIENTED_EDGE('',*,*,#2071,.F.);
#2677 = ORIENTED_EDGE('',*,*,#2047,.F.);
#2678 = FACE_BOUND('',#2679,.F.);
#2679 = EDGE_LOOP('',(#2680));
#2680 = ORIENTED_EDGE('',*,*,#2510,.F.);
#2681 = PLANE('',#2682);
#2682 = AXIS2_PLACEMENT_3D('',#2683,#2684,#2685);
#2683 = CARTESIAN_POINT('',(55.,144.66666666666,5.));
#2684 = DIRECTION('',(0.,0.,1.));
#2685 = DIRECTION('',(1.,0.,0.));
#2686 = ADVANCED_FACE('',(#2687),#2690,.F.);
#2687 = FACE_BOUND('',#2688,.T.);
#2688 = EDGE_LOOP('',(#2689));
#2689 = ORIENTED_EDGE('',*,*,#2095,.T.);
#2690 = PLANE('',#2691);
#2691 = AXIS2_PLACEMENT_3D('',#2692,#2693,#2694);
#2692 = CARTESIAN_POINT('',(55.,70.,2.5));
#2693 = DIRECTION('',(0.,0.,1.));
#2694 = DIRECTION('',(1.,0.,0.));
#2695 = ADVANCED_FACE('',(#2696,#2704),#2707,.F.);
#2696 = FACE_BOUND('',#2697,.F.);
#2697 = EDGE_LOOP('',(#2698,#2699,#2700,#2701,#2702,#2703));
#2698 = ORIENTED_EDGE('',*,*,#2168,.F.);
#2699 = ORIENTED_EDGE('',*,*,#2120,.F.);
#2700 = ORIENTED_EDGE('',*,*,#2151,.F.);
#2701 = ORIENTED_EDGE('',*,*,#2199,.F.);
#2702 = ORIENTED_EDGE('',*,*,#2240,.F.);
#2703 = ORIENTED_EDGE('',*,*,#2216,.F.);
#2704 = FACE_BOUND('',#2705,.F.);
#2705 = EDGE_LOOP('',(#2706));
#2706 = ORIENTED_EDGE('',*,*,#2485,.F.);
#2707 = PLANE('',#2708);
#2708 = AXIS2_PLACEMENT_3D('',#2709,#2710,#2711);
#2709 = CARTESIAN_POINT('',(55.,144.66666666666,5.));
#2710 = DIRECTION('',(0.,0.,1.));
#2711 = DIRECTION('',(1.,0.,0.));
#2712 = ADVANCED_FACE('',(#2713,#2721),#2724,.F.);
#2713 = FACE_BOUND('',#2714,.F.);
#2714 = EDGE_LOOP('',(#2715,#2716,#2717,#2718,#2719,#2720));
#2715 = ORIENTED_EDGE('',*,*,#2312,.F.);
#2716 = ORIENTED_EDGE('',*,*,#2264,.F.);
#2717 = ORIENTED_EDGE('',*,*,#2295,.F.);
#2718 = ORIENTED_EDGE('',*,*,#2343,.F.);
#2719 = ORIENTED_EDGE('',*,*,#2384,.F.);
#2720 = ORIENTED_EDGE('',*,*,#2360,.F.);
#2721 = FACE_BOUND('',#2722,.F.);
#2722 = EDGE_LOOP('',(#2723));
#2723 = ORIENTED_EDGE('',*,*,#2535,.F.);
#2724 = PLANE('',#2725);
#2725 = AXIS2_PLACEMENT_3D('',#2726,#2727,#2728);
#2726 = CARTESIAN_POINT('',(55.,144.66666666666,5.));
#2727 = DIRECTION('',(0.,0.,1.));
#2728 = DIRECTION('',(1.,0.,0.));
#2729 = ( GEOMETRIC_REPRESENTATION_CONTEXT(3) 
GLOBAL_UNCERTAINTY_ASSIGNED_CONTEXT((#2733)) 
GLOBAL_UNIT_ASSIGNED_CONTEXT((#2730,#2731,#2732)) REPRESENTATION_CONTEXT
('Context #1','3D Context with UNIT and UNCERTAINTY') );
#2730 = ( LENGTH_UNIT() NAMED_UNIT(*) SI_UNIT(.MILLI.,.METRE.) );
#2731 = ( NAMED_UNIT(*) PLANE_ANGLE_UNIT() SI_UNIT($,.RADIAN.) );
#2732 = ( NAMED_UNIT(*) SI_UNIT($,.STERADIAN.) SOLID_ANGLE_UNIT() );
#2733 = UNCERTAINTY_MEASURE_WITH_UNIT(LENGTH_MEASURE(1.E-07),#2730,
  'distance_accuracy_value','confusion accuracy');
#2734 = PRODUCT_RELATED_PRODUCT_CATEGORY('part',$,(#7));
#2735 = MECHANICAL_DESIGN_GEOMETRIC_PRESENTATION_REPRESENTATION('',(
    #2736),#2729);
#2736 = STYLED_ITEM('color',(#2737),#15);
#2737 = PRESENTATION_STYLE_ASSIGNMENT((#2738,#2746));
#2738 = SURFACE_STYLE_USAGE(.BOTH.,#2739);
#2739 = SURFACE_SIDE_STYLE('',(#2740,#2744));
#2740 = SURFACE_STYLE_FILL_AREA(#2741);
#2741 = FILL_AREA_STYLE('',(#2742));
#2742 = FILL_AREA_STYLE_COLOUR('',#2743);
#2743 = COLOUR_RGB('',0.800000010877,0.800000010877,0.800000010877);
#2744 = SURFACE_STYLE_RENDERING_WITH_PROPERTIES(.NORMAL_SHADING.,#2743,(
    #2745));
#2745 = SURFACE_STYLE_TRANSPARENT(0.5);
#2746 = CURVE_STYLE('',#2747,POSITIVE_LENGTH_MEASURE(0.1),#2748);
#2747 = DRAUGHTING_PRE_DEFINED_CURVE_FONT('continuous');
#2748 = COLOUR_RGB('',9.803921802644E-02,9.803921802644E-02,
  9.803921802644E-02);
ENDSEC;
END-ISO-10303-21;
