ISO-10303-21;
HEADER;
FILE_DESCRIPTION(('FreeCAD Model'),'2;1');
FILE_NAME('Open CASCADE Shape Model','2026-06-12T08:29:27',(''),(''),
  'Open CASCADE STEP processor 7.9','FreeCAD','Unknown');
FILE_SCHEMA(('AUTOMOTIVE_DESIGN { 1 0 10303 214 1 1 1 1 }'));
ENDSEC;
DATA;
#1 = APPLICATION_PROTOCOL_DEFINITION('international standard',
  'automotive_design',2000,#2);
#2 = APPLICATION_CONTEXT(
  'core data for automotive mechanical design processes');
#3 = SHAPE_DEFINITION_REPRESENTATION(#4,#10);
#4 = PRODUCT_DEFINITION_SHAPE('','',#5);
#5 = PRODUCT_DEFINITION('design','',#6,#9);
#6 = PRODUCT_DEFINITION_FORMATION('','',#7);
#7 = PRODUCT('Body','Body','',(#8));
#8 = PRODUCT_CONTEXT('',#2,'mechanical');
#9 = PRODUCT_DEFINITION_CONTEXT('part definition',#2,'design');
#10 = ADVANCED_BREP_SHAPE_REPRESENTATION('',(#11,#15),#2639);
#11 = AXIS2_PLACEMENT_3D('',#12,#13,#14);
#12 = CARTESIAN_POINT('',(0.,0.,0.));
#13 = DIRECTION('',(0.,0.,1.));
#14 = DIRECTION('',(1.,0.,-0.));
#15 = MANIFOLD_SOLID_BREP('',#16);
#16 = CLOSED_SHELL('',(#17,#229,#255,#332,#356,#380,#404,#451,#468,#492,
    #516,#540,#564,#588,#612,#629,#653,#677,#694,#711,#737,#763,#789,
    #814,#1170,#1215,#1260,#1276,#1301,#1326,#1351,#1360,#1385,#1410,
    #1435,#1466,#1490,#1514,#1538,#1562,#1579,#1610,#1634,#1658,#1682,
    #1706,#1723,#1754,#1778,#1802,#1826,#1850,#1867,#1892,#1923,#1947,
    #1971,#1995,#2019,#2036,#2067,#2091,#2115,#2139,#2163,#2180,#2211,
    #2235,#2259,#2283,#2307,#2324,#2349,#2374,#2399,#2424,#2449,#2474,
    #2483,#2492,#2501,#2510,#2519,#2528,#2545,#2562,#2579,#2588,#2605,
    #2622));
#17 = ADVANCED_FACE('',(#18,#29,#191,#202,#213),#224,.T.);
#18 = FACE_BOUND('',#19,.T.);
#19 = EDGE_LOOP('',(#20));
#20 = ORIENTED_EDGE('',*,*,#21,.F.);
#21 = EDGE_CURVE('',#22,#22,#24,.T.);
#22 = VERTEX_POINT('',#23);
#23 = CARTESIAN_POINT('',(15.875,45.,10.));
#24 = CIRCLE('',#25,3.375);
#25 = AXIS2_PLACEMENT_3D('',#26,#27,#28);
#26 = CARTESIAN_POINT('',(12.5,45.,10.));
#27 = DIRECTION('',(0.,0.,1.));
#28 = DIRECTION('',(1.,0.,0.));
#29 = FACE_BOUND('',#30,.T.);
#30 = EDGE_LOOP('',(#31,#41,#49,#57,#65,#73,#81,#89,#97,#105,#113,#121,
    #129,#137,#145,#153,#161,#169,#177,#185));
#31 = ORIENTED_EDGE('',*,*,#32,.T.);
#32 = EDGE_CURVE('',#33,#35,#37,.T.);
#33 = VERTEX_POINT('',#34);
#34 = CARTESIAN_POINT('',(5.,85.,10.));
#35 = VERTEX_POINT('',#36);
#36 = CARTESIAN_POINT('',(0.,85.,10.));
#37 = LINE('',#38,#39);
#38 = CARTESIAN_POINT('',(105.,85.,10.));
#39 = VECTOR('',#40,1.);
#40 = DIRECTION('',(-1.,0.,0.));
#41 = ORIENTED_EDGE('',*,*,#42,.T.);
#42 = EDGE_CURVE('',#35,#43,#45,.T.);
#43 = VERTEX_POINT('',#44);
#44 = CARTESIAN_POINT('',(0.,0.,10.));
#45 = LINE('',#46,#47);
#46 = CARTESIAN_POINT('',(0.,85.,10.));
#47 = VECTOR('',#48,1.);
#48 = DIRECTION('',(0.,-1.,0.));
#49 = ORIENTED_EDGE('',*,*,#50,.T.);
#50 = EDGE_CURVE('',#43,#51,#53,.T.);
#51 = VERTEX_POINT('',#52);
#52 = CARTESIAN_POINT('',(38.075,0.,10.));
#53 = LINE('',#54,#55);
#54 = CARTESIAN_POINT('',(0.,0.,10.));
#55 = VECTOR('',#56,1.);
#56 = DIRECTION('',(1.,0.,0.));
#57 = ORIENTED_EDGE('',*,*,#58,.T.);
#58 = EDGE_CURVE('',#51,#59,#61,.T.);
#59 = VERTEX_POINT('',#60);
#60 = CARTESIAN_POINT('',(38.075,19.999999999995,10.));
#61 = LINE('',#62,#63);
#62 = CARTESIAN_POINT('',(38.075,0.,10.));
#63 = VECTOR('',#64,1.);
#64 = DIRECTION('',(0.,1.,0.));
#65 = ORIENTED_EDGE('',*,*,#66,.T.);
#66 = EDGE_CURVE('',#59,#67,#69,.T.);
#67 = VERTEX_POINT('',#68);
#68 = CARTESIAN_POINT('',(28.075,19.999999999995,10.));
#69 = LINE('',#70,#71);
#70 = CARTESIAN_POINT('',(38.075,19.999999999995,10.));
#71 = VECTOR('',#72,1.);
#72 = DIRECTION('',(-1.,0.,0.));
#73 = ORIENTED_EDGE('',*,*,#74,.T.);
#74 = EDGE_CURVE('',#67,#75,#77,.T.);
#75 = VERTEX_POINT('',#76);
#76 = CARTESIAN_POINT('',(28.075,40.,10.));
#77 = LINE('',#78,#79);
#78 = CARTESIAN_POINT('',(28.075,19.999999999995,10.));
#79 = VECTOR('',#80,1.);
#80 = DIRECTION('',(0.,1.,0.));
#81 = ORIENTED_EDGE('',*,*,#82,.T.);
#82 = EDGE_CURVE('',#75,#83,#85,.T.);
#83 = VERTEX_POINT('',#84);
#84 = CARTESIAN_POINT('',(76.925,40.,10.));
#85 = LINE('',#86,#87);
#86 = CARTESIAN_POINT('',(28.075,40.,10.));
#87 = VECTOR('',#88,1.);
#88 = DIRECTION('',(1.,0.,0.));
#89 = ORIENTED_EDGE('',*,*,#90,.T.);
#90 = EDGE_CURVE('',#83,#91,#93,.T.);
#91 = VERTEX_POINT('',#92);
#92 = CARTESIAN_POINT('',(76.925,20.,10.));
#93 = LINE('',#94,#95);
#94 = CARTESIAN_POINT('',(76.925,40.,10.));
#95 = VECTOR('',#96,1.);
#96 = DIRECTION('',(0.,-1.,0.));
#97 = ORIENTED_EDGE('',*,*,#98,.T.);
#98 = EDGE_CURVE('',#91,#99,#101,.T.);
#99 = VERTEX_POINT('',#100);
#100 = CARTESIAN_POINT('',(66.925,20.,10.));
#101 = LINE('',#102,#103);
#102 = CARTESIAN_POINT('',(76.925,20.,10.));
#103 = VECTOR('',#104,1.);
#104 = DIRECTION('',(-1.,0.,0.));
#105 = ORIENTED_EDGE('',*,*,#106,.T.);
#106 = EDGE_CURVE('',#99,#107,#109,.T.);
#107 = VERTEX_POINT('',#108);
#108 = CARTESIAN_POINT('',(66.925,0.,10.));
#109 = LINE('',#110,#111);
#110 = CARTESIAN_POINT('',(66.925,20.,10.));
#111 = VECTOR('',#112,1.);
#112 = DIRECTION('',(0.,-1.,0.));
#113 = ORIENTED_EDGE('',*,*,#114,.T.);
#114 = EDGE_CURVE('',#107,#115,#117,.T.);
#115 = VERTEX_POINT('',#116);
#116 = CARTESIAN_POINT('',(105.,0.,10.));
#117 = LINE('',#118,#119);
#118 = CARTESIAN_POINT('',(0.,0.,10.));
#119 = VECTOR('',#120,1.);
#120 = DIRECTION('',(1.,0.,0.));
#121 = ORIENTED_EDGE('',*,*,#122,.T.);
#122 = EDGE_CURVE('',#115,#123,#125,.T.);
#123 = VERTEX_POINT('',#124);
#124 = CARTESIAN_POINT('',(105.,85.,10.));
#125 = LINE('',#126,#127);
#126 = CARTESIAN_POINT('',(105.,0.,10.));
#127 = VECTOR('',#128,1.);
#128 = DIRECTION('',(0.,1.,0.));
#129 = ORIENTED_EDGE('',*,*,#130,.T.);
#130 = EDGE_CURVE('',#123,#131,#133,.T.);
#131 = VERTEX_POINT('',#132);
#132 = CARTESIAN_POINT('',(100.,85.,10.));
#133 = LINE('',#134,#135);
#134 = CARTESIAN_POINT('',(105.,85.,10.));
#135 = VECTOR('',#136,1.);
#136 = DIRECTION('',(-1.,0.,0.));
#137 = ORIENTED_EDGE('',*,*,#138,.T.);
#138 = EDGE_CURVE('',#131,#139,#141,.T.);
#139 = VERTEX_POINT('',#140);
#140 = CARTESIAN_POINT('',(100.,73.,10.));
#141 = LINE('',#142,#143);
#142 = CARTESIAN_POINT('',(100.,85.,10.));
#143 = VECTOR('',#144,1.);
#144 = DIRECTION('',(0.,-1.,0.));
#145 = ORIENTED_EDGE('',*,*,#146,.T.);
#146 = EDGE_CURVE('',#139,#147,#149,.T.);
#147 = VERTEX_POINT('',#148);
#148 = CARTESIAN_POINT('',(55.000000000061,73.,10.));
#149 = LINE('',#150,#151);
#150 = CARTESIAN_POINT('',(100.,73.,10.));
#151 = VECTOR('',#152,1.);
#152 = DIRECTION('',(-1.,0.,0.));
#153 = ORIENTED_EDGE('',*,*,#154,.T.);
#154 = EDGE_CURVE('',#147,#155,#157,.T.);
#155 = VERTEX_POINT('',#156);
#156 = CARTESIAN_POINT('',(55.000000000061,85.,10.));
#157 = LINE('',#158,#159);
#158 = CARTESIAN_POINT('',(55.000000000061,73.,10.));
#159 = VECTOR('',#160,1.);
#160 = DIRECTION('',(0.,1.,0.));
#161 = ORIENTED_EDGE('',*,*,#162,.T.);
#162 = EDGE_CURVE('',#155,#163,#165,.T.);
#163 = VERTEX_POINT('',#164);
#164 = CARTESIAN_POINT('',(50.,85.,10.));
#165 = LINE('',#166,#167);
#166 = CARTESIAN_POINT('',(105.,85.,10.));
#167 = VECTOR('',#168,1.);
#168 = DIRECTION('',(-1.,0.,0.));
#169 = ORIENTED_EDGE('',*,*,#170,.T.);
#170 = EDGE_CURVE('',#163,#171,#173,.T.);
#171 = VERTEX_POINT('',#172);
#172 = CARTESIAN_POINT('',(50.,73.,10.));
#173 = LINE('',#174,#175);
#174 = CARTESIAN_POINT('',(50.,85.,10.));
#175 = VECTOR('',#176,1.);
#176 = DIRECTION('',(0.,-1.,0.));
#177 = ORIENTED_EDGE('',*,*,#178,.T.);
#178 = EDGE_CURVE('',#171,#179,#181,.T.);
#179 = VERTEX_POINT('',#180);
#180 = CARTESIAN_POINT('',(5.,73.,10.));
#181 = LINE('',#182,#183);
#182 = CARTESIAN_POINT('',(50.,73.,10.));
#183 = VECTOR('',#184,1.);
#184 = DIRECTION('',(-1.,0.,0.));
#185 = ORIENTED_EDGE('',*,*,#186,.T.);
#186 = EDGE_CURVE('',#179,#33,#187,.T.);
#187 = LINE('',#188,#189);
#188 = CARTESIAN_POINT('',(5.,73.,10.));
#189 = VECTOR('',#190,1.);
#190 = DIRECTION('',(0.,1.,0.));
#191 = FACE_BOUND('',#192,.T.);
#192 = EDGE_LOOP('',(#193));
#193 = ORIENTED_EDGE('',*,*,#194,.F.);
#194 = EDGE_CURVE('',#195,#195,#197,.T.);
#195 = VERTEX_POINT('',#196);
#196 = CARTESIAN_POINT('',(95.875,45.,10.));
#197 = CIRCLE('',#198,3.375);
#198 = AXIS2_PLACEMENT_3D('',#199,#200,#201);
#199 = CARTESIAN_POINT('',(92.5,45.,10.));
#200 = DIRECTION('',(0.,0.,1.));
#201 = DIRECTION('',(1.,0.,0.));
#202 = FACE_BOUND('',#203,.T.);
#203 = EDGE_LOOP('',(#204));
#204 = ORIENTED_EDGE('',*,*,#205,.F.);
#205 = EDGE_CURVE('',#206,#206,#208,.T.);
#206 = VERTEX_POINT('',#207);
#207 = CARTESIAN_POINT('',(95.875,15.,10.));
#208 = CIRCLE('',#209,3.375);
#209 = AXIS2_PLACEMENT_3D('',#210,#211,#212);
#210 = CARTESIAN_POINT('',(92.5,15.,10.));
#211 = DIRECTION('',(0.,0.,1.));
#212 = DIRECTION('',(1.,0.,0.));
#213 = FACE_BOUND('',#214,.T.);
#214 = EDGE_LOOP('',(#215));
#215 = ORIENTED_EDGE('',*,*,#216,.F.);
#216 = EDGE_CURVE('',#217,#217,#219,.T.);
#217 = VERTEX_POINT('',#218);
#218 = CARTESIAN_POINT('',(15.875,15.,10.));
#219 = CIRCLE('',#220,3.375);
#220 = AXIS2_PLACEMENT_3D('',#221,#222,#223);
#221 = CARTESIAN_POINT('',(12.5,15.,10.));
#222 = DIRECTION('',(0.,0.,1.));
#223 = DIRECTION('',(1.,0.,0.));
#224 = PLANE('',#225);
#225 = AXIS2_PLACEMENT_3D('',#226,#227,#228);
#226 = CARTESIAN_POINT('',(52.5,42.5,10.));
#227 = DIRECTION('',(0.,0.,1.));
#228 = DIRECTION('',(1.,0.,0.));
#229 = ADVANCED_FACE('',(#230),#250,.T.);
#230 = FACE_BOUND('',#231,.T.);
#231 = EDGE_LOOP('',(#232,#241,#242,#243));
#232 = ORIENTED_EDGE('',*,*,#233,.F.);
#233 = EDGE_CURVE('',#22,#234,#236,.T.);
#234 = VERTEX_POINT('',#235);
#235 = CARTESIAN_POINT('',(14.875,45.,9.));
#236 = CIRCLE('',#237,1.);
#237 = AXIS2_PLACEMENT_3D('',#238,#239,#240);
#238 = CARTESIAN_POINT('',(15.875,45.,9.));
#239 = DIRECTION('',(0.,-1.,0.));
#240 = DIRECTION('',(1.,0.,0.));
#241 = ORIENTED_EDGE('',*,*,#21,.T.);
#242 = ORIENTED_EDGE('',*,*,#233,.T.);
#243 = ORIENTED_EDGE('',*,*,#244,.F.);
#244 = EDGE_CURVE('',#234,#234,#245,.T.);
#245 = CIRCLE('',#246,2.375);
#246 = AXIS2_PLACEMENT_3D('',#247,#248,#249);
#247 = CARTESIAN_POINT('',(12.5,45.,9.));
#248 = DIRECTION('',(0.,0.,1.));
#249 = DIRECTION('',(1.,0.,0.));
#250 = TOROIDAL_SURFACE('',#251,3.375,1.);
#251 = AXIS2_PLACEMENT_3D('',#252,#253,#254);
#252 = CARTESIAN_POINT('',(12.5,45.,9.));
#253 = DIRECTION('',(0.,0.,1.));
#254 = DIRECTION('',(1.,0.,0.));
#255 = ADVANCED_FACE('',(#256),#327,.F.);
#256 = FACE_BOUND('',#257,.F.);
#257 = EDGE_LOOP('',(#258,#268,#274,#275,#283,#291,#297,#298,#306,#314,
    #320,#321));
#258 = ORIENTED_EDGE('',*,*,#259,.F.);
#259 = EDGE_CURVE('',#260,#262,#264,.T.);
#260 = VERTEX_POINT('',#261);
#261 = CARTESIAN_POINT('',(105.,85.,0.));
#262 = VERTEX_POINT('',#263);
#263 = CARTESIAN_POINT('',(0.,85.,0.));
#264 = LINE('',#265,#266);
#265 = CARTESIAN_POINT('',(105.,85.,0.));
#266 = VECTOR('',#267,1.);
#267 = DIRECTION('',(-1.,0.,0.));
#268 = ORIENTED_EDGE('',*,*,#269,.T.);
#269 = EDGE_CURVE('',#260,#123,#270,.T.);
#270 = LINE('',#271,#272);
#271 = CARTESIAN_POINT('',(105.,85.,0.));
#272 = VECTOR('',#273,1.);
#273 = DIRECTION('',(0.,0.,1.));
#274 = ORIENTED_EDGE('',*,*,#130,.T.);
#275 = ORIENTED_EDGE('',*,*,#276,.T.);
#276 = EDGE_CURVE('',#131,#277,#279,.T.);
#277 = VERTEX_POINT('',#278);
#278 = CARTESIAN_POINT('',(100.,85.,8.1));
#279 = LINE('',#280,#281);
#280 = CARTESIAN_POINT('',(100.,85.,10.));
#281 = VECTOR('',#282,1.);
#282 = DIRECTION('',(-0.,-0.,-1.));
#283 = ORIENTED_EDGE('',*,*,#284,.F.);
#284 = EDGE_CURVE('',#285,#277,#287,.T.);
#285 = VERTEX_POINT('',#286);
#286 = CARTESIAN_POINT('',(55.000000000061,85.,8.1));
#287 = LINE('',#288,#289);
#288 = CARTESIAN_POINT('',(55.000000000061,85.,8.1));
#289 = VECTOR('',#290,1.);
#290 = DIRECTION('',(1.,0.,0.));
#291 = ORIENTED_EDGE('',*,*,#292,.F.);
#292 = EDGE_CURVE('',#155,#285,#293,.T.);
#293 = LINE('',#294,#295);
#294 = CARTESIAN_POINT('',(55.000000000061,85.,10.));
#295 = VECTOR('',#296,1.);
#296 = DIRECTION('',(-0.,-0.,-1.));
#297 = ORIENTED_EDGE('',*,*,#162,.T.);
#298 = ORIENTED_EDGE('',*,*,#299,.T.);
#299 = EDGE_CURVE('',#163,#300,#302,.T.);
#300 = VERTEX_POINT('',#301);
#301 = CARTESIAN_POINT('',(50.,85.,8.1));
#302 = LINE('',#303,#304);
#303 = CARTESIAN_POINT('',(50.,85.,10.));
#304 = VECTOR('',#305,1.);
#305 = DIRECTION('',(-0.,-0.,-1.));
#306 = ORIENTED_EDGE('',*,*,#307,.F.);
#307 = EDGE_CURVE('',#308,#300,#310,.T.);
#308 = VERTEX_POINT('',#309);
#309 = CARTESIAN_POINT('',(5.,85.,8.1));
#310 = LINE('',#311,#312);
#311 = CARTESIAN_POINT('',(5.,85.,8.1));
#312 = VECTOR('',#313,1.);
#313 = DIRECTION('',(1.,0.,0.));
#314 = ORIENTED_EDGE('',*,*,#315,.F.);
#315 = EDGE_CURVE('',#33,#308,#316,.T.);
#316 = LINE('',#317,#318);
#317 = CARTESIAN_POINT('',(5.,85.,10.));
#318 = VECTOR('',#319,1.);
#319 = DIRECTION('',(-0.,-0.,-1.));
#320 = ORIENTED_EDGE('',*,*,#32,.T.);
#321 = ORIENTED_EDGE('',*,*,#322,.F.);
#322 = EDGE_CURVE('',#262,#35,#323,.T.);
#323 = LINE('',#324,#325);
#324 = CARTESIAN_POINT('',(0.,85.,0.));
#325 = VECTOR('',#326,1.);
#326 = DIRECTION('',(0.,0.,1.));
#327 = PLANE('',#328);
#328 = AXIS2_PLACEMENT_3D('',#329,#330,#331);
#329 = CARTESIAN_POINT('',(105.,85.,0.));
#330 = DIRECTION('',(0.,-1.,0.));
#331 = DIRECTION('',(-1.,0.,0.));
#332 = ADVANCED_FACE('',(#333),#351,.T.);
#333 = FACE_BOUND('',#334,.T.);
#334 = EDGE_LOOP('',(#335,#343,#349,#350));
#335 = ORIENTED_EDGE('',*,*,#336,.T.);
#336 = EDGE_CURVE('',#179,#337,#339,.T.);
#337 = VERTEX_POINT('',#338);
#338 = CARTESIAN_POINT('',(5.,73.,8.1));
#339 = LINE('',#340,#341);
#340 = CARTESIAN_POINT('',(5.,73.,10.));
#341 = VECTOR('',#342,1.);
#342 = DIRECTION('',(-0.,-0.,-1.));
#343 = ORIENTED_EDGE('',*,*,#344,.T.);
#344 = EDGE_CURVE('',#337,#308,#345,.T.);
#345 = LINE('',#346,#347);
#346 = CARTESIAN_POINT('',(5.,73.,8.1));
#347 = VECTOR('',#348,1.);
#348 = DIRECTION('',(0.,1.,0.));
#349 = ORIENTED_EDGE('',*,*,#315,.F.);
#350 = ORIENTED_EDGE('',*,*,#186,.F.);
#351 = PLANE('',#352);
#352 = AXIS2_PLACEMENT_3D('',#353,#354,#355);
#353 = CARTESIAN_POINT('',(5.,73.,10.));
#354 = DIRECTION('',(1.,0.,0.));
#355 = DIRECTION('',(0.,1.,0.));
#356 = ADVANCED_FACE('',(#357),#375,.F.);
#357 = FACE_BOUND('',#358,.F.);
#358 = EDGE_LOOP('',(#359,#360,#361,#369));
#359 = ORIENTED_EDGE('',*,*,#322,.T.);
#360 = ORIENTED_EDGE('',*,*,#42,.T.);
#361 = ORIENTED_EDGE('',*,*,#362,.F.);
#362 = EDGE_CURVE('',#363,#43,#365,.T.);
#363 = VERTEX_POINT('',#364);
#364 = CARTESIAN_POINT('',(0.,0.,0.));
#365 = LINE('',#366,#367);
#366 = CARTESIAN_POINT('',(0.,0.,0.));
#367 = VECTOR('',#368,1.);
#368 = DIRECTION('',(0.,0.,1.));
#369 = ORIENTED_EDGE('',*,*,#370,.F.);
#370 = EDGE_CURVE('',#262,#363,#371,.T.);
#371 = LINE('',#372,#373);
#372 = CARTESIAN_POINT('',(0.,85.,0.));
#373 = VECTOR('',#374,1.);
#374 = DIRECTION('',(0.,-1.,0.));
#375 = PLANE('',#376);
#376 = AXIS2_PLACEMENT_3D('',#377,#378,#379);
#377 = CARTESIAN_POINT('',(0.,85.,0.));
#378 = DIRECTION('',(1.,0.,0.));
#379 = DIRECTION('',(0.,-1.,0.));
#380 = ADVANCED_FACE('',(#381),#399,.T.);
#381 = FACE_BOUND('',#382,.T.);
#382 = EDGE_LOOP('',(#383,#391,#397,#398));
#383 = ORIENTED_EDGE('',*,*,#384,.T.);
#384 = EDGE_CURVE('',#171,#385,#387,.T.);
#385 = VERTEX_POINT('',#386);
#386 = CARTESIAN_POINT('',(50.,73.,8.1));
#387 = LINE('',#388,#389);
#388 = CARTESIAN_POINT('',(50.,73.,10.));
#389 = VECTOR('',#390,1.);
#390 = DIRECTION('',(-0.,-0.,-1.));
#391 = ORIENTED_EDGE('',*,*,#392,.T.);
#392 = EDGE_CURVE('',#385,#337,#393,.T.);
#393 = LINE('',#394,#395);
#394 = CARTESIAN_POINT('',(50.,73.,8.1));
#395 = VECTOR('',#396,1.);
#396 = DIRECTION('',(-1.,0.,0.));
#397 = ORIENTED_EDGE('',*,*,#336,.F.);
#398 = ORIENTED_EDGE('',*,*,#178,.F.);
#399 = PLANE('',#400);
#400 = AXIS2_PLACEMENT_3D('',#401,#402,#403);
#401 = CARTESIAN_POINT('',(50.,73.,10.));
#402 = DIRECTION('',(0.,1.,0.));
#403 = DIRECTION('',(-1.,0.,0.));
#404 = ADVANCED_FACE('',(#405),#446,.F.);
#405 = FACE_BOUND('',#406,.F.);
#406 = EDGE_LOOP('',(#407,#415,#416,#417,#425,#433,#439,#440));
#407 = ORIENTED_EDGE('',*,*,#408,.F.);
#408 = EDGE_CURVE('',#363,#409,#411,.T.);
#409 = VERTEX_POINT('',#410);
#410 = CARTESIAN_POINT('',(105.,0.,0.));
#411 = LINE('',#412,#413);
#412 = CARTESIAN_POINT('',(0.,0.,0.));
#413 = VECTOR('',#414,1.);
#414 = DIRECTION('',(1.,0.,0.));
#415 = ORIENTED_EDGE('',*,*,#362,.T.);
#416 = ORIENTED_EDGE('',*,*,#50,.T.);
#417 = ORIENTED_EDGE('',*,*,#418,.T.);
#418 = EDGE_CURVE('',#51,#419,#421,.T.);
#419 = VERTEX_POINT('',#420);
#420 = CARTESIAN_POINT('',(38.075,0.,8.35));
#421 = LINE('',#422,#423);
#422 = CARTESIAN_POINT('',(38.075,0.,10.));
#423 = VECTOR('',#424,1.);
#424 = DIRECTION('',(-0.,-0.,-1.));
#425 = ORIENTED_EDGE('',*,*,#426,.T.);
#426 = EDGE_CURVE('',#419,#427,#429,.T.);
#427 = VERTEX_POINT('',#428);
#428 = CARTESIAN_POINT('',(66.925,0.,8.35));
#429 = LINE('',#430,#431);
#430 = CARTESIAN_POINT('',(38.075,0.,8.35));
#431 = VECTOR('',#432,1.);
#432 = DIRECTION('',(1.,0.,0.));
#433 = ORIENTED_EDGE('',*,*,#434,.F.);
#434 = EDGE_CURVE('',#107,#427,#435,.T.);
#435 = LINE('',#436,#437);
#436 = CARTESIAN_POINT('',(66.925,0.,10.));
#437 = VECTOR('',#438,1.);
#438 = DIRECTION('',(-0.,-0.,-1.));
#439 = ORIENTED_EDGE('',*,*,#114,.T.);
#440 = ORIENTED_EDGE('',*,*,#441,.F.);
#441 = EDGE_CURVE('',#409,#115,#442,.T.);
#442 = LINE('',#443,#444);
#443 = CARTESIAN_POINT('',(105.,0.,0.));
#444 = VECTOR('',#445,1.);
#445 = DIRECTION('',(0.,0.,1.));
#446 = PLANE('',#447);
#447 = AXIS2_PLACEMENT_3D('',#448,#449,#450);
#448 = CARTESIAN_POINT('',(0.,0.,0.));
#449 = DIRECTION('',(0.,1.,0.));
#450 = DIRECTION('',(1.,0.,0.));
#451 = ADVANCED_FACE('',(#452),#463,.T.);
#452 = FACE_BOUND('',#453,.T.);
#453 = EDGE_LOOP('',(#454,#455,#461,#462));
#454 = ORIENTED_EDGE('',*,*,#299,.T.);
#455 = ORIENTED_EDGE('',*,*,#456,.T.);
#456 = EDGE_CURVE('',#300,#385,#457,.T.);
#457 = LINE('',#458,#459);
#458 = CARTESIAN_POINT('',(50.,85.,8.1));
#459 = VECTOR('',#460,1.);
#460 = DIRECTION('',(0.,-1.,0.));
#461 = ORIENTED_EDGE('',*,*,#384,.F.);
#462 = ORIENTED_EDGE('',*,*,#170,.F.);
#463 = PLANE('',#464);
#464 = AXIS2_PLACEMENT_3D('',#465,#466,#467);
#465 = CARTESIAN_POINT('',(50.,85.,10.));
#466 = DIRECTION('',(-1.,0.,0.));
#467 = DIRECTION('',(0.,-1.,0.));
#468 = ADVANCED_FACE('',(#469),#487,.T.);
#469 = FACE_BOUND('',#470,.T.);
#470 = EDGE_LOOP('',(#471,#472,#480,#486));
#471 = ORIENTED_EDGE('',*,*,#418,.T.);
#472 = ORIENTED_EDGE('',*,*,#473,.T.);
#473 = EDGE_CURVE('',#419,#474,#476,.T.);
#474 = VERTEX_POINT('',#475);
#475 = CARTESIAN_POINT('',(38.075,19.999999999995,8.35));
#476 = LINE('',#477,#478);
#477 = CARTESIAN_POINT('',(38.075,0.,8.35));
#478 = VECTOR('',#479,1.);
#479 = DIRECTION('',(0.,1.,0.));
#480 = ORIENTED_EDGE('',*,*,#481,.F.);
#481 = EDGE_CURVE('',#59,#474,#482,.T.);
#482 = LINE('',#483,#484);
#483 = CARTESIAN_POINT('',(38.075,19.999999999995,10.));
#484 = VECTOR('',#485,1.);
#485 = DIRECTION('',(-0.,-0.,-1.));
#486 = ORIENTED_EDGE('',*,*,#58,.F.);
#487 = PLANE('',#488);
#488 = AXIS2_PLACEMENT_3D('',#489,#490,#491);
#489 = CARTESIAN_POINT('',(38.075,0.,10.));
#490 = DIRECTION('',(1.,0.,0.));
#491 = DIRECTION('',(0.,1.,0.));
#492 = ADVANCED_FACE('',(#493),#511,.T.);
#493 = FACE_BOUND('',#494,.T.);
#494 = EDGE_LOOP('',(#495,#496,#504,#510));
#495 = ORIENTED_EDGE('',*,*,#481,.T.);
#496 = ORIENTED_EDGE('',*,*,#497,.T.);
#497 = EDGE_CURVE('',#474,#498,#500,.T.);
#498 = VERTEX_POINT('',#499);
#499 = CARTESIAN_POINT('',(28.075,19.999999999995,8.35));
#500 = LINE('',#501,#502);
#501 = CARTESIAN_POINT('',(38.075,19.999999999995,8.35));
#502 = VECTOR('',#503,1.);
#503 = DIRECTION('',(-1.,0.,0.));
#504 = ORIENTED_EDGE('',*,*,#505,.F.);
#505 = EDGE_CURVE('',#67,#498,#506,.T.);
#506 = LINE('',#507,#508);
#507 = CARTESIAN_POINT('',(28.075,19.999999999995,10.));
#508 = VECTOR('',#509,1.);
#509 = DIRECTION('',(-0.,-0.,-1.));
#510 = ORIENTED_EDGE('',*,*,#66,.F.);
#511 = PLANE('',#512);
#512 = AXIS2_PLACEMENT_3D('',#513,#514,#515);
#513 = CARTESIAN_POINT('',(38.075,19.999999999995,10.));
#514 = DIRECTION('',(0.,1.,0.));
#515 = DIRECTION('',(-1.,0.,0.));
#516 = ADVANCED_FACE('',(#517),#535,.T.);
#517 = FACE_BOUND('',#518,.T.);
#518 = EDGE_LOOP('',(#519,#527,#533,#534));
#519 = ORIENTED_EDGE('',*,*,#520,.T.);
#520 = EDGE_CURVE('',#147,#521,#523,.T.);
#521 = VERTEX_POINT('',#522);
#522 = CARTESIAN_POINT('',(55.000000000061,73.,8.1));
#523 = LINE('',#524,#525);
#524 = CARTESIAN_POINT('',(55.000000000061,73.,10.));
#525 = VECTOR('',#526,1.);
#526 = DIRECTION('',(-0.,-0.,-1.));
#527 = ORIENTED_EDGE('',*,*,#528,.T.);
#528 = EDGE_CURVE('',#521,#285,#529,.T.);
#529 = LINE('',#530,#531);
#530 = CARTESIAN_POINT('',(55.000000000061,73.,8.1));
#531 = VECTOR('',#532,1.);
#532 = DIRECTION('',(0.,1.,0.));
#533 = ORIENTED_EDGE('',*,*,#292,.F.);
#534 = ORIENTED_EDGE('',*,*,#154,.F.);
#535 = PLANE('',#536);
#536 = AXIS2_PLACEMENT_3D('',#537,#538,#539);
#537 = CARTESIAN_POINT('',(55.000000000061,73.,10.));
#538 = DIRECTION('',(1.,0.,0.));
#539 = DIRECTION('',(0.,1.,0.));
#540 = ADVANCED_FACE('',(#541),#559,.T.);
#541 = FACE_BOUND('',#542,.T.);
#542 = EDGE_LOOP('',(#543,#544,#552,#558));
#543 = ORIENTED_EDGE('',*,*,#505,.T.);
#544 = ORIENTED_EDGE('',*,*,#545,.T.);
#545 = EDGE_CURVE('',#498,#546,#548,.T.);
#546 = VERTEX_POINT('',#547);
#547 = CARTESIAN_POINT('',(28.075,40.,8.35));
#548 = LINE('',#549,#550);
#549 = CARTESIAN_POINT('',(28.075,19.999999999995,8.35));
#550 = VECTOR('',#551,1.);
#551 = DIRECTION('',(0.,1.,0.));
#552 = ORIENTED_EDGE('',*,*,#553,.F.);
#553 = EDGE_CURVE('',#75,#546,#554,.T.);
#554 = LINE('',#555,#556);
#555 = CARTESIAN_POINT('',(28.075,40.,10.));
#556 = VECTOR('',#557,1.);
#557 = DIRECTION('',(-0.,-0.,-1.));
#558 = ORIENTED_EDGE('',*,*,#74,.F.);
#559 = PLANE('',#560);
#560 = AXIS2_PLACEMENT_3D('',#561,#562,#563);
#561 = CARTESIAN_POINT('',(28.075,19.999999999995,10.));
#562 = DIRECTION('',(1.,0.,0.));
#563 = DIRECTION('',(0.,1.,0.));
#564 = ADVANCED_FACE('',(#565),#583,.T.);
#565 = FACE_BOUND('',#566,.T.);
#566 = EDGE_LOOP('',(#567,#575,#581,#582));
#567 = ORIENTED_EDGE('',*,*,#568,.T.);
#568 = EDGE_CURVE('',#139,#569,#571,.T.);
#569 = VERTEX_POINT('',#570);
#570 = CARTESIAN_POINT('',(100.,73.,8.1));
#571 = LINE('',#572,#573);
#572 = CARTESIAN_POINT('',(100.,73.,10.));
#573 = VECTOR('',#574,1.);
#574 = DIRECTION('',(-0.,-0.,-1.));
#575 = ORIENTED_EDGE('',*,*,#576,.T.);
#576 = EDGE_CURVE('',#569,#521,#577,.T.);
#577 = LINE('',#578,#579);
#578 = CARTESIAN_POINT('',(100.,73.,8.1));
#579 = VECTOR('',#580,1.);
#580 = DIRECTION('',(-1.,0.,0.));
#581 = ORIENTED_EDGE('',*,*,#520,.F.);
#582 = ORIENTED_EDGE('',*,*,#146,.F.);
#583 = PLANE('',#584);
#584 = AXIS2_PLACEMENT_3D('',#585,#586,#587);
#585 = CARTESIAN_POINT('',(100.,73.,10.));
#586 = DIRECTION('',(0.,1.,0.));
#587 = DIRECTION('',(-1.,0.,0.));
#588 = ADVANCED_FACE('',(#589),#607,.T.);
#589 = FACE_BOUND('',#590,.T.);
#590 = EDGE_LOOP('',(#591,#592,#600,#606));
#591 = ORIENTED_EDGE('',*,*,#553,.T.);
#592 = ORIENTED_EDGE('',*,*,#593,.T.);
#593 = EDGE_CURVE('',#546,#594,#596,.T.);
#594 = VERTEX_POINT('',#595);
#595 = CARTESIAN_POINT('',(76.925,40.,8.35));
#596 = LINE('',#597,#598);
#597 = CARTESIAN_POINT('',(28.075,40.,8.35));
#598 = VECTOR('',#599,1.);
#599 = DIRECTION('',(1.,0.,0.));
#600 = ORIENTED_EDGE('',*,*,#601,.F.);
#601 = EDGE_CURVE('',#83,#594,#602,.T.);
#602 = LINE('',#603,#604);
#603 = CARTESIAN_POINT('',(76.925,40.,10.));
#604 = VECTOR('',#605,1.);
#605 = DIRECTION('',(-0.,-0.,-1.));
#606 = ORIENTED_EDGE('',*,*,#82,.F.);
#607 = PLANE('',#608);
#608 = AXIS2_PLACEMENT_3D('',#609,#610,#611);
#609 = CARTESIAN_POINT('',(28.075,40.,10.));
#610 = DIRECTION('',(0.,-1.,0.));
#611 = DIRECTION('',(1.,0.,0.));
#612 = ADVANCED_FACE('',(#613),#624,.T.);
#613 = FACE_BOUND('',#614,.T.);
#614 = EDGE_LOOP('',(#615,#616,#622,#623));
#615 = ORIENTED_EDGE('',*,*,#276,.T.);
#616 = ORIENTED_EDGE('',*,*,#617,.T.);
#617 = EDGE_CURVE('',#277,#569,#618,.T.);
#618 = LINE('',#619,#620);
#619 = CARTESIAN_POINT('',(100.,85.,8.1));
#620 = VECTOR('',#621,1.);
#621 = DIRECTION('',(0.,-1.,0.));
#622 = ORIENTED_EDGE('',*,*,#568,.F.);
#623 = ORIENTED_EDGE('',*,*,#138,.F.);
#624 = PLANE('',#625);
#625 = AXIS2_PLACEMENT_3D('',#626,#627,#628);
#626 = CARTESIAN_POINT('',(100.,85.,10.));
#627 = DIRECTION('',(-1.,0.,0.));
#628 = DIRECTION('',(0.,-1.,0.));
#629 = ADVANCED_FACE('',(#630),#648,.T.);
#630 = FACE_BOUND('',#631,.T.);
#631 = EDGE_LOOP('',(#632,#633,#641,#647));
#632 = ORIENTED_EDGE('',*,*,#601,.T.);
#633 = ORIENTED_EDGE('',*,*,#634,.T.);
#634 = EDGE_CURVE('',#594,#635,#637,.T.);
#635 = VERTEX_POINT('',#636);
#636 = CARTESIAN_POINT('',(76.925,20.,8.35));
#637 = LINE('',#638,#639);
#638 = CARTESIAN_POINT('',(76.925,40.,8.35));
#639 = VECTOR('',#640,1.);
#640 = DIRECTION('',(0.,-1.,0.));
#641 = ORIENTED_EDGE('',*,*,#642,.F.);
#642 = EDGE_CURVE('',#91,#635,#643,.T.);
#643 = LINE('',#644,#645);
#644 = CARTESIAN_POINT('',(76.925,20.,10.));
#645 = VECTOR('',#646,1.);
#646 = DIRECTION('',(-0.,-0.,-1.));
#647 = ORIENTED_EDGE('',*,*,#90,.F.);
#648 = PLANE('',#649);
#649 = AXIS2_PLACEMENT_3D('',#650,#651,#652);
#650 = CARTESIAN_POINT('',(76.925,40.,10.));
#651 = DIRECTION('',(-1.,0.,0.));
#652 = DIRECTION('',(0.,-1.,0.));
#653 = ADVANCED_FACE('',(#654),#672,.T.);
#654 = FACE_BOUND('',#655,.T.);
#655 = EDGE_LOOP('',(#656,#657,#665,#671));
#656 = ORIENTED_EDGE('',*,*,#642,.T.);
#657 = ORIENTED_EDGE('',*,*,#658,.T.);
#658 = EDGE_CURVE('',#635,#659,#661,.T.);
#659 = VERTEX_POINT('',#660);
#660 = CARTESIAN_POINT('',(66.925,20.,8.35));
#661 = LINE('',#662,#663);
#662 = CARTESIAN_POINT('',(76.925,20.,8.35));
#663 = VECTOR('',#664,1.);
#664 = DIRECTION('',(-1.,0.,0.));
#665 = ORIENTED_EDGE('',*,*,#666,.F.);
#666 = EDGE_CURVE('',#99,#659,#667,.T.);
#667 = LINE('',#668,#669);
#668 = CARTESIAN_POINT('',(66.925,20.,10.));
#669 = VECTOR('',#670,1.);
#670 = DIRECTION('',(-0.,-0.,-1.));
#671 = ORIENTED_EDGE('',*,*,#98,.F.);
#672 = PLANE('',#673);
#673 = AXIS2_PLACEMENT_3D('',#674,#675,#676);
#674 = CARTESIAN_POINT('',(76.925,20.,10.));
#675 = DIRECTION('',(0.,1.,0.));
#676 = DIRECTION('',(-1.,0.,0.));
#677 = ADVANCED_FACE('',(#678),#689,.F.);
#678 = FACE_BOUND('',#679,.F.);
#679 = EDGE_LOOP('',(#680,#681,#682,#683));
#680 = ORIENTED_EDGE('',*,*,#441,.T.);
#681 = ORIENTED_EDGE('',*,*,#122,.T.);
#682 = ORIENTED_EDGE('',*,*,#269,.F.);
#683 = ORIENTED_EDGE('',*,*,#684,.F.);
#684 = EDGE_CURVE('',#409,#260,#685,.T.);
#685 = LINE('',#686,#687);
#686 = CARTESIAN_POINT('',(105.,0.,0.));
#687 = VECTOR('',#688,1.);
#688 = DIRECTION('',(0.,1.,0.));
#689 = PLANE('',#690);
#690 = AXIS2_PLACEMENT_3D('',#691,#692,#693);
#691 = CARTESIAN_POINT('',(105.,0.,0.));
#692 = DIRECTION('',(-1.,0.,0.));
#693 = DIRECTION('',(0.,1.,0.));
#694 = ADVANCED_FACE('',(#695),#706,.T.);
#695 = FACE_BOUND('',#696,.T.);
#696 = EDGE_LOOP('',(#697,#698,#704,#705));
#697 = ORIENTED_EDGE('',*,*,#666,.T.);
#698 = ORIENTED_EDGE('',*,*,#699,.T.);
#699 = EDGE_CURVE('',#659,#427,#700,.T.);
#700 = LINE('',#701,#702);
#701 = CARTESIAN_POINT('',(66.925,20.,8.35));
#702 = VECTOR('',#703,1.);
#703 = DIRECTION('',(0.,-1.,0.));
#704 = ORIENTED_EDGE('',*,*,#434,.F.);
#705 = ORIENTED_EDGE('',*,*,#106,.F.);
#706 = PLANE('',#707);
#707 = AXIS2_PLACEMENT_3D('',#708,#709,#710);
#708 = CARTESIAN_POINT('',(66.925,20.,10.));
#709 = DIRECTION('',(-1.,0.,0.));
#710 = DIRECTION('',(0.,-1.,0.));
#711 = ADVANCED_FACE('',(#712),#732,.T.);
#712 = FACE_BOUND('',#713,.T.);
#713 = EDGE_LOOP('',(#714,#723,#724,#725));
#714 = ORIENTED_EDGE('',*,*,#715,.F.);
#715 = EDGE_CURVE('',#195,#716,#718,.T.);
#716 = VERTEX_POINT('',#717);
#717 = CARTESIAN_POINT('',(94.875,45.,9.));
#718 = CIRCLE('',#719,1.);
#719 = AXIS2_PLACEMENT_3D('',#720,#721,#722);
#720 = CARTESIAN_POINT('',(95.875,45.,9.));
#721 = DIRECTION('',(0.,-1.,0.));
#722 = DIRECTION('',(1.,0.,0.));
#723 = ORIENTED_EDGE('',*,*,#194,.T.);
#724 = ORIENTED_EDGE('',*,*,#715,.T.);
#725 = ORIENTED_EDGE('',*,*,#726,.F.);
#726 = EDGE_CURVE('',#716,#716,#727,.T.);
#727 = CIRCLE('',#728,2.375);
#728 = AXIS2_PLACEMENT_3D('',#729,#730,#731);
#729 = CARTESIAN_POINT('',(92.5,45.,9.));
#730 = DIRECTION('',(0.,0.,1.));
#731 = DIRECTION('',(1.,0.,0.));
#732 = TOROIDAL_SURFACE('',#733,3.375,1.);
#733 = AXIS2_PLACEMENT_3D('',#734,#735,#736);
#734 = CARTESIAN_POINT('',(92.5,45.,9.));
#735 = DIRECTION('',(0.,0.,1.));
#736 = DIRECTION('',(1.,0.,0.));
#737 = ADVANCED_FACE('',(#738),#758,.T.);
#738 = FACE_BOUND('',#739,.T.);
#739 = EDGE_LOOP('',(#740,#749,#750,#751));
#740 = ORIENTED_EDGE('',*,*,#741,.F.);
#741 = EDGE_CURVE('',#206,#742,#744,.T.);
#742 = VERTEX_POINT('',#743);
#743 = CARTESIAN_POINT('',(94.875,15.,9.));
#744 = CIRCLE('',#745,1.);
#745 = AXIS2_PLACEMENT_3D('',#746,#747,#748);
#746 = CARTESIAN_POINT('',(95.875,15.,9.));
#747 = DIRECTION('',(0.,-1.,0.));
#748 = DIRECTION('',(1.,0.,0.));
#749 = ORIENTED_EDGE('',*,*,#205,.T.);
#750 = ORIENTED_EDGE('',*,*,#741,.T.);
#751 = ORIENTED_EDGE('',*,*,#752,.F.);
#752 = EDGE_CURVE('',#742,#742,#753,.T.);
#753 = CIRCLE('',#754,2.375);
#754 = AXIS2_PLACEMENT_3D('',#755,#756,#757);
#755 = CARTESIAN_POINT('',(92.5,15.,9.));
#756 = DIRECTION('',(0.,0.,1.));
#757 = DIRECTION('',(1.,0.,0.));
#758 = TOROIDAL_SURFACE('',#759,3.375,1.);
#759 = AXIS2_PLACEMENT_3D('',#760,#761,#762);
#760 = CARTESIAN_POINT('',(92.5,15.,9.));
#761 = DIRECTION('',(0.,0.,1.));
#762 = DIRECTION('',(1.,0.,0.));
#763 = ADVANCED_FACE('',(#764),#784,.T.);
#764 = FACE_BOUND('',#765,.T.);
#765 = EDGE_LOOP('',(#766,#775,#776,#777));
#766 = ORIENTED_EDGE('',*,*,#767,.F.);
#767 = EDGE_CURVE('',#217,#768,#770,.T.);
#768 = VERTEX_POINT('',#769);
#769 = CARTESIAN_POINT('',(14.875,15.,9.));
#770 = CIRCLE('',#771,1.);
#771 = AXIS2_PLACEMENT_3D('',#772,#773,#774);
#772 = CARTESIAN_POINT('',(15.875,15.,9.));
#773 = DIRECTION('',(0.,-1.,0.));
#774 = DIRECTION('',(1.,0.,0.));
#775 = ORIENTED_EDGE('',*,*,#216,.T.);
#776 = ORIENTED_EDGE('',*,*,#767,.T.);
#777 = ORIENTED_EDGE('',*,*,#778,.F.);
#778 = EDGE_CURVE('',#768,#768,#779,.T.);
#779 = CIRCLE('',#780,2.375);
#780 = AXIS2_PLACEMENT_3D('',#781,#782,#783);
#781 = CARTESIAN_POINT('',(12.5,15.,9.));
#782 = DIRECTION('',(0.,0.,1.));
#783 = DIRECTION('',(1.,0.,0.));
#784 = TOROIDAL_SURFACE('',#785,3.375,1.);
#785 = AXIS2_PLACEMENT_3D('',#786,#787,#788);
#786 = CARTESIAN_POINT('',(12.5,15.,9.));
#787 = DIRECTION('',(0.,0.,1.));
#788 = DIRECTION('',(1.,0.,0.));
#789 = ADVANCED_FACE('',(#790),#809,.F.);
#790 = FACE_BOUND('',#791,.F.);
#791 = EDGE_LOOP('',(#792,#800,#807,#808));
#792 = ORIENTED_EDGE('',*,*,#793,.T.);
#793 = EDGE_CURVE('',#234,#794,#796,.T.);
#794 = VERTEX_POINT('',#795);
#795 = CARTESIAN_POINT('',(14.875,45.,7.));
#796 = LINE('',#797,#798);
#797 = CARTESIAN_POINT('',(14.875,45.,10.));
#798 = VECTOR('',#799,1.);
#799 = DIRECTION('',(-0.,-0.,-1.));
#800 = ORIENTED_EDGE('',*,*,#801,.T.);
#801 = EDGE_CURVE('',#794,#794,#802,.T.);
#802 = CIRCLE('',#803,2.375);
#803 = AXIS2_PLACEMENT_3D('',#804,#805,#806);
#804 = CARTESIAN_POINT('',(12.5,45.,7.));
#805 = DIRECTION('',(0.,0.,1.));
#806 = DIRECTION('',(1.,0.,0.));
#807 = ORIENTED_EDGE('',*,*,#793,.F.);
#808 = ORIENTED_EDGE('',*,*,#244,.F.);
#809 = CYLINDRICAL_SURFACE('',#810,2.375);
#810 = AXIS2_PLACEMENT_3D('',#811,#812,#813);
#811 = CARTESIAN_POINT('',(12.5,45.,10.));
#812 = DIRECTION('',(0.,0.,1.));
#813 = DIRECTION('',(1.,0.,0.));
#814 = ADVANCED_FACE('',(#815,#821,#832,#843,#854,#904,#954,#1004,#1015,
    #1065,#1115),#1165,.F.);
#815 = FACE_BOUND('',#816,.F.);
#816 = EDGE_LOOP('',(#817,#818,#819,#820));
#817 = ORIENTED_EDGE('',*,*,#408,.T.);
#818 = ORIENTED_EDGE('',*,*,#684,.T.);
#819 = ORIENTED_EDGE('',*,*,#259,.T.);
#820 = ORIENTED_EDGE('',*,*,#370,.T.);
#821 = FACE_BOUND('',#822,.F.);
#822 = EDGE_LOOP('',(#823));
#823 = ORIENTED_EDGE('',*,*,#824,.T.);
#824 = EDGE_CURVE('',#825,#825,#827,.T.);
#825 = VERTEX_POINT('',#826);
#826 = CARTESIAN_POINT('',(35.,20.,-2.449293598295E-15));
#827 = CIRCLE('',#828,15.);
#828 = AXIS2_PLACEMENT_3D('',#829,#830,#831);
#829 = CARTESIAN_POINT('',(20.,20.,-2.449293598295E-15));
#830 = DIRECTION('',(0.,-1.224646799147E-16,-1.));
#831 = DIRECTION('',(1.,0.,0.));
#832 = FACE_BOUND('',#833,.F.);
#833 = EDGE_LOOP('',(#834));
#834 = ORIENTED_EDGE('',*,*,#835,.T.);
#835 = EDGE_CURVE('',#836,#836,#838,.T.);
#836 = VERTEX_POINT('',#837);
#837 = CARTESIAN_POINT('',(100.,20.,-2.449293598295E-15));
#838 = CIRCLE('',#839,15.);
#839 = AXIS2_PLACEMENT_3D('',#840,#841,#842);
#840 = CARTESIAN_POINT('',(85.,20.,-2.449293598295E-15));
#841 = DIRECTION('',(0.,-1.224646799147E-16,-1.));
#842 = DIRECTION('',(1.,0.,0.));
#843 = FACE_BOUND('',#844,.F.);
#844 = EDGE_LOOP('',(#845));
#845 = ORIENTED_EDGE('',*,*,#846,.T.);
#846 = EDGE_CURVE('',#847,#847,#849,.T.);
#847 = VERTEX_POINT('',#848);
#848 = CARTESIAN_POINT('',(35.,55.,-6.73555739531E-15));
#849 = CIRCLE('',#850,15.);
#850 = AXIS2_PLACEMENT_3D('',#851,#852,#853);
#851 = CARTESIAN_POINT('',(20.,55.,-6.73555739531E-15));
#852 = DIRECTION('',(0.,-1.224646799147E-16,-1.));
#853 = DIRECTION('',(1.,0.,0.));
#854 = FACE_BOUND('',#855,.F.);
#855 = EDGE_LOOP('',(#856,#866,#874,#882,#890,#898));
#856 = ORIENTED_EDGE('',*,*,#857,.T.);
#857 = EDGE_CURVE('',#858,#860,#862,.T.);
#858 = VERTEX_POINT('',#859);
#859 = CARTESIAN_POINT('',(13.125,82.814582562299,0.));
#860 = VERTEX_POINT('',#861);
#861 = CARTESIAN_POINT('',(14.75,80.,0.));
#862 = LINE('',#863,#864);
#863 = CARTESIAN_POINT('',(13.125,82.814582562299,0.));
#864 = VECTOR('',#865,1.);
#865 = DIRECTION('',(0.5,-0.866025403784,0.));
#866 = ORIENTED_EDGE('',*,*,#867,.T.);
#867 = EDGE_CURVE('',#860,#868,#870,.T.);
#868 = VERTEX_POINT('',#869);
#869 = CARTESIAN_POINT('',(13.125,77.185417437701,0.));
#870 = LINE('',#871,#872);
#871 = CARTESIAN_POINT('',(14.75,80.,0.));
#872 = VECTOR('',#873,1.);
#873 = DIRECTION('',(-0.5,-0.866025403784,0.));
#874 = ORIENTED_EDGE('',*,*,#875,.T.);
#875 = EDGE_CURVE('',#868,#876,#878,.T.);
#876 = VERTEX_POINT('',#877);
#877 = CARTESIAN_POINT('',(9.875,77.185417437701,0.));
#878 = LINE('',#879,#880);
#879 = CARTESIAN_POINT('',(13.125,77.185417437701,0.));
#880 = VECTOR('',#881,1.);
#881 = DIRECTION('',(-1.,0.,0.));
#882 = ORIENTED_EDGE('',*,*,#883,.T.);
#883 = EDGE_CURVE('',#876,#884,#886,.T.);
#884 = VERTEX_POINT('',#885);
#885 = CARTESIAN_POINT('',(8.25,80.,0.));
#886 = LINE('',#887,#888);
#887 = CARTESIAN_POINT('',(9.875,77.185417437701,0.));
#888 = VECTOR('',#889,1.);
#889 = DIRECTION('',(-0.5,0.866025403784,-0.));
#890 = ORIENTED_EDGE('',*,*,#891,.T.);
#891 = EDGE_CURVE('',#884,#892,#894,.T.);
#892 = VERTEX_POINT('',#893);
#893 = CARTESIAN_POINT('',(9.875,82.814582562299,0.));
#894 = LINE('',#895,#896);
#895 = CARTESIAN_POINT('',(8.25,80.,0.));
#896 = VECTOR('',#897,1.);
#897 = DIRECTION('',(0.5,0.866025403784,0.));
#898 = ORIENTED_EDGE('',*,*,#899,.T.);
#899 = EDGE_CURVE('',#892,#858,#900,.T.);
#900 = LINE('',#901,#902);
#901 = CARTESIAN_POINT('',(9.875,82.814582562299,0.));
#902 = VECTOR('',#903,1.);
#903 = DIRECTION('',(1.,4.372570681601E-15,0.));
#904 = FACE_BOUND('',#905,.F.);
#905 = EDGE_LOOP('',(#906,#916,#924,#932,#940,#948));
#906 = ORIENTED_EDGE('',*,*,#907,.T.);
#907 = EDGE_CURVE('',#908,#910,#912,.T.);
#908 = VERTEX_POINT('',#909);
#909 = CARTESIAN_POINT('',(29.125,81.814582562299,0.));
#910 = VERTEX_POINT('',#911);
#911 = CARTESIAN_POINT('',(30.75,79.,0.));
#912 = LINE('',#913,#914);
#913 = CARTESIAN_POINT('',(29.125,81.814582562299,0.));
#914 = VECTOR('',#915,1.);
#915 = DIRECTION('',(0.5,-0.866025403784,0.));
#916 = ORIENTED_EDGE('',*,*,#917,.T.);
#917 = EDGE_CURVE('',#910,#918,#920,.T.);
#918 = VERTEX_POINT('',#919);
#919 = CARTESIAN_POINT('',(29.125,76.185417437701,0.));
#920 = LINE('',#921,#922);
#921 = CARTESIAN_POINT('',(30.75,79.,0.));
#922 = VECTOR('',#923,1.);
#923 = DIRECTION('',(-0.5,-0.866025403784,0.));
#924 = ORIENTED_EDGE('',*,*,#925,.T.);
#925 = EDGE_CURVE('',#918,#926,#928,.T.);
#926 = VERTEX_POINT('',#927);
#927 = CARTESIAN_POINT('',(25.875,76.185417437701,0.));
#928 = LINE('',#929,#930);
#929 = CARTESIAN_POINT('',(29.125,76.185417437701,0.));
#930 = VECTOR('',#931,1.);
#931 = DIRECTION('',(-1.,0.,0.));
#932 = ORIENTED_EDGE('',*,*,#933,.T.);
#933 = EDGE_CURVE('',#926,#934,#936,.T.);
#934 = VERTEX_POINT('',#935);
#935 = CARTESIAN_POINT('',(24.25,79.,0.));
#936 = LINE('',#937,#938);
#937 = CARTESIAN_POINT('',(25.875,76.185417437701,0.));
#938 = VECTOR('',#939,1.);
#939 = DIRECTION('',(-0.5,0.866025403784,-0.));
#940 = ORIENTED_EDGE('',*,*,#941,.T.);
#941 = EDGE_CURVE('',#934,#942,#944,.T.);
#942 = VERTEX_POINT('',#943);
#943 = CARTESIAN_POINT('',(25.875,81.814582562299,0.));
#944 = LINE('',#945,#946);
#945 = CARTESIAN_POINT('',(24.25,79.,0.));
#946 = VECTOR('',#947,1.);
#947 = DIRECTION('',(0.5,0.866025403784,0.));
#948 = ORIENTED_EDGE('',*,*,#949,.T.);
#949 = EDGE_CURVE('',#942,#908,#950,.T.);
#950 = LINE('',#951,#952);
#951 = CARTESIAN_POINT('',(25.875,81.814582562299,0.));
#952 = VECTOR('',#953,1.);
#953 = DIRECTION('',(1.,4.372570681601E-15,0.));
#954 = FACE_BOUND('',#955,.F.);
#955 = EDGE_LOOP('',(#956,#966,#974,#982,#990,#998));
#956 = ORIENTED_EDGE('',*,*,#957,.T.);
#957 = EDGE_CURVE('',#958,#960,#962,.T.);
#958 = VERTEX_POINT('',#959);
#959 = CARTESIAN_POINT('',(46.75,80.,0.));
#960 = VERTEX_POINT('',#961);
#961 = CARTESIAN_POINT('',(45.125,77.185417437701,0.));
#962 = LINE('',#963,#964);
#963 = CARTESIAN_POINT('',(46.75,80.,0.));
#964 = VECTOR('',#965,1.);
#965 = DIRECTION('',(-0.5,-0.866025403784,0.));
#966 = ORIENTED_EDGE('',*,*,#967,.T.);
#967 = EDGE_CURVE('',#960,#968,#970,.T.);
#968 = VERTEX_POINT('',#969);
#969 = CARTESIAN_POINT('',(41.875,77.185417437701,0.));
#970 = LINE('',#971,#972);
#971 = CARTESIAN_POINT('',(45.125,77.185417437701,0.));
#972 = VECTOR('',#973,1.);
#973 = DIRECTION('',(-1.,0.,0.));
#974 = ORIENTED_EDGE('',*,*,#975,.T.);
#975 = EDGE_CURVE('',#968,#976,#978,.T.);
#976 = VERTEX_POINT('',#977);
#977 = CARTESIAN_POINT('',(40.25,80.,0.));
#978 = LINE('',#979,#980);
#979 = CARTESIAN_POINT('',(41.875,77.185417437701,0.));
#980 = VECTOR('',#981,1.);
#981 = DIRECTION('',(-0.5,0.866025403784,-0.));
#982 = ORIENTED_EDGE('',*,*,#983,.T.);
#983 = EDGE_CURVE('',#976,#984,#986,.T.);
#984 = VERTEX_POINT('',#985);
#985 = CARTESIAN_POINT('',(41.875,82.814582562299,0.));
#986 = LINE('',#987,#988);
#987 = CARTESIAN_POINT('',(40.25,80.,0.));
#988 = VECTOR('',#989,1.);
#989 = DIRECTION('',(0.5,0.866025403784,0.));
#990 = ORIENTED_EDGE('',*,*,#991,.T.);
#991 = EDGE_CURVE('',#984,#992,#994,.T.);
#992 = VERTEX_POINT('',#993);
#993 = CARTESIAN_POINT('',(45.125,82.814582562299,0.));
#994 = LINE('',#995,#996);
#995 = CARTESIAN_POINT('',(41.875,82.814582562299,0.));
#996 = VECTOR('',#997,1.);
#997 = DIRECTION('',(1.,0.,0.));
#998 = ORIENTED_EDGE('',*,*,#999,.T.);
#999 = EDGE_CURVE('',#992,#958,#1000,.T.);
#1000 = LINE('',#1001,#1002);
#1001 = CARTESIAN_POINT('',(45.125,82.814582562299,0.));
#1002 = VECTOR('',#1003,1.);
#1003 = DIRECTION('',(0.5,-0.866025403784,0.));
#1004 = FACE_BOUND('',#1005,.F.);
#1005 = EDGE_LOOP('',(#1006));
#1006 = ORIENTED_EDGE('',*,*,#1007,.T.);
#1007 = EDGE_CURVE('',#1008,#1008,#1010,.T.);
#1008 = VERTEX_POINT('',#1009);
#1009 = CARTESIAN_POINT('',(100.,55.,-6.73555739531E-15));
#1010 = CIRCLE('',#1011,15.);
#1011 = AXIS2_PLACEMENT_3D('',#1012,#1013,#1014);
#1012 = CARTESIAN_POINT('',(85.,55.,-6.73555739531E-15));
#1013 = DIRECTION('',(0.,-1.224646799147E-16,-1.));
#1014 = DIRECTION('',(1.,0.,0.));
#1015 = FACE_BOUND('',#1016,.F.);
#1016 = EDGE_LOOP('',(#1017,#1027,#1035,#1043,#1051,#1059));
#1017 = ORIENTED_EDGE('',*,*,#1018,.T.);
#1018 = EDGE_CURVE('',#1019,#1021,#1023,.T.);
#1019 = VERTEX_POINT('',#1020);
#1020 = CARTESIAN_POINT('',(63.125,82.814582562299,0.));
#1021 = VERTEX_POINT('',#1022);
#1022 = CARTESIAN_POINT('',(64.75,80.,0.));
#1023 = LINE('',#1024,#1025);
#1024 = CARTESIAN_POINT('',(63.125,82.814582562299,0.));
#1025 = VECTOR('',#1026,1.);
#1026 = DIRECTION('',(0.5,-0.866025403784,0.));
#1027 = ORIENTED_EDGE('',*,*,#1028,.T.);
#1028 = EDGE_CURVE('',#1021,#1029,#1031,.T.);
#1029 = VERTEX_POINT('',#1030);
#1030 = CARTESIAN_POINT('',(63.125,77.185417437701,0.));
#1031 = LINE('',#1032,#1033);
#1032 = CARTESIAN_POINT('',(64.75,80.,0.));
#1033 = VECTOR('',#1034,1.);
#1034 = DIRECTION('',(-0.5,-0.866025403784,0.));
#1035 = ORIENTED_EDGE('',*,*,#1036,.T.);
#1036 = EDGE_CURVE('',#1029,#1037,#1039,.T.);
#1037 = VERTEX_POINT('',#1038);
#1038 = CARTESIAN_POINT('',(59.875,77.185417437701,0.));
#1039 = LINE('',#1040,#1041);
#1040 = CARTESIAN_POINT('',(63.125,77.185417437701,0.));
#1041 = VECTOR('',#1042,1.);
#1042 = DIRECTION('',(-1.,0.,0.));
#1043 = ORIENTED_EDGE('',*,*,#1044,.T.);
#1044 = EDGE_CURVE('',#1037,#1045,#1047,.T.);
#1045 = VERTEX_POINT('',#1046);
#1046 = CARTESIAN_POINT('',(58.25,80.,0.));
#1047 = LINE('',#1048,#1049);
#1048 = CARTESIAN_POINT('',(59.875,77.185417437701,0.));
#1049 = VECTOR('',#1050,1.);
#1050 = DIRECTION('',(-0.5,0.866025403784,-0.));
#1051 = ORIENTED_EDGE('',*,*,#1052,.T.);
#1052 = EDGE_CURVE('',#1045,#1053,#1055,.T.);
#1053 = VERTEX_POINT('',#1054);
#1054 = CARTESIAN_POINT('',(59.875,82.814582562299,0.));
#1055 = LINE('',#1056,#1057);
#1056 = CARTESIAN_POINT('',(58.25,80.,0.));
#1057 = VECTOR('',#1058,1.);
#1058 = DIRECTION('',(0.5,0.866025403784,0.));
#1059 = ORIENTED_EDGE('',*,*,#1060,.T.);
#1060 = EDGE_CURVE('',#1053,#1019,#1061,.T.);
#1061 = LINE('',#1062,#1063);
#1062 = CARTESIAN_POINT('',(59.875,82.814582562299,0.));
#1063 = VECTOR('',#1064,1.);
#1064 = DIRECTION('',(1.,4.372570681601E-15,0.));
#1065 = FACE_BOUND('',#1066,.F.);
#1066 = EDGE_LOOP('',(#1067,#1077,#1085,#1093,#1101,#1109));
#1067 = ORIENTED_EDGE('',*,*,#1068,.T.);
#1068 = EDGE_CURVE('',#1069,#1071,#1073,.T.);
#1069 = VERTEX_POINT('',#1070);
#1070 = CARTESIAN_POINT('',(79.125,81.814582562299,0.));
#1071 = VERTEX_POINT('',#1072);
#1072 = CARTESIAN_POINT('',(80.75,79.,0.));
#1073 = LINE('',#1074,#1075);
#1074 = CARTESIAN_POINT('',(79.125,81.814582562299,0.));
#1075 = VECTOR('',#1076,1.);
#1076 = DIRECTION('',(0.5,-0.866025403784,0.));
#1077 = ORIENTED_EDGE('',*,*,#1078,.T.);
#1078 = EDGE_CURVE('',#1071,#1079,#1081,.T.);
#1079 = VERTEX_POINT('',#1080);
#1080 = CARTESIAN_POINT('',(79.125,76.185417437701,0.));
#1081 = LINE('',#1082,#1083);
#1082 = CARTESIAN_POINT('',(80.75,79.,0.));
#1083 = VECTOR('',#1084,1.);
#1084 = DIRECTION('',(-0.5,-0.866025403784,0.));
#1085 = ORIENTED_EDGE('',*,*,#1086,.T.);
#1086 = EDGE_CURVE('',#1079,#1087,#1089,.T.);
#1087 = VERTEX_POINT('',#1088);
#1088 = CARTESIAN_POINT('',(75.875,76.185417437701,0.));
#1089 = LINE('',#1090,#1091);
#1090 = CARTESIAN_POINT('',(79.125,76.185417437701,0.));
#1091 = VECTOR('',#1092,1.);
#1092 = DIRECTION('',(-1.,0.,0.));
#1093 = ORIENTED_EDGE('',*,*,#1094,.T.);
#1094 = EDGE_CURVE('',#1087,#1095,#1097,.T.);
#1095 = VERTEX_POINT('',#1096);
#1096 = CARTESIAN_POINT('',(74.25,79.,0.));
#1097 = LINE('',#1098,#1099);
#1098 = CARTESIAN_POINT('',(75.875,76.185417437701,0.));
#1099 = VECTOR('',#1100,1.);
#1100 = DIRECTION('',(-0.5,0.866025403784,-0.));
#1101 = ORIENTED_EDGE('',*,*,#1102,.T.);
#1102 = EDGE_CURVE('',#1095,#1103,#1105,.T.);
#1103 = VERTEX_POINT('',#1104);
#1104 = CARTESIAN_POINT('',(75.875,81.814582562299,0.));
#1105 = LINE('',#1106,#1107);
#1106 = CARTESIAN_POINT('',(74.25,79.,0.));
#1107 = VECTOR('',#1108,1.);
#1108 = DIRECTION('',(0.5,0.866025403784,0.));
#1109 = ORIENTED_EDGE('',*,*,#1110,.T.);
#1110 = EDGE_CURVE('',#1103,#1069,#1111,.T.);
#1111 = LINE('',#1112,#1113);
#1112 = CARTESIAN_POINT('',(75.875,81.814582562299,0.));
#1113 = VECTOR('',#1114,1.);
#1114 = DIRECTION('',(1.,4.372570681601E-15,0.));
#1115 = FACE_BOUND('',#1116,.F.);
#1116 = EDGE_LOOP('',(#1117,#1127,#1135,#1143,#1151,#1159));
#1117 = ORIENTED_EDGE('',*,*,#1118,.T.);
#1118 = EDGE_CURVE('',#1119,#1121,#1123,.T.);
#1119 = VERTEX_POINT('',#1120);
#1120 = CARTESIAN_POINT('',(95.125,82.814582562299,0.));
#1121 = VERTEX_POINT('',#1122);
#1122 = CARTESIAN_POINT('',(96.75,80.,0.));
#1123 = LINE('',#1124,#1125);
#1124 = CARTESIAN_POINT('',(95.125,82.814582562299,0.));
#1125 = VECTOR('',#1126,1.);
#1126 = DIRECTION('',(0.5,-0.866025403784,0.));
#1127 = ORIENTED_EDGE('',*,*,#1128,.T.);
#1128 = EDGE_CURVE('',#1121,#1129,#1131,.T.);
#1129 = VERTEX_POINT('',#1130);
#1130 = CARTESIAN_POINT('',(95.125,77.185417437701,0.));
#1131 = LINE('',#1132,#1133);
#1132 = CARTESIAN_POINT('',(96.75,80.,0.));
#1133 = VECTOR('',#1134,1.);
#1134 = DIRECTION('',(-0.5,-0.866025403784,0.));
#1135 = ORIENTED_EDGE('',*,*,#1136,.T.);
#1136 = EDGE_CURVE('',#1129,#1137,#1139,.T.);
#1137 = VERTEX_POINT('',#1138);
#1138 = CARTESIAN_POINT('',(91.875,77.185417437701,0.));
#1139 = LINE('',#1140,#1141);
#1140 = CARTESIAN_POINT('',(95.125,77.185417437701,0.));
#1141 = VECTOR('',#1142,1.);
#1142 = DIRECTION('',(-1.,0.,0.));
#1143 = ORIENTED_EDGE('',*,*,#1144,.T.);
#1144 = EDGE_CURVE('',#1137,#1145,#1147,.T.);
#1145 = VERTEX_POINT('',#1146);
#1146 = CARTESIAN_POINT('',(90.25,80.,0.));
#1147 = LINE('',#1148,#1149);
#1148 = CARTESIAN_POINT('',(91.875,77.185417437701,0.));
#1149 = VECTOR('',#1150,1.);
#1150 = DIRECTION('',(-0.5,0.866025403784,-0.));
#1151 = ORIENTED_EDGE('',*,*,#1152,.T.);
#1152 = EDGE_CURVE('',#1145,#1153,#1155,.T.);
#1153 = VERTEX_POINT('',#1154);
#1154 = CARTESIAN_POINT('',(91.875,82.814582562299,0.));
#1155 = LINE('',#1156,#1157);
#1156 = CARTESIAN_POINT('',(90.25,80.,0.));
#1157 = VECTOR('',#1158,1.);
#1158 = DIRECTION('',(0.5,0.866025403784,0.));
#1159 = ORIENTED_EDGE('',*,*,#1160,.T.);
#1160 = EDGE_CURVE('',#1153,#1119,#1161,.T.);
#1161 = LINE('',#1162,#1163);
#1162 = CARTESIAN_POINT('',(91.875,82.814582562299,0.));
#1163 = VECTOR('',#1164,1.);
#1164 = DIRECTION('',(1.,4.372570681601E-15,0.));
#1165 = PLANE('',#1166);
#1166 = AXIS2_PLACEMENT_3D('',#1167,#1168,#1169);
#1167 = CARTESIAN_POINT('',(52.5,42.5,0.));
#1168 = DIRECTION('',(0.,0.,1.));
#1169 = DIRECTION('',(1.,0.,0.));
#1170 = ADVANCED_FACE('',(#1171,#1177,#1188,#1199),#1210,.T.);
#1171 = FACE_BOUND('',#1172,.T.);
#1172 = EDGE_LOOP('',(#1173,#1174,#1175,#1176));
#1173 = ORIENTED_EDGE('',*,*,#307,.F.);
#1174 = ORIENTED_EDGE('',*,*,#344,.F.);
#1175 = ORIENTED_EDGE('',*,*,#392,.F.);
#1176 = ORIENTED_EDGE('',*,*,#456,.F.);
#1177 = FACE_BOUND('',#1178,.T.);
#1178 = EDGE_LOOP('',(#1179));
#1179 = ORIENTED_EDGE('',*,*,#1180,.F.);
#1180 = EDGE_CURVE('',#1181,#1181,#1183,.T.);
#1181 = VERTEX_POINT('',#1182);
#1182 = CARTESIAN_POINT('',(29.1,79.,8.1));
#1183 = CIRCLE('',#1184,1.6);
#1184 = AXIS2_PLACEMENT_3D('',#1185,#1186,#1187);
#1185 = CARTESIAN_POINT('',(27.5,79.,8.1));
#1186 = DIRECTION('',(0.,0.,1.));
#1187 = DIRECTION('',(1.,0.,0.));
#1188 = FACE_BOUND('',#1189,.T.);
#1189 = EDGE_LOOP('',(#1190));
#1190 = ORIENTED_EDGE('',*,*,#1191,.F.);
#1191 = EDGE_CURVE('',#1192,#1192,#1194,.T.);
#1192 = VERTEX_POINT('',#1193);
#1193 = CARTESIAN_POINT('',(13.1,80.,8.1));
#1194 = CIRCLE('',#1195,1.6);
#1195 = AXIS2_PLACEMENT_3D('',#1196,#1197,#1198);
#1196 = CARTESIAN_POINT('',(11.5,80.,8.1));
#1197 = DIRECTION('',(0.,0.,1.));
#1198 = DIRECTION('',(1.,0.,0.));
#1199 = FACE_BOUND('',#1200,.T.);
#1200 = EDGE_LOOP('',(#1201));
#1201 = ORIENTED_EDGE('',*,*,#1202,.F.);
#1202 = EDGE_CURVE('',#1203,#1203,#1205,.T.);
#1203 = VERTEX_POINT('',#1204);
#1204 = CARTESIAN_POINT('',(45.1,80.,8.1));
#1205 = CIRCLE('',#1206,1.6);
#1206 = AXIS2_PLACEMENT_3D('',#1207,#1208,#1209);
#1207 = CARTESIAN_POINT('',(43.5,80.,8.1));
#1208 = DIRECTION('',(0.,0.,1.));
#1209 = DIRECTION('',(1.,0.,0.));
#1210 = PLANE('',#1211);
#1211 = AXIS2_PLACEMENT_3D('',#1212,#1213,#1214);
#1212 = CARTESIAN_POINT('',(52.500000000002,79.,8.1));
#1213 = DIRECTION('',(0.,0.,1.));
#1214 = DIRECTION('',(1.,0.,0.));
#1215 = ADVANCED_FACE('',(#1216,#1222,#1233,#1244),#1255,.T.);
#1216 = FACE_BOUND('',#1217,.T.);
#1217 = EDGE_LOOP('',(#1218,#1219,#1220,#1221));
#1218 = ORIENTED_EDGE('',*,*,#284,.F.);
#1219 = ORIENTED_EDGE('',*,*,#528,.F.);
#1220 = ORIENTED_EDGE('',*,*,#576,.F.);
#1221 = ORIENTED_EDGE('',*,*,#617,.F.);
#1222 = FACE_BOUND('',#1223,.T.);
#1223 = EDGE_LOOP('',(#1224));
#1224 = ORIENTED_EDGE('',*,*,#1225,.F.);
#1225 = EDGE_CURVE('',#1226,#1226,#1228,.T.);
#1226 = VERTEX_POINT('',#1227);
#1227 = CARTESIAN_POINT('',(79.1,79.,8.1));
#1228 = CIRCLE('',#1229,1.6);
#1229 = AXIS2_PLACEMENT_3D('',#1230,#1231,#1232);
#1230 = CARTESIAN_POINT('',(77.5,79.,8.1));
#1231 = DIRECTION('',(0.,0.,1.));
#1232 = DIRECTION('',(1.,0.,0.));
#1233 = FACE_BOUND('',#1234,.T.);
#1234 = EDGE_LOOP('',(#1235));
#1235 = ORIENTED_EDGE('',*,*,#1236,.F.);
#1236 = EDGE_CURVE('',#1237,#1237,#1239,.T.);
#1237 = VERTEX_POINT('',#1238);
#1238 = CARTESIAN_POINT('',(63.1,80.,8.1));
#1239 = CIRCLE('',#1240,1.6);
#1240 = AXIS2_PLACEMENT_3D('',#1241,#1242,#1243);
#1241 = CARTESIAN_POINT('',(61.5,80.,8.1));
#1242 = DIRECTION('',(0.,0.,1.));
#1243 = DIRECTION('',(1.,0.,0.));
#1244 = FACE_BOUND('',#1245,.T.);
#1245 = EDGE_LOOP('',(#1246));
#1246 = ORIENTED_EDGE('',*,*,#1247,.F.);
#1247 = EDGE_CURVE('',#1248,#1248,#1250,.T.);
#1248 = VERTEX_POINT('',#1249);
#1249 = CARTESIAN_POINT('',(95.1,80.,8.1));
#1250 = CIRCLE('',#1251,1.6);
#1251 = AXIS2_PLACEMENT_3D('',#1252,#1253,#1254);
#1252 = CARTESIAN_POINT('',(93.5,80.,8.1));
#1253 = DIRECTION('',(0.,0.,1.));
#1254 = DIRECTION('',(1.,0.,0.));
#1255 = PLANE('',#1256);
#1256 = AXIS2_PLACEMENT_3D('',#1257,#1258,#1259);
#1257 = CARTESIAN_POINT('',(52.500000000002,79.,8.1));
#1258 = DIRECTION('',(0.,0.,1.));
#1259 = DIRECTION('',(1.,0.,0.));
#1260 = ADVANCED_FACE('',(#1261),#1271,.T.);
#1261 = FACE_BOUND('',#1262,.F.);
#1262 = EDGE_LOOP('',(#1263,#1264,#1265,#1266,#1267,#1268,#1269,#1270));
#1263 = ORIENTED_EDGE('',*,*,#473,.T.);
#1264 = ORIENTED_EDGE('',*,*,#497,.T.);
#1265 = ORIENTED_EDGE('',*,*,#545,.T.);
#1266 = ORIENTED_EDGE('',*,*,#593,.T.);
#1267 = ORIENTED_EDGE('',*,*,#634,.T.);
#1268 = ORIENTED_EDGE('',*,*,#658,.T.);
#1269 = ORIENTED_EDGE('',*,*,#699,.T.);
#1270 = ORIENTED_EDGE('',*,*,#426,.F.);
#1271 = PLANE('',#1272);
#1272 = AXIS2_PLACEMENT_3D('',#1273,#1274,#1275);
#1273 = CARTESIAN_POINT('',(52.5,22.250984805852,8.35));
#1274 = DIRECTION('',(0.,0.,1.));
#1275 = DIRECTION('',(1.,0.,0.));
#1276 = ADVANCED_FACE('',(#1277),#1296,.F.);
#1277 = FACE_BOUND('',#1278,.F.);
#1278 = EDGE_LOOP('',(#1279,#1287,#1294,#1295));
#1279 = ORIENTED_EDGE('',*,*,#1280,.T.);
#1280 = EDGE_CURVE('',#716,#1281,#1283,.T.);
#1281 = VERTEX_POINT('',#1282);
#1282 = CARTESIAN_POINT('',(94.875,45.,7.));
#1283 = LINE('',#1284,#1285);
#1284 = CARTESIAN_POINT('',(94.875,45.,10.));
#1285 = VECTOR('',#1286,1.);
#1286 = DIRECTION('',(-0.,-0.,-1.));
#1287 = ORIENTED_EDGE('',*,*,#1288,.T.);
#1288 = EDGE_CURVE('',#1281,#1281,#1289,.T.);
#1289 = CIRCLE('',#1290,2.375);
#1290 = AXIS2_PLACEMENT_3D('',#1291,#1292,#1293);
#1291 = CARTESIAN_POINT('',(92.5,45.,7.));
#1292 = DIRECTION('',(0.,0.,1.));
#1293 = DIRECTION('',(1.,0.,0.));
#1294 = ORIENTED_EDGE('',*,*,#1280,.F.);
#1295 = ORIENTED_EDGE('',*,*,#726,.F.);
#1296 = CYLINDRICAL_SURFACE('',#1297,2.375);
#1297 = AXIS2_PLACEMENT_3D('',#1298,#1299,#1300);
#1298 = CARTESIAN_POINT('',(92.5,45.,10.));
#1299 = DIRECTION('',(0.,0.,1.));
#1300 = DIRECTION('',(1.,0.,0.));
#1301 = ADVANCED_FACE('',(#1302),#1321,.F.);
#1302 = FACE_BOUND('',#1303,.F.);
#1303 = EDGE_LOOP('',(#1304,#1312,#1319,#1320));
#1304 = ORIENTED_EDGE('',*,*,#1305,.T.);
#1305 = EDGE_CURVE('',#742,#1306,#1308,.T.);
#1306 = VERTEX_POINT('',#1307);
#1307 = CARTESIAN_POINT('',(94.875,15.,7.));
#1308 = LINE('',#1309,#1310);
#1309 = CARTESIAN_POINT('',(94.875,15.,10.));
#1310 = VECTOR('',#1311,1.);
#1311 = DIRECTION('',(-0.,-0.,-1.));
#1312 = ORIENTED_EDGE('',*,*,#1313,.T.);
#1313 = EDGE_CURVE('',#1306,#1306,#1314,.T.);
#1314 = CIRCLE('',#1315,2.375);
#1315 = AXIS2_PLACEMENT_3D('',#1316,#1317,#1318);
#1316 = CARTESIAN_POINT('',(92.5,15.,7.));
#1317 = DIRECTION('',(0.,0.,1.));
#1318 = DIRECTION('',(1.,0.,0.));
#1319 = ORIENTED_EDGE('',*,*,#1305,.F.);
#1320 = ORIENTED_EDGE('',*,*,#752,.F.);
#1321 = CYLINDRICAL_SURFACE('',#1322,2.375);
#1322 = AXIS2_PLACEMENT_3D('',#1323,#1324,#1325);
#1323 = CARTESIAN_POINT('',(92.5,15.,10.));
#1324 = DIRECTION('',(0.,0.,1.));
#1325 = DIRECTION('',(1.,0.,0.));
#1326 = ADVANCED_FACE('',(#1327),#1346,.F.);
#1327 = FACE_BOUND('',#1328,.F.);
#1328 = EDGE_LOOP('',(#1329,#1337,#1344,#1345));
#1329 = ORIENTED_EDGE('',*,*,#1330,.T.);
#1330 = EDGE_CURVE('',#768,#1331,#1333,.T.);
#1331 = VERTEX_POINT('',#1332);
#1332 = CARTESIAN_POINT('',(14.875,15.,7.));
#1333 = LINE('',#1334,#1335);
#1334 = CARTESIAN_POINT('',(14.875,15.,10.));
#1335 = VECTOR('',#1336,1.);
#1336 = DIRECTION('',(-0.,-0.,-1.));
#1337 = ORIENTED_EDGE('',*,*,#1338,.T.);
#1338 = EDGE_CURVE('',#1331,#1331,#1339,.T.);
#1339 = CIRCLE('',#1340,2.375);
#1340 = AXIS2_PLACEMENT_3D('',#1341,#1342,#1343);
#1341 = CARTESIAN_POINT('',(12.5,15.,7.));
#1342 = DIRECTION('',(0.,0.,1.));
#1343 = DIRECTION('',(1.,0.,0.));
#1344 = ORIENTED_EDGE('',*,*,#1330,.F.);
#1345 = ORIENTED_EDGE('',*,*,#778,.F.);
#1346 = CYLINDRICAL_SURFACE('',#1347,2.375);
#1347 = AXIS2_PLACEMENT_3D('',#1348,#1349,#1350);
#1348 = CARTESIAN_POINT('',(12.5,15.,10.));
#1349 = DIRECTION('',(0.,0.,1.));
#1350 = DIRECTION('',(1.,0.,0.));
#1351 = ADVANCED_FACE('',(#1352),#1355,.T.);
#1352 = FACE_BOUND('',#1353,.T.);
#1353 = EDGE_LOOP('',(#1354));
#1354 = ORIENTED_EDGE('',*,*,#801,.T.);
#1355 = PLANE('',#1356);
#1356 = AXIS2_PLACEMENT_3D('',#1357,#1358,#1359);
#1357 = CARTESIAN_POINT('',(52.5,30.,7.));
#1358 = DIRECTION('',(0.,0.,1.));
#1359 = DIRECTION('',(1.,0.,0.));
#1360 = ADVANCED_FACE('',(#1361),#1380,.F.);
#1361 = FACE_BOUND('',#1362,.F.);
#1362 = EDGE_LOOP('',(#1363,#1371,#1378,#1379));
#1363 = ORIENTED_EDGE('',*,*,#1364,.T.);
#1364 = EDGE_CURVE('',#825,#1365,#1367,.T.);
#1365 = VERTEX_POINT('',#1366);
#1366 = CARTESIAN_POINT('',(35.,20.,2.5));
#1367 = LINE('',#1368,#1369);
#1368 = CARTESIAN_POINT('',(35.,20.,-2.449293598295E-15));
#1369 = VECTOR('',#1370,1.);
#1370 = DIRECTION('',(0.,1.224646799147E-16,1.));
#1371 = ORIENTED_EDGE('',*,*,#1372,.T.);
#1372 = EDGE_CURVE('',#1365,#1365,#1373,.T.);
#1373 = CIRCLE('',#1374,15.);
#1374 = AXIS2_PLACEMENT_3D('',#1375,#1376,#1377);
#1375 = CARTESIAN_POINT('',(20.,20.,2.5));
#1376 = DIRECTION('',(0.,-1.224646799147E-16,-1.));
#1377 = DIRECTION('',(1.,0.,0.));
#1378 = ORIENTED_EDGE('',*,*,#1364,.F.);
#1379 = ORIENTED_EDGE('',*,*,#824,.F.);
#1380 = CYLINDRICAL_SURFACE('',#1381,15.);
#1381 = AXIS2_PLACEMENT_3D('',#1382,#1383,#1384);
#1382 = CARTESIAN_POINT('',(20.,20.,-2.449293598295E-15));
#1383 = DIRECTION('',(0.,-1.224646799147E-16,-1.));
#1384 = DIRECTION('',(1.,0.,0.));
#1385 = ADVANCED_FACE('',(#1386),#1405,.F.);
#1386 = FACE_BOUND('',#1387,.F.);
#1387 = EDGE_LOOP('',(#1388,#1396,#1403,#1404));
#1388 = ORIENTED_EDGE('',*,*,#1389,.T.);
#1389 = EDGE_CURVE('',#836,#1390,#1392,.T.);
#1390 = VERTEX_POINT('',#1391);
#1391 = CARTESIAN_POINT('',(100.,20.,2.5));
#1392 = LINE('',#1393,#1394);
#1393 = CARTESIAN_POINT('',(100.,20.,-2.449293598295E-15));
#1394 = VECTOR('',#1395,1.);
#1395 = DIRECTION('',(0.,1.224646799147E-16,1.));
#1396 = ORIENTED_EDGE('',*,*,#1397,.T.);
#1397 = EDGE_CURVE('',#1390,#1390,#1398,.T.);
#1398 = CIRCLE('',#1399,15.);
#1399 = AXIS2_PLACEMENT_3D('',#1400,#1401,#1402);
#1400 = CARTESIAN_POINT('',(85.,20.,2.5));
#1401 = DIRECTION('',(0.,-1.224646799147E-16,-1.));
#1402 = DIRECTION('',(1.,0.,0.));
#1403 = ORIENTED_EDGE('',*,*,#1389,.F.);
#1404 = ORIENTED_EDGE('',*,*,#835,.F.);
#1405 = CYLINDRICAL_SURFACE('',#1406,15.);
#1406 = AXIS2_PLACEMENT_3D('',#1407,#1408,#1409);
#1407 = CARTESIAN_POINT('',(85.,20.,-2.449293598295E-15));
#1408 = DIRECTION('',(0.,-1.224646799147E-16,-1.));
#1409 = DIRECTION('',(1.,0.,0.));
#1410 = ADVANCED_FACE('',(#1411),#1430,.F.);
#1411 = FACE_BOUND('',#1412,.F.);
#1412 = EDGE_LOOP('',(#1413,#1421,#1428,#1429));
#1413 = ORIENTED_EDGE('',*,*,#1414,.T.);
#1414 = EDGE_CURVE('',#847,#1415,#1417,.T.);
#1415 = VERTEX_POINT('',#1416);
#1416 = CARTESIAN_POINT('',(35.,55.,2.5));
#1417 = LINE('',#1418,#1419);
#1418 = CARTESIAN_POINT('',(35.,55.,-6.73555739531E-15));
#1419 = VECTOR('',#1420,1.);
#1420 = DIRECTION('',(0.,1.224646799147E-16,1.));
#1421 = ORIENTED_EDGE('',*,*,#1422,.T.);
#1422 = EDGE_CURVE('',#1415,#1415,#1423,.T.);
#1423 = CIRCLE('',#1424,15.);
#1424 = AXIS2_PLACEMENT_3D('',#1425,#1426,#1427);
#1425 = CARTESIAN_POINT('',(20.,55.,2.5));
#1426 = DIRECTION('',(0.,-1.224646799147E-16,-1.));
#1427 = DIRECTION('',(1.,0.,0.));
#1428 = ORIENTED_EDGE('',*,*,#1414,.F.);
#1429 = ORIENTED_EDGE('',*,*,#846,.F.);
#1430 = CYLINDRICAL_SURFACE('',#1431,15.);
#1431 = AXIS2_PLACEMENT_3D('',#1432,#1433,#1434);
#1432 = CARTESIAN_POINT('',(20.,55.,-6.73555739531E-15));
#1433 = DIRECTION('',(0.,-1.224646799147E-16,-1.));
#1434 = DIRECTION('',(1.,0.,0.));
#1435 = ADVANCED_FACE('',(#1436),#1461,.F.);
#1436 = FACE_BOUND('',#1437,.F.);
#1437 = EDGE_LOOP('',(#1438,#1446,#1454,#1460));
#1438 = ORIENTED_EDGE('',*,*,#1439,.T.);
#1439 = EDGE_CURVE('',#858,#1440,#1442,.T.);
#1440 = VERTEX_POINT('',#1441);
#1441 = CARTESIAN_POINT('',(13.125,82.814582562299,5.));
#1442 = LINE('',#1443,#1444);
#1443 = CARTESIAN_POINT('',(13.125,82.814582562299,0.));
#1444 = VECTOR('',#1445,1.);
#1445 = DIRECTION('',(0.,0.,1.));
#1446 = ORIENTED_EDGE('',*,*,#1447,.T.);
#1447 = EDGE_CURVE('',#1440,#1448,#1450,.T.);
#1448 = VERTEX_POINT('',#1449);
#1449 = CARTESIAN_POINT('',(14.75,80.,5.));
#1450 = LINE('',#1451,#1452);
#1451 = CARTESIAN_POINT('',(13.125,82.814582562299,5.));
#1452 = VECTOR('',#1453,1.);
#1453 = DIRECTION('',(0.5,-0.866025403784,0.));
#1454 = ORIENTED_EDGE('',*,*,#1455,.F.);
#1455 = EDGE_CURVE('',#860,#1448,#1456,.T.);
#1456 = LINE('',#1457,#1458);
#1457 = CARTESIAN_POINT('',(14.75,80.,0.));
#1458 = VECTOR('',#1459,1.);
#1459 = DIRECTION('',(0.,0.,1.));
#1460 = ORIENTED_EDGE('',*,*,#857,.F.);
#1461 = PLANE('',#1462);
#1462 = AXIS2_PLACEMENT_3D('',#1463,#1464,#1465);
#1463 = CARTESIAN_POINT('',(13.125,82.814582562299,0.));
#1464 = DIRECTION('',(0.866025403784,0.5,0.));
#1465 = DIRECTION('',(0.5,-0.866025403784,0.));
#1466 = ADVANCED_FACE('',(#1467),#1485,.F.);
#1467 = FACE_BOUND('',#1468,.F.);
#1468 = EDGE_LOOP('',(#1469,#1477,#1483,#1484));
#1469 = ORIENTED_EDGE('',*,*,#1470,.T.);
#1470 = EDGE_CURVE('',#892,#1471,#1473,.T.);
#1471 = VERTEX_POINT('',#1472);
#1472 = CARTESIAN_POINT('',(9.875,82.814582562299,5.));
#1473 = LINE('',#1474,#1475);
#1474 = CARTESIAN_POINT('',(9.875,82.814582562299,0.));
#1475 = VECTOR('',#1476,1.);
#1476 = DIRECTION('',(0.,0.,1.));
#1477 = ORIENTED_EDGE('',*,*,#1478,.T.);
#1478 = EDGE_CURVE('',#1471,#1440,#1479,.T.);
#1479 = LINE('',#1480,#1481);
#1480 = CARTESIAN_POINT('',(9.875,82.814582562299,5.));
#1481 = VECTOR('',#1482,1.);
#1482 = DIRECTION('',(1.,4.372570681601E-15,0.));
#1483 = ORIENTED_EDGE('',*,*,#1439,.F.);
#1484 = ORIENTED_EDGE('',*,*,#899,.F.);
#1485 = PLANE('',#1486);
#1486 = AXIS2_PLACEMENT_3D('',#1487,#1488,#1489);
#1487 = CARTESIAN_POINT('',(9.875,82.814582562299,0.));
#1488 = DIRECTION('',(-4.372570681601E-15,1.,0.));
#1489 = DIRECTION('',(1.,4.372570681601E-15,0.));
#1490 = ADVANCED_FACE('',(#1491),#1509,.F.);
#1491 = FACE_BOUND('',#1492,.F.);
#1492 = EDGE_LOOP('',(#1493,#1501,#1507,#1508));
#1493 = ORIENTED_EDGE('',*,*,#1494,.T.);
#1494 = EDGE_CURVE('',#884,#1495,#1497,.T.);
#1495 = VERTEX_POINT('',#1496);
#1496 = CARTESIAN_POINT('',(8.25,80.,5.));
#1497 = LINE('',#1498,#1499);
#1498 = CARTESIAN_POINT('',(8.25,80.,0.));
#1499 = VECTOR('',#1500,1.);
#1500 = DIRECTION('',(0.,0.,1.));
#1501 = ORIENTED_EDGE('',*,*,#1502,.T.);
#1502 = EDGE_CURVE('',#1495,#1471,#1503,.T.);
#1503 = LINE('',#1504,#1505);
#1504 = CARTESIAN_POINT('',(8.25,80.,5.));
#1505 = VECTOR('',#1506,1.);
#1506 = DIRECTION('',(0.5,0.866025403784,0.));
#1507 = ORIENTED_EDGE('',*,*,#1470,.F.);
#1508 = ORIENTED_EDGE('',*,*,#891,.F.);
#1509 = PLANE('',#1510);
#1510 = AXIS2_PLACEMENT_3D('',#1511,#1512,#1513);
#1511 = CARTESIAN_POINT('',(8.25,80.,0.));
#1512 = DIRECTION('',(-0.866025403784,0.5,0.));
#1513 = DIRECTION('',(0.5,0.866025403784,0.));
#1514 = ADVANCED_FACE('',(#1515),#1533,.F.);
#1515 = FACE_BOUND('',#1516,.F.);
#1516 = EDGE_LOOP('',(#1517,#1525,#1531,#1532));
#1517 = ORIENTED_EDGE('',*,*,#1518,.T.);
#1518 = EDGE_CURVE('',#876,#1519,#1521,.T.);
#1519 = VERTEX_POINT('',#1520);
#1520 = CARTESIAN_POINT('',(9.875,77.185417437701,5.));
#1521 = LINE('',#1522,#1523);
#1522 = CARTESIAN_POINT('',(9.875,77.185417437701,0.));
#1523 = VECTOR('',#1524,1.);
#1524 = DIRECTION('',(0.,0.,1.));
#1525 = ORIENTED_EDGE('',*,*,#1526,.T.);
#1526 = EDGE_CURVE('',#1519,#1495,#1527,.T.);
#1527 = LINE('',#1528,#1529);
#1528 = CARTESIAN_POINT('',(9.875,77.185417437701,5.));
#1529 = VECTOR('',#1530,1.);
#1530 = DIRECTION('',(-0.5,0.866025403784,-0.));
#1531 = ORIENTED_EDGE('',*,*,#1494,.F.);
#1532 = ORIENTED_EDGE('',*,*,#883,.F.);
#1533 = PLANE('',#1534);
#1534 = AXIS2_PLACEMENT_3D('',#1535,#1536,#1537);
#1535 = CARTESIAN_POINT('',(9.875,77.185417437701,0.));
#1536 = DIRECTION('',(-0.866025403784,-0.5,0.));
#1537 = DIRECTION('',(-0.5,0.866025403784,0.));
#1538 = ADVANCED_FACE('',(#1539),#1557,.F.);
#1539 = FACE_BOUND('',#1540,.F.);
#1540 = EDGE_LOOP('',(#1541,#1549,#1555,#1556));
#1541 = ORIENTED_EDGE('',*,*,#1542,.T.);
#1542 = EDGE_CURVE('',#868,#1543,#1545,.T.);
#1543 = VERTEX_POINT('',#1544);
#1544 = CARTESIAN_POINT('',(13.125,77.185417437701,5.));
#1545 = LINE('',#1546,#1547);
#1546 = CARTESIAN_POINT('',(13.125,77.185417437701,0.));
#1547 = VECTOR('',#1548,1.);
#1548 = DIRECTION('',(0.,0.,1.));
#1549 = ORIENTED_EDGE('',*,*,#1550,.T.);
#1550 = EDGE_CURVE('',#1543,#1519,#1551,.T.);
#1551 = LINE('',#1552,#1553);
#1552 = CARTESIAN_POINT('',(13.125,77.185417437701,5.));
#1553 = VECTOR('',#1554,1.);
#1554 = DIRECTION('',(-1.,0.,0.));
#1555 = ORIENTED_EDGE('',*,*,#1518,.F.);
#1556 = ORIENTED_EDGE('',*,*,#875,.F.);
#1557 = PLANE('',#1558);
#1558 = AXIS2_PLACEMENT_3D('',#1559,#1560,#1561);
#1559 = CARTESIAN_POINT('',(13.125,77.185417437701,0.));
#1560 = DIRECTION('',(0.,-1.,0.));
#1561 = DIRECTION('',(-1.,0.,0.));
#1562 = ADVANCED_FACE('',(#1563),#1574,.F.);
#1563 = FACE_BOUND('',#1564,.F.);
#1564 = EDGE_LOOP('',(#1565,#1566,#1572,#1573));
#1565 = ORIENTED_EDGE('',*,*,#1455,.T.);
#1566 = ORIENTED_EDGE('',*,*,#1567,.T.);
#1567 = EDGE_CURVE('',#1448,#1543,#1568,.T.);
#1568 = LINE('',#1569,#1570);
#1569 = CARTESIAN_POINT('',(14.75,80.,5.));
#1570 = VECTOR('',#1571,1.);
#1571 = DIRECTION('',(-0.5,-0.866025403784,0.));
#1572 = ORIENTED_EDGE('',*,*,#1542,.F.);
#1573 = ORIENTED_EDGE('',*,*,#867,.F.);
#1574 = PLANE('',#1575);
#1575 = AXIS2_PLACEMENT_3D('',#1576,#1577,#1578);
#1576 = CARTESIAN_POINT('',(14.75,80.,0.));
#1577 = DIRECTION('',(0.866025403784,-0.5,0.));
#1578 = DIRECTION('',(-0.5,-0.866025403784,0.));
#1579 = ADVANCED_FACE('',(#1580),#1605,.F.);
#1580 = FACE_BOUND('',#1581,.F.);
#1581 = EDGE_LOOP('',(#1582,#1590,#1598,#1604));
#1582 = ORIENTED_EDGE('',*,*,#1583,.T.);
#1583 = EDGE_CURVE('',#908,#1584,#1586,.T.);
#1584 = VERTEX_POINT('',#1585);
#1585 = CARTESIAN_POINT('',(29.125,81.814582562299,5.));
#1586 = LINE('',#1587,#1588);
#1587 = CARTESIAN_POINT('',(29.125,81.814582562299,0.));
#1588 = VECTOR('',#1589,1.);
#1589 = DIRECTION('',(0.,0.,1.));
#1590 = ORIENTED_EDGE('',*,*,#1591,.T.);
#1591 = EDGE_CURVE('',#1584,#1592,#1594,.T.);
#1592 = VERTEX_POINT('',#1593);
#1593 = CARTESIAN_POINT('',(30.75,79.,5.));
#1594 = LINE('',#1595,#1596);
#1595 = CARTESIAN_POINT('',(29.125,81.814582562299,5.));
#1596 = VECTOR('',#1597,1.);
#1597 = DIRECTION('',(0.5,-0.866025403784,0.));
#1598 = ORIENTED_EDGE('',*,*,#1599,.F.);
#1599 = EDGE_CURVE('',#910,#1592,#1600,.T.);
#1600 = LINE('',#1601,#1602);
#1601 = CARTESIAN_POINT('',(30.75,79.,0.));
#1602 = VECTOR('',#1603,1.);
#1603 = DIRECTION('',(0.,0.,1.));
#1604 = ORIENTED_EDGE('',*,*,#907,.F.);
#1605 = PLANE('',#1606);
#1606 = AXIS2_PLACEMENT_3D('',#1607,#1608,#1609);
#1607 = CARTESIAN_POINT('',(29.125,81.814582562299,0.));
#1608 = DIRECTION('',(0.866025403784,0.5,0.));
#1609 = DIRECTION('',(0.5,-0.866025403784,0.));
#1610 = ADVANCED_FACE('',(#1611),#1629,.F.);
#1611 = FACE_BOUND('',#1612,.F.);
#1612 = EDGE_LOOP('',(#1613,#1621,#1627,#1628));
#1613 = ORIENTED_EDGE('',*,*,#1614,.T.);
#1614 = EDGE_CURVE('',#942,#1615,#1617,.T.);
#1615 = VERTEX_POINT('',#1616);
#1616 = CARTESIAN_POINT('',(25.875,81.814582562299,5.));
#1617 = LINE('',#1618,#1619);
#1618 = CARTESIAN_POINT('',(25.875,81.814582562299,0.));
#1619 = VECTOR('',#1620,1.);
#1620 = DIRECTION('',(0.,0.,1.));
#1621 = ORIENTED_EDGE('',*,*,#1622,.T.);
#1622 = EDGE_CURVE('',#1615,#1584,#1623,.T.);
#1623 = LINE('',#1624,#1625);
#1624 = CARTESIAN_POINT('',(25.875,81.814582562299,5.));
#1625 = VECTOR('',#1626,1.);
#1626 = DIRECTION('',(1.,4.372570681601E-15,0.));
#1627 = ORIENTED_EDGE('',*,*,#1583,.F.);
#1628 = ORIENTED_EDGE('',*,*,#949,.F.);
#1629 = PLANE('',#1630);
#1630 = AXIS2_PLACEMENT_3D('',#1631,#1632,#1633);
#1631 = CARTESIAN_POINT('',(25.875,81.814582562299,0.));
#1632 = DIRECTION('',(-4.372570681601E-15,1.,0.));
#1633 = DIRECTION('',(1.,4.372570681601E-15,0.));
#1634 = ADVANCED_FACE('',(#1635),#1653,.F.);
#1635 = FACE_BOUND('',#1636,.F.);
#1636 = EDGE_LOOP('',(#1637,#1645,#1651,#1652));
#1637 = ORIENTED_EDGE('',*,*,#1638,.T.);
#1638 = EDGE_CURVE('',#934,#1639,#1641,.T.);
#1639 = VERTEX_POINT('',#1640);
#1640 = CARTESIAN_POINT('',(24.25,79.,5.));
#1641 = LINE('',#1642,#1643);
#1642 = CARTESIAN_POINT('',(24.25,79.,0.));
#1643 = VECTOR('',#1644,1.);
#1644 = DIRECTION('',(0.,0.,1.));
#1645 = ORIENTED_EDGE('',*,*,#1646,.T.);
#1646 = EDGE_CURVE('',#1639,#1615,#1647,.T.);
#1647 = LINE('',#1648,#1649);
#1648 = CARTESIAN_POINT('',(24.25,79.,5.));
#1649 = VECTOR('',#1650,1.);
#1650 = DIRECTION('',(0.5,0.866025403784,0.));
#1651 = ORIENTED_EDGE('',*,*,#1614,.F.);
#1652 = ORIENTED_EDGE('',*,*,#941,.F.);
#1653 = PLANE('',#1654);
#1654 = AXIS2_PLACEMENT_3D('',#1655,#1656,#1657);
#1655 = CARTESIAN_POINT('',(24.25,79.,0.));
#1656 = DIRECTION('',(-0.866025403784,0.5,0.));
#1657 = DIRECTION('',(0.5,0.866025403784,0.));
#1658 = ADVANCED_FACE('',(#1659),#1677,.F.);
#1659 = FACE_BOUND('',#1660,.F.);
#1660 = EDGE_LOOP('',(#1661,#1669,#1675,#1676));
#1661 = ORIENTED_EDGE('',*,*,#1662,.T.);
#1662 = EDGE_CURVE('',#926,#1663,#1665,.T.);
#1663 = VERTEX_POINT('',#1664);
#1664 = CARTESIAN_POINT('',(25.875,76.185417437701,5.));
#1665 = LINE('',#1666,#1667);
#1666 = CARTESIAN_POINT('',(25.875,76.185417437701,0.));
#1667 = VECTOR('',#1668,1.);
#1668 = DIRECTION('',(0.,0.,1.));
#1669 = ORIENTED_EDGE('',*,*,#1670,.T.);
#1670 = EDGE_CURVE('',#1663,#1639,#1671,.T.);
#1671 = LINE('',#1672,#1673);
#1672 = CARTESIAN_POINT('',(25.875,76.185417437701,5.));
#1673 = VECTOR('',#1674,1.);
#1674 = DIRECTION('',(-0.5,0.866025403784,-0.));
#1675 = ORIENTED_EDGE('',*,*,#1638,.F.);
#1676 = ORIENTED_EDGE('',*,*,#933,.F.);
#1677 = PLANE('',#1678);
#1678 = AXIS2_PLACEMENT_3D('',#1679,#1680,#1681);
#1679 = CARTESIAN_POINT('',(25.875,76.185417437701,0.));
#1680 = DIRECTION('',(-0.866025403784,-0.5,0.));
#1681 = DIRECTION('',(-0.5,0.866025403784,0.));
#1682 = ADVANCED_FACE('',(#1683),#1701,.F.);
#1683 = FACE_BOUND('',#1684,.F.);
#1684 = EDGE_LOOP('',(#1685,#1693,#1699,#1700));
#1685 = ORIENTED_EDGE('',*,*,#1686,.T.);
#1686 = EDGE_CURVE('',#918,#1687,#1689,.T.);
#1687 = VERTEX_POINT('',#1688);
#1688 = CARTESIAN_POINT('',(29.125,76.185417437701,5.));
#1689 = LINE('',#1690,#1691);
#1690 = CARTESIAN_POINT('',(29.125,76.185417437701,0.));
#1691 = VECTOR('',#1692,1.);
#1692 = DIRECTION('',(0.,0.,1.));
#1693 = ORIENTED_EDGE('',*,*,#1694,.T.);
#1694 = EDGE_CURVE('',#1687,#1663,#1695,.T.);
#1695 = LINE('',#1696,#1697);
#1696 = CARTESIAN_POINT('',(29.125,76.185417437701,5.));
#1697 = VECTOR('',#1698,1.);
#1698 = DIRECTION('',(-1.,0.,0.));
#1699 = ORIENTED_EDGE('',*,*,#1662,.F.);
#1700 = ORIENTED_EDGE('',*,*,#925,.F.);
#1701 = PLANE('',#1702);
#1702 = AXIS2_PLACEMENT_3D('',#1703,#1704,#1705);
#1703 = CARTESIAN_POINT('',(29.125,76.185417437701,0.));
#1704 = DIRECTION('',(0.,-1.,0.));
#1705 = DIRECTION('',(-1.,0.,0.));
#1706 = ADVANCED_FACE('',(#1707),#1718,.F.);
#1707 = FACE_BOUND('',#1708,.F.);
#1708 = EDGE_LOOP('',(#1709,#1710,#1716,#1717));
#1709 = ORIENTED_EDGE('',*,*,#1599,.T.);
#1710 = ORIENTED_EDGE('',*,*,#1711,.T.);
#1711 = EDGE_CURVE('',#1592,#1687,#1712,.T.);
#1712 = LINE('',#1713,#1714);
#1713 = CARTESIAN_POINT('',(30.75,79.,5.));
#1714 = VECTOR('',#1715,1.);
#1715 = DIRECTION('',(-0.5,-0.866025403784,0.));
#1716 = ORIENTED_EDGE('',*,*,#1686,.F.);
#1717 = ORIENTED_EDGE('',*,*,#917,.F.);
#1718 = PLANE('',#1719);
#1719 = AXIS2_PLACEMENT_3D('',#1720,#1721,#1722);
#1720 = CARTESIAN_POINT('',(30.75,79.,0.));
#1721 = DIRECTION('',(0.866025403784,-0.5,0.));
#1722 = DIRECTION('',(-0.5,-0.866025403784,0.));
#1723 = ADVANCED_FACE('',(#1724),#1749,.F.);
#1724 = FACE_BOUND('',#1725,.F.);
#1725 = EDGE_LOOP('',(#1726,#1734,#1742,#1748));
#1726 = ORIENTED_EDGE('',*,*,#1727,.T.);
#1727 = EDGE_CURVE('',#958,#1728,#1730,.T.);
#1728 = VERTEX_POINT('',#1729);
#1729 = CARTESIAN_POINT('',(46.75,80.,5.));
#1730 = LINE('',#1731,#1732);
#1731 = CARTESIAN_POINT('',(46.75,80.,0.));
#1732 = VECTOR('',#1733,1.);
#1733 = DIRECTION('',(0.,0.,1.));
#1734 = ORIENTED_EDGE('',*,*,#1735,.T.);
#1735 = EDGE_CURVE('',#1728,#1736,#1738,.T.);
#1736 = VERTEX_POINT('',#1737);
#1737 = CARTESIAN_POINT('',(45.125,77.185417437701,5.));
#1738 = LINE('',#1739,#1740);
#1739 = CARTESIAN_POINT('',(46.75,80.,5.));
#1740 = VECTOR('',#1741,1.);
#1741 = DIRECTION('',(-0.5,-0.866025403784,0.));
#1742 = ORIENTED_EDGE('',*,*,#1743,.F.);
#1743 = EDGE_CURVE('',#960,#1736,#1744,.T.);
#1744 = LINE('',#1745,#1746);
#1745 = CARTESIAN_POINT('',(45.125,77.185417437701,0.));
#1746 = VECTOR('',#1747,1.);
#1747 = DIRECTION('',(0.,0.,1.));
#1748 = ORIENTED_EDGE('',*,*,#957,.F.);
#1749 = PLANE('',#1750);
#1750 = AXIS2_PLACEMENT_3D('',#1751,#1752,#1753);
#1751 = CARTESIAN_POINT('',(46.75,80.,0.));
#1752 = DIRECTION('',(0.866025403784,-0.5,0.));
#1753 = DIRECTION('',(-0.5,-0.866025403784,0.));
#1754 = ADVANCED_FACE('',(#1755),#1773,.F.);
#1755 = FACE_BOUND('',#1756,.F.);
#1756 = EDGE_LOOP('',(#1757,#1765,#1771,#1772));
#1757 = ORIENTED_EDGE('',*,*,#1758,.T.);
#1758 = EDGE_CURVE('',#992,#1759,#1761,.T.);
#1759 = VERTEX_POINT('',#1760);
#1760 = CARTESIAN_POINT('',(45.125,82.814582562299,5.));
#1761 = LINE('',#1762,#1763);
#1762 = CARTESIAN_POINT('',(45.125,82.814582562299,0.));
#1763 = VECTOR('',#1764,1.);
#1764 = DIRECTION('',(0.,0.,1.));
#1765 = ORIENTED_EDGE('',*,*,#1766,.T.);
#1766 = EDGE_CURVE('',#1759,#1728,#1767,.T.);
#1767 = LINE('',#1768,#1769);
#1768 = CARTESIAN_POINT('',(45.125,82.814582562299,5.));
#1769 = VECTOR('',#1770,1.);
#1770 = DIRECTION('',(0.5,-0.866025403784,0.));
#1771 = ORIENTED_EDGE('',*,*,#1727,.F.);
#1772 = ORIENTED_EDGE('',*,*,#999,.F.);
#1773 = PLANE('',#1774);
#1774 = AXIS2_PLACEMENT_3D('',#1775,#1776,#1777);
#1775 = CARTESIAN_POINT('',(45.125,82.814582562299,0.));
#1776 = DIRECTION('',(0.866025403784,0.5,0.));
#1777 = DIRECTION('',(0.5,-0.866025403784,0.));
#1778 = ADVANCED_FACE('',(#1779),#1797,.F.);
#1779 = FACE_BOUND('',#1780,.F.);
#1780 = EDGE_LOOP('',(#1781,#1789,#1795,#1796));
#1781 = ORIENTED_EDGE('',*,*,#1782,.T.);
#1782 = EDGE_CURVE('',#984,#1783,#1785,.T.);
#1783 = VERTEX_POINT('',#1784);
#1784 = CARTESIAN_POINT('',(41.875,82.814582562299,5.));
#1785 = LINE('',#1786,#1787);
#1786 = CARTESIAN_POINT('',(41.875,82.814582562299,0.));
#1787 = VECTOR('',#1788,1.);
#1788 = DIRECTION('',(0.,0.,1.));
#1789 = ORIENTED_EDGE('',*,*,#1790,.T.);
#1790 = EDGE_CURVE('',#1783,#1759,#1791,.T.);
#1791 = LINE('',#1792,#1793);
#1792 = CARTESIAN_POINT('',(41.875,82.814582562299,5.));
#1793 = VECTOR('',#1794,1.);
#1794 = DIRECTION('',(1.,0.,0.));
#1795 = ORIENTED_EDGE('',*,*,#1758,.F.);
#1796 = ORIENTED_EDGE('',*,*,#991,.F.);
#1797 = PLANE('',#1798);
#1798 = AXIS2_PLACEMENT_3D('',#1799,#1800,#1801);
#1799 = CARTESIAN_POINT('',(41.875,82.814582562299,0.));
#1800 = DIRECTION('',(0.,1.,0.));
#1801 = DIRECTION('',(1.,0.,0.));
#1802 = ADVANCED_FACE('',(#1803),#1821,.F.);
#1803 = FACE_BOUND('',#1804,.F.);
#1804 = EDGE_LOOP('',(#1805,#1813,#1819,#1820));
#1805 = ORIENTED_EDGE('',*,*,#1806,.T.);
#1806 = EDGE_CURVE('',#976,#1807,#1809,.T.);
#1807 = VERTEX_POINT('',#1808);
#1808 = CARTESIAN_POINT('',(40.25,80.,5.));
#1809 = LINE('',#1810,#1811);
#1810 = CARTESIAN_POINT('',(40.25,80.,0.));
#1811 = VECTOR('',#1812,1.);
#1812 = DIRECTION('',(0.,0.,1.));
#1813 = ORIENTED_EDGE('',*,*,#1814,.T.);
#1814 = EDGE_CURVE('',#1807,#1783,#1815,.T.);
#1815 = LINE('',#1816,#1817);
#1816 = CARTESIAN_POINT('',(40.25,80.,5.));
#1817 = VECTOR('',#1818,1.);
#1818 = DIRECTION('',(0.5,0.866025403784,0.));
#1819 = ORIENTED_EDGE('',*,*,#1782,.F.);
#1820 = ORIENTED_EDGE('',*,*,#983,.F.);
#1821 = PLANE('',#1822);
#1822 = AXIS2_PLACEMENT_3D('',#1823,#1824,#1825);
#1823 = CARTESIAN_POINT('',(40.25,80.,0.));
#1824 = DIRECTION('',(-0.866025403784,0.5,0.));
#1825 = DIRECTION('',(0.5,0.866025403784,0.));
#1826 = ADVANCED_FACE('',(#1827),#1845,.F.);
#1827 = FACE_BOUND('',#1828,.F.);
#1828 = EDGE_LOOP('',(#1829,#1837,#1843,#1844));
#1829 = ORIENTED_EDGE('',*,*,#1830,.T.);
#1830 = EDGE_CURVE('',#968,#1831,#1833,.T.);
#1831 = VERTEX_POINT('',#1832);
#1832 = CARTESIAN_POINT('',(41.875,77.185417437701,5.));
#1833 = LINE('',#1834,#1835);
#1834 = CARTESIAN_POINT('',(41.875,77.185417437701,0.));
#1835 = VECTOR('',#1836,1.);
#1836 = DIRECTION('',(0.,0.,1.));
#1837 = ORIENTED_EDGE('',*,*,#1838,.T.);
#1838 = EDGE_CURVE('',#1831,#1807,#1839,.T.);
#1839 = LINE('',#1840,#1841);
#1840 = CARTESIAN_POINT('',(41.875,77.185417437701,5.));
#1841 = VECTOR('',#1842,1.);
#1842 = DIRECTION('',(-0.5,0.866025403784,-0.));
#1843 = ORIENTED_EDGE('',*,*,#1806,.F.);
#1844 = ORIENTED_EDGE('',*,*,#975,.F.);
#1845 = PLANE('',#1846);
#1846 = AXIS2_PLACEMENT_3D('',#1847,#1848,#1849);
#1847 = CARTESIAN_POINT('',(41.875,77.185417437701,0.));
#1848 = DIRECTION('',(-0.866025403784,-0.5,0.));
#1849 = DIRECTION('',(-0.5,0.866025403784,0.));
#1850 = ADVANCED_FACE('',(#1851),#1862,.F.);
#1851 = FACE_BOUND('',#1852,.F.);
#1852 = EDGE_LOOP('',(#1853,#1854,#1860,#1861));
#1853 = ORIENTED_EDGE('',*,*,#1743,.T.);
#1854 = ORIENTED_EDGE('',*,*,#1855,.T.);
#1855 = EDGE_CURVE('',#1736,#1831,#1856,.T.);
#1856 = LINE('',#1857,#1858);
#1857 = CARTESIAN_POINT('',(45.125,77.185417437701,5.));
#1858 = VECTOR('',#1859,1.);
#1859 = DIRECTION('',(-1.,0.,0.));
#1860 = ORIENTED_EDGE('',*,*,#1830,.F.);
#1861 = ORIENTED_EDGE('',*,*,#967,.F.);
#1862 = PLANE('',#1863);
#1863 = AXIS2_PLACEMENT_3D('',#1864,#1865,#1866);
#1864 = CARTESIAN_POINT('',(45.125,77.185417437701,0.));
#1865 = DIRECTION('',(0.,-1.,0.));
#1866 = DIRECTION('',(-1.,0.,0.));
#1867 = ADVANCED_FACE('',(#1868),#1887,.F.);
#1868 = FACE_BOUND('',#1869,.F.);
#1869 = EDGE_LOOP('',(#1870,#1878,#1885,#1886));
#1870 = ORIENTED_EDGE('',*,*,#1871,.T.);
#1871 = EDGE_CURVE('',#1008,#1872,#1874,.T.);
#1872 = VERTEX_POINT('',#1873);
#1873 = CARTESIAN_POINT('',(100.,55.,2.5));
#1874 = LINE('',#1875,#1876);
#1875 = CARTESIAN_POINT('',(100.,55.,-6.73555739531E-15));
#1876 = VECTOR('',#1877,1.);
#1877 = DIRECTION('',(0.,1.224646799147E-16,1.));
#1878 = ORIENTED_EDGE('',*,*,#1879,.T.);
#1879 = EDGE_CURVE('',#1872,#1872,#1880,.T.);
#1880 = CIRCLE('',#1881,15.);
#1881 = AXIS2_PLACEMENT_3D('',#1882,#1883,#1884);
#1882 = CARTESIAN_POINT('',(85.,55.,2.5));
#1883 = DIRECTION('',(0.,-1.224646799147E-16,-1.));
#1884 = DIRECTION('',(1.,0.,0.));
#1885 = ORIENTED_EDGE('',*,*,#1871,.F.);
#1886 = ORIENTED_EDGE('',*,*,#1007,.F.);
#1887 = CYLINDRICAL_SURFACE('',#1888,15.);
#1888 = AXIS2_PLACEMENT_3D('',#1889,#1890,#1891);
#1889 = CARTESIAN_POINT('',(85.,55.,-6.73555739531E-15));
#1890 = DIRECTION('',(0.,-1.224646799147E-16,-1.));
#1891 = DIRECTION('',(1.,0.,0.));
#1892 = ADVANCED_FACE('',(#1893),#1918,.F.);
#1893 = FACE_BOUND('',#1894,.F.);
#1894 = EDGE_LOOP('',(#1895,#1903,#1911,#1917));
#1895 = ORIENTED_EDGE('',*,*,#1896,.T.);
#1896 = EDGE_CURVE('',#1019,#1897,#1899,.T.);
#1897 = VERTEX_POINT('',#1898);
#1898 = CARTESIAN_POINT('',(63.125,82.814582562299,5.));
#1899 = LINE('',#1900,#1901);
#1900 = CARTESIAN_POINT('',(63.125,82.814582562299,0.));
#1901 = VECTOR('',#1902,1.);
#1902 = DIRECTION('',(0.,0.,1.));
#1903 = ORIENTED_EDGE('',*,*,#1904,.T.);
#1904 = EDGE_CURVE('',#1897,#1905,#1907,.T.);
#1905 = VERTEX_POINT('',#1906);
#1906 = CARTESIAN_POINT('',(64.75,80.,5.));
#1907 = LINE('',#1908,#1909);
#1908 = CARTESIAN_POINT('',(63.125,82.814582562299,5.));
#1909 = VECTOR('',#1910,1.);
#1910 = DIRECTION('',(0.5,-0.866025403784,0.));
#1911 = ORIENTED_EDGE('',*,*,#1912,.F.);
#1912 = EDGE_CURVE('',#1021,#1905,#1913,.T.);
#1913 = LINE('',#1914,#1915);
#1914 = CARTESIAN_POINT('',(64.75,80.,0.));
#1915 = VECTOR('',#1916,1.);
#1916 = DIRECTION('',(0.,0.,1.));
#1917 = ORIENTED_EDGE('',*,*,#1018,.F.);
#1918 = PLANE('',#1919);
#1919 = AXIS2_PLACEMENT_3D('',#1920,#1921,#1922);
#1920 = CARTESIAN_POINT('',(63.125,82.814582562299,0.));
#1921 = DIRECTION('',(0.866025403784,0.5,0.));
#1922 = DIRECTION('',(0.5,-0.866025403784,0.));
#1923 = ADVANCED_FACE('',(#1924),#1942,.F.);
#1924 = FACE_BOUND('',#1925,.F.);
#1925 = EDGE_LOOP('',(#1926,#1934,#1940,#1941));
#1926 = ORIENTED_EDGE('',*,*,#1927,.T.);
#1927 = EDGE_CURVE('',#1053,#1928,#1930,.T.);
#1928 = VERTEX_POINT('',#1929);
#1929 = CARTESIAN_POINT('',(59.875,82.814582562299,5.));
#1930 = LINE('',#1931,#1932);
#1931 = CARTESIAN_POINT('',(59.875,82.814582562299,0.));
#1932 = VECTOR('',#1933,1.);
#1933 = DIRECTION('',(0.,0.,1.));
#1934 = ORIENTED_EDGE('',*,*,#1935,.T.);
#1935 = EDGE_CURVE('',#1928,#1897,#1936,.T.);
#1936 = LINE('',#1937,#1938);
#1937 = CARTESIAN_POINT('',(59.875,82.814582562299,5.));
#1938 = VECTOR('',#1939,1.);
#1939 = DIRECTION('',(1.,4.372570681601E-15,0.));
#1940 = ORIENTED_EDGE('',*,*,#1896,.F.);
#1941 = ORIENTED_EDGE('',*,*,#1060,.F.);
#1942 = PLANE('',#1943);
#1943 = AXIS2_PLACEMENT_3D('',#1944,#1945,#1946);
#1944 = CARTESIAN_POINT('',(59.875,82.814582562299,0.));
#1945 = DIRECTION('',(-4.372570681601E-15,1.,0.));
#1946 = DIRECTION('',(1.,4.372570681601E-15,0.));
#1947 = ADVANCED_FACE('',(#1948),#1966,.F.);
#1948 = FACE_BOUND('',#1949,.F.);
#1949 = EDGE_LOOP('',(#1950,#1958,#1964,#1965));
#1950 = ORIENTED_EDGE('',*,*,#1951,.T.);
#1951 = EDGE_CURVE('',#1045,#1952,#1954,.T.);
#1952 = VERTEX_POINT('',#1953);
#1953 = CARTESIAN_POINT('',(58.25,80.,5.));
#1954 = LINE('',#1955,#1956);
#1955 = CARTESIAN_POINT('',(58.25,80.,0.));
#1956 = VECTOR('',#1957,1.);
#1957 = DIRECTION('',(0.,0.,1.));
#1958 = ORIENTED_EDGE('',*,*,#1959,.T.);
#1959 = EDGE_CURVE('',#1952,#1928,#1960,.T.);
#1960 = LINE('',#1961,#1962);
#1961 = CARTESIAN_POINT('',(58.25,80.,5.));
#1962 = VECTOR('',#1963,1.);
#1963 = DIRECTION('',(0.5,0.866025403784,0.));
#1964 = ORIENTED_EDGE('',*,*,#1927,.F.);
#1965 = ORIENTED_EDGE('',*,*,#1052,.F.);
#1966 = PLANE('',#1967);
#1967 = AXIS2_PLACEMENT_3D('',#1968,#1969,#1970);
#1968 = CARTESIAN_POINT('',(58.25,80.,0.));
#1969 = DIRECTION('',(-0.866025403784,0.5,0.));
#1970 = DIRECTION('',(0.5,0.866025403784,0.));
#1971 = ADVANCED_FACE('',(#1972),#1990,.F.);
#1972 = FACE_BOUND('',#1973,.F.);
#1973 = EDGE_LOOP('',(#1974,#1982,#1988,#1989));
#1974 = ORIENTED_EDGE('',*,*,#1975,.T.);
#1975 = EDGE_CURVE('',#1037,#1976,#1978,.T.);
#1976 = VERTEX_POINT('',#1977);
#1977 = CARTESIAN_POINT('',(59.875,77.185417437701,5.));
#1978 = LINE('',#1979,#1980);
#1979 = CARTESIAN_POINT('',(59.875,77.185417437701,0.));
#1980 = VECTOR('',#1981,1.);
#1981 = DIRECTION('',(0.,0.,1.));
#1982 = ORIENTED_EDGE('',*,*,#1983,.T.);
#1983 = EDGE_CURVE('',#1976,#1952,#1984,.T.);
#1984 = LINE('',#1985,#1986);
#1985 = CARTESIAN_POINT('',(59.875,77.185417437701,5.));
#1986 = VECTOR('',#1987,1.);
#1987 = DIRECTION('',(-0.5,0.866025403784,-0.));
#1988 = ORIENTED_EDGE('',*,*,#1951,.F.);
#1989 = ORIENTED_EDGE('',*,*,#1044,.F.);
#1990 = PLANE('',#1991);
#1991 = AXIS2_PLACEMENT_3D('',#1992,#1993,#1994);
#1992 = CARTESIAN_POINT('',(59.875,77.185417437701,0.));
#1993 = DIRECTION('',(-0.866025403784,-0.5,0.));
#1994 = DIRECTION('',(-0.5,0.866025403784,0.));
#1995 = ADVANCED_FACE('',(#1996),#2014,.F.);
#1996 = FACE_BOUND('',#1997,.F.);
#1997 = EDGE_LOOP('',(#1998,#2006,#2012,#2013));
#1998 = ORIENTED_EDGE('',*,*,#1999,.T.);
#1999 = EDGE_CURVE('',#1029,#2000,#2002,.T.);
#2000 = VERTEX_POINT('',#2001);
#2001 = CARTESIAN_POINT('',(63.125,77.185417437701,5.));
#2002 = LINE('',#2003,#2004);
#2003 = CARTESIAN_POINT('',(63.125,77.185417437701,0.));
#2004 = VECTOR('',#2005,1.);
#2005 = DIRECTION('',(0.,0.,1.));
#2006 = ORIENTED_EDGE('',*,*,#2007,.T.);
#2007 = EDGE_CURVE('',#2000,#1976,#2008,.T.);
#2008 = LINE('',#2009,#2010);
#2009 = CARTESIAN_POINT('',(63.125,77.185417437701,5.));
#2010 = VECTOR('',#2011,1.);
#2011 = DIRECTION('',(-1.,0.,0.));
#2012 = ORIENTED_EDGE('',*,*,#1975,.F.);
#2013 = ORIENTED_EDGE('',*,*,#1036,.F.);
#2014 = PLANE('',#2015);
#2015 = AXIS2_PLACEMENT_3D('',#2016,#2017,#2018);
#2016 = CARTESIAN_POINT('',(63.125,77.185417437701,0.));
#2017 = DIRECTION('',(0.,-1.,0.));
#2018 = DIRECTION('',(-1.,0.,0.));
#2019 = ADVANCED_FACE('',(#2020),#2031,.F.);
#2020 = FACE_BOUND('',#2021,.F.);
#2021 = EDGE_LOOP('',(#2022,#2023,#2029,#2030));
#2022 = ORIENTED_EDGE('',*,*,#1912,.T.);
#2023 = ORIENTED_EDGE('',*,*,#2024,.T.);
#2024 = EDGE_CURVE('',#1905,#2000,#2025,.T.);
#2025 = LINE('',#2026,#2027);
#2026 = CARTESIAN_POINT('',(64.75,80.,5.));
#2027 = VECTOR('',#2028,1.);
#2028 = DIRECTION('',(-0.5,-0.866025403784,0.));
#2029 = ORIENTED_EDGE('',*,*,#1999,.F.);
#2030 = ORIENTED_EDGE('',*,*,#1028,.F.);
#2031 = PLANE('',#2032);
#2032 = AXIS2_PLACEMENT_3D('',#2033,#2034,#2035);
#2033 = CARTESIAN_POINT('',(64.75,80.,0.));
#2034 = DIRECTION('',(0.866025403784,-0.5,0.));
#2035 = DIRECTION('',(-0.5,-0.866025403784,0.));
#2036 = ADVANCED_FACE('',(#2037),#2062,.F.);
#2037 = FACE_BOUND('',#2038,.F.);
#2038 = EDGE_LOOP('',(#2039,#2047,#2055,#2061));
#2039 = ORIENTED_EDGE('',*,*,#2040,.T.);
#2040 = EDGE_CURVE('',#1069,#2041,#2043,.T.);
#2041 = VERTEX_POINT('',#2042);
#2042 = CARTESIAN_POINT('',(79.125,81.814582562299,5.));
#2043 = LINE('',#2044,#2045);
#2044 = CARTESIAN_POINT('',(79.125,81.814582562299,0.));
#2045 = VECTOR('',#2046,1.);
#2046 = DIRECTION('',(0.,0.,1.));
#2047 = ORIENTED_EDGE('',*,*,#2048,.T.);
#2048 = EDGE_CURVE('',#2041,#2049,#2051,.T.);
#2049 = VERTEX_POINT('',#2050);
#2050 = CARTESIAN_POINT('',(80.75,79.,5.));
#2051 = LINE('',#2052,#2053);
#2052 = CARTESIAN_POINT('',(79.125,81.814582562299,5.));
#2053 = VECTOR('',#2054,1.);
#2054 = DIRECTION('',(0.5,-0.866025403784,0.));
#2055 = ORIENTED_EDGE('',*,*,#2056,.F.);
#2056 = EDGE_CURVE('',#1071,#2049,#2057,.T.);
#2057 = LINE('',#2058,#2059);
#2058 = CARTESIAN_POINT('',(80.75,79.,0.));
#2059 = VECTOR('',#2060,1.);
#2060 = DIRECTION('',(0.,0.,1.));
#2061 = ORIENTED_EDGE('',*,*,#1068,.F.);
#2062 = PLANE('',#2063);
#2063 = AXIS2_PLACEMENT_3D('',#2064,#2065,#2066);
#2064 = CARTESIAN_POINT('',(79.125,81.814582562299,0.));
#2065 = DIRECTION('',(0.866025403784,0.5,0.));
#2066 = DIRECTION('',(0.5,-0.866025403784,0.));
#2067 = ADVANCED_FACE('',(#2068),#2086,.F.);
#2068 = FACE_BOUND('',#2069,.F.);
#2069 = EDGE_LOOP('',(#2070,#2078,#2084,#2085));
#2070 = ORIENTED_EDGE('',*,*,#2071,.T.);
#2071 = EDGE_CURVE('',#1103,#2072,#2074,.T.);
#2072 = VERTEX_POINT('',#2073);
#2073 = CARTESIAN_POINT('',(75.875,81.814582562299,5.));
#2074 = LINE('',#2075,#2076);
#2075 = CARTESIAN_POINT('',(75.875,81.814582562299,0.));
#2076 = VECTOR('',#2077,1.);
#2077 = DIRECTION('',(0.,0.,1.));
#2078 = ORIENTED_EDGE('',*,*,#2079,.T.);
#2079 = EDGE_CURVE('',#2072,#2041,#2080,.T.);
#2080 = LINE('',#2081,#2082);
#2081 = CARTESIAN_POINT('',(75.875,81.814582562299,5.));
#2082 = VECTOR('',#2083,1.);
#2083 = DIRECTION('',(1.,4.372570681601E-15,0.));
#2084 = ORIENTED_EDGE('',*,*,#2040,.F.);
#2085 = ORIENTED_EDGE('',*,*,#1110,.F.);
#2086 = PLANE('',#2087);
#2087 = AXIS2_PLACEMENT_3D('',#2088,#2089,#2090);
#2088 = CARTESIAN_POINT('',(75.875,81.814582562299,0.));
#2089 = DIRECTION('',(-4.372570681601E-15,1.,0.));
#2090 = DIRECTION('',(1.,4.372570681601E-15,0.));
#2091 = ADVANCED_FACE('',(#2092),#2110,.F.);
#2092 = FACE_BOUND('',#2093,.F.);
#2093 = EDGE_LOOP('',(#2094,#2102,#2108,#2109));
#2094 = ORIENTED_EDGE('',*,*,#2095,.T.);
#2095 = EDGE_CURVE('',#1095,#2096,#2098,.T.);
#2096 = VERTEX_POINT('',#2097);
#2097 = CARTESIAN_POINT('',(74.25,79.,5.));
#2098 = LINE('',#2099,#2100);
#2099 = CARTESIAN_POINT('',(74.25,79.,0.));
#2100 = VECTOR('',#2101,1.);
#2101 = DIRECTION('',(0.,0.,1.));
#2102 = ORIENTED_EDGE('',*,*,#2103,.T.);
#2103 = EDGE_CURVE('',#2096,#2072,#2104,.T.);
#2104 = LINE('',#2105,#2106);
#2105 = CARTESIAN_POINT('',(74.25,79.,5.));
#2106 = VECTOR('',#2107,1.);
#2107 = DIRECTION('',(0.5,0.866025403784,0.));
#2108 = ORIENTED_EDGE('',*,*,#2071,.F.);
#2109 = ORIENTED_EDGE('',*,*,#1102,.F.);
#2110 = PLANE('',#2111);
#2111 = AXIS2_PLACEMENT_3D('',#2112,#2113,#2114);
#2112 = CARTESIAN_POINT('',(74.25,79.,0.));
#2113 = DIRECTION('',(-0.866025403784,0.5,0.));
#2114 = DIRECTION('',(0.5,0.866025403784,0.));
#2115 = ADVANCED_FACE('',(#2116),#2134,.F.);
#2116 = FACE_BOUND('',#2117,.F.);
#2117 = EDGE_LOOP('',(#2118,#2126,#2132,#2133));
#2118 = ORIENTED_EDGE('',*,*,#2119,.T.);
#2119 = EDGE_CURVE('',#1087,#2120,#2122,.T.);
#2120 = VERTEX_POINT('',#2121);
#2121 = CARTESIAN_POINT('',(75.875,76.185417437701,5.));
#2122 = LINE('',#2123,#2124);
#2123 = CARTESIAN_POINT('',(75.875,76.185417437701,0.));
#2124 = VECTOR('',#2125,1.);
#2125 = DIRECTION('',(0.,0.,1.));
#2126 = ORIENTED_EDGE('',*,*,#2127,.T.);
#2127 = EDGE_CURVE('',#2120,#2096,#2128,.T.);
#2128 = LINE('',#2129,#2130);
#2129 = CARTESIAN_POINT('',(75.875,76.185417437701,5.));
#2130 = VECTOR('',#2131,1.);
#2131 = DIRECTION('',(-0.5,0.866025403784,-0.));
#2132 = ORIENTED_EDGE('',*,*,#2095,.F.);
#2133 = ORIENTED_EDGE('',*,*,#1094,.F.);
#2134 = PLANE('',#2135);
#2135 = AXIS2_PLACEMENT_3D('',#2136,#2137,#2138);
#2136 = CARTESIAN_POINT('',(75.875,76.185417437701,0.));
#2137 = DIRECTION('',(-0.866025403784,-0.5,0.));
#2138 = DIRECTION('',(-0.5,0.866025403784,0.));
#2139 = ADVANCED_FACE('',(#2140),#2158,.F.);
#2140 = FACE_BOUND('',#2141,.F.);
#2141 = EDGE_LOOP('',(#2142,#2150,#2156,#2157));
#2142 = ORIENTED_EDGE('',*,*,#2143,.T.);
#2143 = EDGE_CURVE('',#1079,#2144,#2146,.T.);
#2144 = VERTEX_POINT('',#2145);
#2145 = CARTESIAN_POINT('',(79.125,76.185417437701,5.));
#2146 = LINE('',#2147,#2148);
#2147 = CARTESIAN_POINT('',(79.125,76.185417437701,0.));
#2148 = VECTOR('',#2149,1.);
#2149 = DIRECTION('',(0.,0.,1.));
#2150 = ORIENTED_EDGE('',*,*,#2151,.T.);
#2151 = EDGE_CURVE('',#2144,#2120,#2152,.T.);
#2152 = LINE('',#2153,#2154);
#2153 = CARTESIAN_POINT('',(79.125,76.185417437701,5.));
#2154 = VECTOR('',#2155,1.);
#2155 = DIRECTION('',(-1.,0.,0.));
#2156 = ORIENTED_EDGE('',*,*,#2119,.F.);
#2157 = ORIENTED_EDGE('',*,*,#1086,.F.);
#2158 = PLANE('',#2159);
#2159 = AXIS2_PLACEMENT_3D('',#2160,#2161,#2162);
#2160 = CARTESIAN_POINT('',(79.125,76.185417437701,0.));
#2161 = DIRECTION('',(0.,-1.,0.));
#2162 = DIRECTION('',(-1.,0.,0.));
#2163 = ADVANCED_FACE('',(#2164),#2175,.F.);
#2164 = FACE_BOUND('',#2165,.F.);
#2165 = EDGE_LOOP('',(#2166,#2167,#2173,#2174));
#2166 = ORIENTED_EDGE('',*,*,#2056,.T.);
#2167 = ORIENTED_EDGE('',*,*,#2168,.T.);
#2168 = EDGE_CURVE('',#2049,#2144,#2169,.T.);
#2169 = LINE('',#2170,#2171);
#2170 = CARTESIAN_POINT('',(80.75,79.,5.));
#2171 = VECTOR('',#2172,1.);
#2172 = DIRECTION('',(-0.5,-0.866025403784,0.));
#2173 = ORIENTED_EDGE('',*,*,#2143,.F.);
#2174 = ORIENTED_EDGE('',*,*,#1078,.F.);
#2175 = PLANE('',#2176);
#2176 = AXIS2_PLACEMENT_3D('',#2177,#2178,#2179);
#2177 = CARTESIAN_POINT('',(80.75,79.,0.));
#2178 = DIRECTION('',(0.866025403784,-0.5,0.));
#2179 = DIRECTION('',(-0.5,-0.866025403784,0.));
#2180 = ADVANCED_FACE('',(#2181),#2206,.F.);
#2181 = FACE_BOUND('',#2182,.F.);
#2182 = EDGE_LOOP('',(#2183,#2191,#2199,#2205));
#2183 = ORIENTED_EDGE('',*,*,#2184,.T.);
#2184 = EDGE_CURVE('',#1119,#2185,#2187,.T.);
#2185 = VERTEX_POINT('',#2186);
#2186 = CARTESIAN_POINT('',(95.125,82.814582562299,5.));
#2187 = LINE('',#2188,#2189);
#2188 = CARTESIAN_POINT('',(95.125,82.814582562299,0.));
#2189 = VECTOR('',#2190,1.);
#2190 = DIRECTION('',(0.,0.,1.));
#2191 = ORIENTED_EDGE('',*,*,#2192,.T.);
#2192 = EDGE_CURVE('',#2185,#2193,#2195,.T.);
#2193 = VERTEX_POINT('',#2194);
#2194 = CARTESIAN_POINT('',(96.75,80.,5.));
#2195 = LINE('',#2196,#2197);
#2196 = CARTESIAN_POINT('',(95.125,82.814582562299,5.));
#2197 = VECTOR('',#2198,1.);
#2198 = DIRECTION('',(0.5,-0.866025403784,0.));
#2199 = ORIENTED_EDGE('',*,*,#2200,.F.);
#2200 = EDGE_CURVE('',#1121,#2193,#2201,.T.);
#2201 = LINE('',#2202,#2203);
#2202 = CARTESIAN_POINT('',(96.75,80.,0.));
#2203 = VECTOR('',#2204,1.);
#2204 = DIRECTION('',(0.,0.,1.));
#2205 = ORIENTED_EDGE('',*,*,#1118,.F.);
#2206 = PLANE('',#2207);
#2207 = AXIS2_PLACEMENT_3D('',#2208,#2209,#2210);
#2208 = CARTESIAN_POINT('',(95.125,82.814582562299,0.));
#2209 = DIRECTION('',(0.866025403784,0.5,0.));
#2210 = DIRECTION('',(0.5,-0.866025403784,0.));
#2211 = ADVANCED_FACE('',(#2212),#2230,.F.);
#2212 = FACE_BOUND('',#2213,.F.);
#2213 = EDGE_LOOP('',(#2214,#2222,#2228,#2229));
#2214 = ORIENTED_EDGE('',*,*,#2215,.T.);
#2215 = EDGE_CURVE('',#1153,#2216,#2218,.T.);
#2216 = VERTEX_POINT('',#2217);
#2217 = CARTESIAN_POINT('',(91.875,82.814582562299,5.));
#2218 = LINE('',#2219,#2220);
#2219 = CARTESIAN_POINT('',(91.875,82.814582562299,0.));
#2220 = VECTOR('',#2221,1.);
#2221 = DIRECTION('',(0.,0.,1.));
#2222 = ORIENTED_EDGE('',*,*,#2223,.T.);
#2223 = EDGE_CURVE('',#2216,#2185,#2224,.T.);
#2224 = LINE('',#2225,#2226);
#2225 = CARTESIAN_POINT('',(91.875,82.814582562299,5.));
#2226 = VECTOR('',#2227,1.);
#2227 = DIRECTION('',(1.,4.372570681601E-15,0.));
#2228 = ORIENTED_EDGE('',*,*,#2184,.F.);
#2229 = ORIENTED_EDGE('',*,*,#1160,.F.);
#2230 = PLANE('',#2231);
#2231 = AXIS2_PLACEMENT_3D('',#2232,#2233,#2234);
#2232 = CARTESIAN_POINT('',(91.875,82.814582562299,0.));
#2233 = DIRECTION('',(-4.372570681601E-15,1.,0.));
#2234 = DIRECTION('',(1.,4.372570681601E-15,0.));
#2235 = ADVANCED_FACE('',(#2236),#2254,.F.);
#2236 = FACE_BOUND('',#2237,.F.);
#2237 = EDGE_LOOP('',(#2238,#2246,#2252,#2253));
#2238 = ORIENTED_EDGE('',*,*,#2239,.T.);
#2239 = EDGE_CURVE('',#1145,#2240,#2242,.T.);
#2240 = VERTEX_POINT('',#2241);
#2241 = CARTESIAN_POINT('',(90.25,80.,5.));
#2242 = LINE('',#2243,#2244);
#2243 = CARTESIAN_POINT('',(90.25,80.,0.));
#2244 = VECTOR('',#2245,1.);
#2245 = DIRECTION('',(0.,0.,1.));
#2246 = ORIENTED_EDGE('',*,*,#2247,.T.);
#2247 = EDGE_CURVE('',#2240,#2216,#2248,.T.);
#2248 = LINE('',#2249,#2250);
#2249 = CARTESIAN_POINT('',(90.25,80.,5.));
#2250 = VECTOR('',#2251,1.);
#2251 = DIRECTION('',(0.5,0.866025403784,0.));
#2252 = ORIENTED_EDGE('',*,*,#2215,.F.);
#2253 = ORIENTED_EDGE('',*,*,#1152,.F.);
#2254 = PLANE('',#2255);
#2255 = AXIS2_PLACEMENT_3D('',#2256,#2257,#2258);
#2256 = CARTESIAN_POINT('',(90.25,80.,0.));
#2257 = DIRECTION('',(-0.866025403784,0.5,0.));
#2258 = DIRECTION('',(0.5,0.866025403784,0.));
#2259 = ADVANCED_FACE('',(#2260),#2278,.F.);
#2260 = FACE_BOUND('',#2261,.F.);
#2261 = EDGE_LOOP('',(#2262,#2270,#2276,#2277));
#2262 = ORIENTED_EDGE('',*,*,#2263,.T.);
#2263 = EDGE_CURVE('',#1137,#2264,#2266,.T.);
#2264 = VERTEX_POINT('',#2265);
#2265 = CARTESIAN_POINT('',(91.875,77.185417437701,5.));
#2266 = LINE('',#2267,#2268);
#2267 = CARTESIAN_POINT('',(91.875,77.185417437701,0.));
#2268 = VECTOR('',#2269,1.);
#2269 = DIRECTION('',(0.,0.,1.));
#2270 = ORIENTED_EDGE('',*,*,#2271,.T.);
#2271 = EDGE_CURVE('',#2264,#2240,#2272,.T.);
#2272 = LINE('',#2273,#2274);
#2273 = CARTESIAN_POINT('',(91.875,77.185417437701,5.));
#2274 = VECTOR('',#2275,1.);
#2275 = DIRECTION('',(-0.5,0.866025403784,-0.));
#2276 = ORIENTED_EDGE('',*,*,#2239,.F.);
#2277 = ORIENTED_EDGE('',*,*,#1144,.F.);
#2278 = PLANE('',#2279);
#2279 = AXIS2_PLACEMENT_3D('',#2280,#2281,#2282);
#2280 = CARTESIAN_POINT('',(91.875,77.185417437701,0.));
#2281 = DIRECTION('',(-0.866025403784,-0.5,0.));
#2282 = DIRECTION('',(-0.5,0.866025403784,0.));
#2283 = ADVANCED_FACE('',(#2284),#2302,.F.);
#2284 = FACE_BOUND('',#2285,.F.);
#2285 = EDGE_LOOP('',(#2286,#2294,#2300,#2301));
#2286 = ORIENTED_EDGE('',*,*,#2287,.T.);
#2287 = EDGE_CURVE('',#1129,#2288,#2290,.T.);
#2288 = VERTEX_POINT('',#2289);
#2289 = CARTESIAN_POINT('',(95.125,77.185417437701,5.));
#2290 = LINE('',#2291,#2292);
#2291 = CARTESIAN_POINT('',(95.125,77.185417437701,0.));
#2292 = VECTOR('',#2293,1.);
#2293 = DIRECTION('',(0.,0.,1.));
#2294 = ORIENTED_EDGE('',*,*,#2295,.T.);
#2295 = EDGE_CURVE('',#2288,#2264,#2296,.T.);
#2296 = LINE('',#2297,#2298);
#2297 = CARTESIAN_POINT('',(95.125,77.185417437701,5.));
#2298 = VECTOR('',#2299,1.);
#2299 = DIRECTION('',(-1.,0.,0.));
#2300 = ORIENTED_EDGE('',*,*,#2263,.F.);
#2301 = ORIENTED_EDGE('',*,*,#1136,.F.);
#2302 = PLANE('',#2303);
#2303 = AXIS2_PLACEMENT_3D('',#2304,#2305,#2306);
#2304 = CARTESIAN_POINT('',(95.125,77.185417437701,0.));
#2305 = DIRECTION('',(0.,-1.,0.));
#2306 = DIRECTION('',(-1.,0.,0.));
#2307 = ADVANCED_FACE('',(#2308),#2319,.F.);
#2308 = FACE_BOUND('',#2309,.F.);
#2309 = EDGE_LOOP('',(#2310,#2311,#2317,#2318));
#2310 = ORIENTED_EDGE('',*,*,#2200,.T.);
#2311 = ORIENTED_EDGE('',*,*,#2312,.T.);
#2312 = EDGE_CURVE('',#2193,#2288,#2313,.T.);
#2313 = LINE('',#2314,#2315);
#2314 = CARTESIAN_POINT('',(96.75,80.,5.));
#2315 = VECTOR('',#2316,1.);
#2316 = DIRECTION('',(-0.5,-0.866025403784,0.));
#2317 = ORIENTED_EDGE('',*,*,#2287,.F.);
#2318 = ORIENTED_EDGE('',*,*,#1128,.F.);
#2319 = PLANE('',#2320);
#2320 = AXIS2_PLACEMENT_3D('',#2321,#2322,#2323);
#2321 = CARTESIAN_POINT('',(96.75,80.,0.));
#2322 = DIRECTION('',(0.866025403784,-0.5,0.));
#2323 = DIRECTION('',(-0.5,-0.866025403784,0.));
#2324 = ADVANCED_FACE('',(#2325),#2344,.F.);
#2325 = FACE_BOUND('',#2326,.F.);
#2326 = EDGE_LOOP('',(#2327,#2335,#2336,#2337));
#2327 = ORIENTED_EDGE('',*,*,#2328,.F.);
#2328 = EDGE_CURVE('',#1181,#2329,#2331,.T.);
#2329 = VERTEX_POINT('',#2330);
#2330 = CARTESIAN_POINT('',(29.1,79.,5.));
#2331 = LINE('',#2332,#2333);
#2332 = CARTESIAN_POINT('',(29.1,79.,8.1));
#2333 = VECTOR('',#2334,1.);
#2334 = DIRECTION('',(-0.,-0.,-1.));
#2335 = ORIENTED_EDGE('',*,*,#1180,.F.);
#2336 = ORIENTED_EDGE('',*,*,#2328,.T.);
#2337 = ORIENTED_EDGE('',*,*,#2338,.T.);
#2338 = EDGE_CURVE('',#2329,#2329,#2339,.T.);
#2339 = CIRCLE('',#2340,1.6);
#2340 = AXIS2_PLACEMENT_3D('',#2341,#2342,#2343);
#2341 = CARTESIAN_POINT('',(27.5,79.,5.));
#2342 = DIRECTION('',(0.,0.,1.));
#2343 = DIRECTION('',(1.,0.,0.));
#2344 = CYLINDRICAL_SURFACE('',#2345,1.6);
#2345 = AXIS2_PLACEMENT_3D('',#2346,#2347,#2348);
#2346 = CARTESIAN_POINT('',(27.5,79.,8.1));
#2347 = DIRECTION('',(0.,0.,1.));
#2348 = DIRECTION('',(1.,0.,0.));
#2349 = ADVANCED_FACE('',(#2350),#2369,.F.);
#2350 = FACE_BOUND('',#2351,.F.);
#2351 = EDGE_LOOP('',(#2352,#2360,#2361,#2362));
#2352 = ORIENTED_EDGE('',*,*,#2353,.F.);
#2353 = EDGE_CURVE('',#1192,#2354,#2356,.T.);
#2354 = VERTEX_POINT('',#2355);
#2355 = CARTESIAN_POINT('',(13.1,80.,5.));
#2356 = LINE('',#2357,#2358);
#2357 = CARTESIAN_POINT('',(13.1,80.,8.1));
#2358 = VECTOR('',#2359,1.);
#2359 = DIRECTION('',(-0.,-0.,-1.));
#2360 = ORIENTED_EDGE('',*,*,#1191,.F.);
#2361 = ORIENTED_EDGE('',*,*,#2353,.T.);
#2362 = ORIENTED_EDGE('',*,*,#2363,.T.);
#2363 = EDGE_CURVE('',#2354,#2354,#2364,.T.);
#2364 = CIRCLE('',#2365,1.6);
#2365 = AXIS2_PLACEMENT_3D('',#2366,#2367,#2368);
#2366 = CARTESIAN_POINT('',(11.5,80.,5.));
#2367 = DIRECTION('',(0.,0.,1.));
#2368 = DIRECTION('',(1.,0.,0.));
#2369 = CYLINDRICAL_SURFACE('',#2370,1.6);
#2370 = AXIS2_PLACEMENT_3D('',#2371,#2372,#2373);
#2371 = CARTESIAN_POINT('',(11.5,80.,8.1));
#2372 = DIRECTION('',(0.,0.,1.));
#2373 = DIRECTION('',(1.,0.,0.));
#2374 = ADVANCED_FACE('',(#2375),#2394,.F.);
#2375 = FACE_BOUND('',#2376,.F.);
#2376 = EDGE_LOOP('',(#2377,#2385,#2386,#2387));
#2377 = ORIENTED_EDGE('',*,*,#2378,.F.);
#2378 = EDGE_CURVE('',#1203,#2379,#2381,.T.);
#2379 = VERTEX_POINT('',#2380);
#2380 = CARTESIAN_POINT('',(45.1,80.,5.));
#2381 = LINE('',#2382,#2383);
#2382 = CARTESIAN_POINT('',(45.1,80.,8.1));
#2383 = VECTOR('',#2384,1.);
#2384 = DIRECTION('',(-0.,-0.,-1.));
#2385 = ORIENTED_EDGE('',*,*,#1202,.F.);
#2386 = ORIENTED_EDGE('',*,*,#2378,.T.);
#2387 = ORIENTED_EDGE('',*,*,#2388,.T.);
#2388 = EDGE_CURVE('',#2379,#2379,#2389,.T.);
#2389 = CIRCLE('',#2390,1.6);
#2390 = AXIS2_PLACEMENT_3D('',#2391,#2392,#2393);
#2391 = CARTESIAN_POINT('',(43.5,80.,5.));
#2392 = DIRECTION('',(0.,0.,1.));
#2393 = DIRECTION('',(1.,0.,0.));
#2394 = CYLINDRICAL_SURFACE('',#2395,1.6);
#2395 = AXIS2_PLACEMENT_3D('',#2396,#2397,#2398);
#2396 = CARTESIAN_POINT('',(43.5,80.,8.1));
#2397 = DIRECTION('',(0.,0.,1.));
#2398 = DIRECTION('',(1.,0.,0.));
#2399 = ADVANCED_FACE('',(#2400),#2419,.F.);
#2400 = FACE_BOUND('',#2401,.F.);
#2401 = EDGE_LOOP('',(#2402,#2410,#2411,#2412));
#2402 = ORIENTED_EDGE('',*,*,#2403,.F.);
#2403 = EDGE_CURVE('',#1226,#2404,#2406,.T.);
#2404 = VERTEX_POINT('',#2405);
#2405 = CARTESIAN_POINT('',(79.1,79.,5.));
#2406 = LINE('',#2407,#2408);
#2407 = CARTESIAN_POINT('',(79.1,79.,8.1));
#2408 = VECTOR('',#2409,1.);
#2409 = DIRECTION('',(-0.,-0.,-1.));
#2410 = ORIENTED_EDGE('',*,*,#1225,.F.);
#2411 = ORIENTED_EDGE('',*,*,#2403,.T.);
#2412 = ORIENTED_EDGE('',*,*,#2413,.T.);
#2413 = EDGE_CURVE('',#2404,#2404,#2414,.T.);
#2414 = CIRCLE('',#2415,1.6);
#2415 = AXIS2_PLACEMENT_3D('',#2416,#2417,#2418);
#2416 = CARTESIAN_POINT('',(77.5,79.,5.));
#2417 = DIRECTION('',(0.,0.,1.));
#2418 = DIRECTION('',(1.,0.,0.));
#2419 = CYLINDRICAL_SURFACE('',#2420,1.6);
#2420 = AXIS2_PLACEMENT_3D('',#2421,#2422,#2423);
#2421 = CARTESIAN_POINT('',(77.5,79.,8.1));
#2422 = DIRECTION('',(0.,0.,1.));
#2423 = DIRECTION('',(1.,0.,0.));
#2424 = ADVANCED_FACE('',(#2425),#2444,.F.);
#2425 = FACE_BOUND('',#2426,.F.);
#2426 = EDGE_LOOP('',(#2427,#2435,#2436,#2437));
#2427 = ORIENTED_EDGE('',*,*,#2428,.F.);
#2428 = EDGE_CURVE('',#1237,#2429,#2431,.T.);
#2429 = VERTEX_POINT('',#2430);
#2430 = CARTESIAN_POINT('',(63.1,80.,5.));
#2431 = LINE('',#2432,#2433);
#2432 = CARTESIAN_POINT('',(63.1,80.,8.1));
#2433 = VECTOR('',#2434,1.);
#2434 = DIRECTION('',(-0.,-0.,-1.));
#2435 = ORIENTED_EDGE('',*,*,#1236,.F.);
#2436 = ORIENTED_EDGE('',*,*,#2428,.T.);
#2437 = ORIENTED_EDGE('',*,*,#2438,.T.);
#2438 = EDGE_CURVE('',#2429,#2429,#2439,.T.);
#2439 = CIRCLE('',#2440,1.6);
#2440 = AXIS2_PLACEMENT_3D('',#2441,#2442,#2443);
#2441 = CARTESIAN_POINT('',(61.5,80.,5.));
#2442 = DIRECTION('',(0.,0.,1.));
#2443 = DIRECTION('',(1.,0.,0.));
#2444 = CYLINDRICAL_SURFACE('',#2445,1.6);
#2445 = AXIS2_PLACEMENT_3D('',#2446,#2447,#2448);
#2446 = CARTESIAN_POINT('',(61.5,80.,8.1));
#2447 = DIRECTION('',(0.,0.,1.));
#2448 = DIRECTION('',(1.,0.,0.));
#2449 = ADVANCED_FACE('',(#2450),#2469,.F.);
#2450 = FACE_BOUND('',#2451,.F.);
#2451 = EDGE_LOOP('',(#2452,#2460,#2461,#2462));
#2452 = ORIENTED_EDGE('',*,*,#2453,.F.);
#2453 = EDGE_CURVE('',#1248,#2454,#2456,.T.);
#2454 = VERTEX_POINT('',#2455);
#2455 = CARTESIAN_POINT('',(95.1,80.,5.));
#2456 = LINE('',#2457,#2458);
#2457 = CARTESIAN_POINT('',(95.1,80.,8.1));
#2458 = VECTOR('',#2459,1.);
#2459 = DIRECTION('',(-0.,-0.,-1.));
#2460 = ORIENTED_EDGE('',*,*,#1247,.F.);
#2461 = ORIENTED_EDGE('',*,*,#2453,.T.);
#2462 = ORIENTED_EDGE('',*,*,#2463,.T.);
#2463 = EDGE_CURVE('',#2454,#2454,#2464,.T.);
#2464 = CIRCLE('',#2465,1.6);
#2465 = AXIS2_PLACEMENT_3D('',#2466,#2467,#2468);
#2466 = CARTESIAN_POINT('',(93.5,80.,5.));
#2467 = DIRECTION('',(0.,0.,1.));
#2468 = DIRECTION('',(1.,0.,0.));
#2469 = CYLINDRICAL_SURFACE('',#2470,1.6);
#2470 = AXIS2_PLACEMENT_3D('',#2471,#2472,#2473);
#2471 = CARTESIAN_POINT('',(93.5,80.,8.1));
#2472 = DIRECTION('',(0.,0.,1.));
#2473 = DIRECTION('',(1.,0.,0.));
#2474 = ADVANCED_FACE('',(#2475),#2478,.T.);
#2475 = FACE_BOUND('',#2476,.T.);
#2476 = EDGE_LOOP('',(#2477));
#2477 = ORIENTED_EDGE('',*,*,#1288,.T.);
#2478 = PLANE('',#2479);
#2479 = AXIS2_PLACEMENT_3D('',#2480,#2481,#2482);
#2480 = CARTESIAN_POINT('',(52.5,30.,7.));
#2481 = DIRECTION('',(0.,0.,1.));
#2482 = DIRECTION('',(1.,0.,0.));
#2483 = ADVANCED_FACE('',(#2484),#2487,.T.);
#2484 = FACE_BOUND('',#2485,.T.);
#2485 = EDGE_LOOP('',(#2486));
#2486 = ORIENTED_EDGE('',*,*,#1313,.T.);
#2487 = PLANE('',#2488);
#2488 = AXIS2_PLACEMENT_3D('',#2489,#2490,#2491);
#2489 = CARTESIAN_POINT('',(52.5,30.,7.));
#2490 = DIRECTION('',(0.,0.,1.));
#2491 = DIRECTION('',(1.,0.,0.));
#2492 = ADVANCED_FACE('',(#2493),#2496,.T.);
#2493 = FACE_BOUND('',#2494,.T.);
#2494 = EDGE_LOOP('',(#2495));
#2495 = ORIENTED_EDGE('',*,*,#1338,.T.);
#2496 = PLANE('',#2497);
#2497 = AXIS2_PLACEMENT_3D('',#2498,#2499,#2500);
#2498 = CARTESIAN_POINT('',(52.5,30.,7.));
#2499 = DIRECTION('',(0.,0.,1.));
#2500 = DIRECTION('',(1.,0.,0.));
#2501 = ADVANCED_FACE('',(#2502),#2505,.F.);
#2502 = FACE_BOUND('',#2503,.T.);
#2503 = EDGE_LOOP('',(#2504));
#2504 = ORIENTED_EDGE('',*,*,#1372,.T.);
#2505 = PLANE('',#2506);
#2506 = AXIS2_PLACEMENT_3D('',#2507,#2508,#2509);
#2507 = CARTESIAN_POINT('',(52.5,37.5,2.5));
#2508 = DIRECTION('',(0.,0.,1.));
#2509 = DIRECTION('',(1.,0.,0.));
#2510 = ADVANCED_FACE('',(#2511),#2514,.F.);
#2511 = FACE_BOUND('',#2512,.T.);
#2512 = EDGE_LOOP('',(#2513));
#2513 = ORIENTED_EDGE('',*,*,#1397,.T.);
#2514 = PLANE('',#2515);
#2515 = AXIS2_PLACEMENT_3D('',#2516,#2517,#2518);
#2516 = CARTESIAN_POINT('',(52.5,37.5,2.5));
#2517 = DIRECTION('',(0.,0.,1.));
#2518 = DIRECTION('',(1.,0.,0.));
#2519 = ADVANCED_FACE('',(#2520),#2523,.F.);
#2520 = FACE_BOUND('',#2521,.T.);
#2521 = EDGE_LOOP('',(#2522));
#2522 = ORIENTED_EDGE('',*,*,#1422,.T.);
#2523 = PLANE('',#2524);
#2524 = AXIS2_PLACEMENT_3D('',#2525,#2526,#2527);
#2525 = CARTESIAN_POINT('',(52.5,37.5,2.5));
#2526 = DIRECTION('',(0.,0.,1.));
#2527 = DIRECTION('',(1.,0.,0.));
#2528 = ADVANCED_FACE('',(#2529,#2537),#2540,.F.);
#2529 = FACE_BOUND('',#2530,.F.);
#2530 = EDGE_LOOP('',(#2531,#2532,#2533,#2534,#2535,#2536));
#2531 = ORIENTED_EDGE('',*,*,#1567,.F.);
#2532 = ORIENTED_EDGE('',*,*,#1447,.F.);
#2533 = ORIENTED_EDGE('',*,*,#1478,.F.);
#2534 = ORIENTED_EDGE('',*,*,#1502,.F.);
#2535 = ORIENTED_EDGE('',*,*,#1526,.F.);
#2536 = ORIENTED_EDGE('',*,*,#1550,.F.);
#2537 = FACE_BOUND('',#2538,.F.);
#2538 = EDGE_LOOP('',(#2539));
#2539 = ORIENTED_EDGE('',*,*,#2363,.F.);
#2540 = PLANE('',#2541);
#2541 = AXIS2_PLACEMENT_3D('',#2542,#2543,#2544);
#2542 = CARTESIAN_POINT('',(52.5,79.666666666667,5.));
#2543 = DIRECTION('',(0.,0.,1.));
#2544 = DIRECTION('',(1.,0.,0.));
#2545 = ADVANCED_FACE('',(#2546,#2554),#2557,.F.);
#2546 = FACE_BOUND('',#2547,.F.);
#2547 = EDGE_LOOP('',(#2548,#2549,#2550,#2551,#2552,#2553));
#2548 = ORIENTED_EDGE('',*,*,#1711,.F.);
#2549 = ORIENTED_EDGE('',*,*,#1591,.F.);
#2550 = ORIENTED_EDGE('',*,*,#1622,.F.);
#2551 = ORIENTED_EDGE('',*,*,#1646,.F.);
#2552 = ORIENTED_EDGE('',*,*,#1670,.F.);
#2553 = ORIENTED_EDGE('',*,*,#1694,.F.);
#2554 = FACE_BOUND('',#2555,.F.);
#2555 = EDGE_LOOP('',(#2556));
#2556 = ORIENTED_EDGE('',*,*,#2338,.F.);
#2557 = PLANE('',#2558);
#2558 = AXIS2_PLACEMENT_3D('',#2559,#2560,#2561);
#2559 = CARTESIAN_POINT('',(52.5,79.666666666667,5.));
#2560 = DIRECTION('',(0.,0.,1.));
#2561 = DIRECTION('',(1.,0.,0.));
#2562 = ADVANCED_FACE('',(#2563,#2571),#2574,.F.);
#2563 = FACE_BOUND('',#2564,.F.);
#2564 = EDGE_LOOP('',(#2565,#2566,#2567,#2568,#2569,#2570));
#2565 = ORIENTED_EDGE('',*,*,#1855,.F.);
#2566 = ORIENTED_EDGE('',*,*,#1735,.F.);
#2567 = ORIENTED_EDGE('',*,*,#1766,.F.);
#2568 = ORIENTED_EDGE('',*,*,#1790,.F.);
#2569 = ORIENTED_EDGE('',*,*,#1814,.F.);
#2570 = ORIENTED_EDGE('',*,*,#1838,.F.);
#2571 = FACE_BOUND('',#2572,.F.);
#2572 = EDGE_LOOP('',(#2573));
#2573 = ORIENTED_EDGE('',*,*,#2388,.F.);
#2574 = PLANE('',#2575);
#2575 = AXIS2_PLACEMENT_3D('',#2576,#2577,#2578);
#2576 = CARTESIAN_POINT('',(52.5,79.666666666667,5.));
#2577 = DIRECTION('',(0.,0.,1.));
#2578 = DIRECTION('',(1.,0.,0.));
#2579 = ADVANCED_FACE('',(#2580),#2583,.F.);
#2580 = FACE_BOUND('',#2581,.T.);
#2581 = EDGE_LOOP('',(#2582));
#2582 = ORIENTED_EDGE('',*,*,#1879,.T.);
#2583 = PLANE('',#2584);
#2584 = AXIS2_PLACEMENT_3D('',#2585,#2586,#2587);
#2585 = CARTESIAN_POINT('',(52.5,37.5,2.5));
#2586 = DIRECTION('',(0.,0.,1.));
#2587 = DIRECTION('',(1.,0.,0.));
#2588 = ADVANCED_FACE('',(#2589,#2597),#2600,.F.);
#2589 = FACE_BOUND('',#2590,.F.);
#2590 = EDGE_LOOP('',(#2591,#2592,#2593,#2594,#2595,#2596));
#2591 = ORIENTED_EDGE('',*,*,#2024,.F.);
#2592 = ORIENTED_EDGE('',*,*,#1904,.F.);
#2593 = ORIENTED_EDGE('',*,*,#1935,.F.);
#2594 = ORIENTED_EDGE('',*,*,#1959,.F.);
#2595 = ORIENTED_EDGE('',*,*,#1983,.F.);
#2596 = ORIENTED_EDGE('',*,*,#2007,.F.);
#2597 = FACE_BOUND('',#2598,.F.);
#2598 = EDGE_LOOP('',(#2599));
#2599 = ORIENTED_EDGE('',*,*,#2438,.F.);
#2600 = PLANE('',#2601);
#2601 = AXIS2_PLACEMENT_3D('',#2602,#2603,#2604);
#2602 = CARTESIAN_POINT('',(52.5,79.666666666667,5.));
#2603 = DIRECTION('',(0.,0.,1.));
#2604 = DIRECTION('',(1.,0.,0.));
#2605 = ADVANCED_FACE('',(#2606,#2614),#2617,.F.);
#2606 = FACE_BOUND('',#2607,.F.);
#2607 = EDGE_LOOP('',(#2608,#2609,#2610,#2611,#2612,#2613));
#2608 = ORIENTED_EDGE('',*,*,#2168,.F.);
#2609 = ORIENTED_EDGE('',*,*,#2048,.F.);
#2610 = ORIENTED_EDGE('',*,*,#2079,.F.);
#2611 = ORIENTED_EDGE('',*,*,#2103,.F.);
#2612 = ORIENTED_EDGE('',*,*,#2127,.F.);
#2613 = ORIENTED_EDGE('',*,*,#2151,.F.);
#2614 = FACE_BOUND('',#2615,.F.);
#2615 = EDGE_LOOP('',(#2616));
#2616 = ORIENTED_EDGE('',*,*,#2413,.F.);
#2617 = PLANE('',#2618);
#2618 = AXIS2_PLACEMENT_3D('',#2619,#2620,#2621);
#2619 = CARTESIAN_POINT('',(52.5,79.666666666667,5.));
#2620 = DIRECTION('',(0.,0.,1.));
#2621 = DIRECTION('',(1.,0.,0.));
#2622 = ADVANCED_FACE('',(#2623,#2631),#2634,.F.);
#2623 = FACE_BOUND('',#2624,.F.);
#2624 = EDGE_LOOP('',(#2625,#2626,#2627,#2628,#2629,#2630));
#2625 = ORIENTED_EDGE('',*,*,#2312,.F.);
#2626 = ORIENTED_EDGE('',*,*,#2192,.F.);
#2627 = ORIENTED_EDGE('',*,*,#2223,.F.);
#2628 = ORIENTED_EDGE('',*,*,#2247,.F.);
#2629 = ORIENTED_EDGE('',*,*,#2271,.F.);
#2630 = ORIENTED_EDGE('',*,*,#2295,.F.);
#2631 = FACE_BOUND('',#2632,.F.);
#2632 = EDGE_LOOP('',(#2633));
#2633 = ORIENTED_EDGE('',*,*,#2463,.F.);
#2634 = PLANE('',#2635);
#2635 = AXIS2_PLACEMENT_3D('',#2636,#2637,#2638);
#2636 = CARTESIAN_POINT('',(52.5,79.666666666667,5.));
#2637 = DIRECTION('',(0.,0.,1.));
#2638 = DIRECTION('',(1.,0.,0.));
#2639 = ( GEOMETRIC_REPRESENTATION_CONTEXT(3) 
GLOBAL_UNCERTAINTY_ASSIGNED_CONTEXT((#2643)) 
GLOBAL_UNIT_ASSIGNED_CONTEXT((#2640,#2641,#2642)) REPRESENTATION_CONTEXT
('Context #1','3D Context with UNIT and UNCERTAINTY') );
#2640 = ( LENGTH_UNIT() NAMED_UNIT(*) SI_UNIT(.MILLI.,.METRE.) );
#2641 = ( NAMED_UNIT(*) PLANE_ANGLE_UNIT() SI_UNIT($,.RADIAN.) );
#2642 = ( NAMED_UNIT(*) SI_UNIT($,.STERADIAN.) SOLID_ANGLE_UNIT() );
#2643 = UNCERTAINTY_MEASURE_WITH_UNIT(LENGTH_MEASURE(1.E-07),#2640,
  'distance_accuracy_value','confusion accuracy');
#2644 = PRODUCT_RELATED_PRODUCT_CATEGORY('part',$,(#7));
#2645 = MECHANICAL_DESIGN_GEOMETRIC_PRESENTATION_REPRESENTATION('',(
    #2646),#2639);
#2646 = STYLED_ITEM('color',(#2647),#15);
#2647 = PRESENTATION_STYLE_ASSIGNMENT((#2648,#2656));
#2648 = SURFACE_STYLE_USAGE(.BOTH.,#2649);
#2649 = SURFACE_SIDE_STYLE('',(#2650,#2654));
#2650 = SURFACE_STYLE_FILL_AREA(#2651);
#2651 = FILL_AREA_STYLE('',(#2652));
#2652 = FILL_AREA_STYLE_COLOUR('',#2653);
#2653 = COLOUR_RGB('',0.800000010877,0.800000010877,0.800000010877);
#2654 = SURFACE_STYLE_RENDERING_WITH_PROPERTIES(.NORMAL_SHADING.,#2653,(
    #2655));
#2655 = SURFACE_STYLE_TRANSPARENT(0.5);
#2656 = CURVE_STYLE('',#2657,POSITIVE_LENGTH_MEASURE(0.1),#2658);
#2657 = DRAUGHTING_PRE_DEFINED_CURVE_FONT('continuous');
#2658 = COLOUR_RGB('',9.803921802644E-02,9.803921802644E-02,
  9.803921802644E-02);
ENDSEC;
END-ISO-10303-21;
