ISO-10303-21;
HEADER;
FILE_DESCRIPTION(('FreeCAD Model'),'2;1');
FILE_NAME('Open CASCADE Shape Model','2025-03-06T20:51:25',(''),(''),
  'Open CASCADE STEP processor 7.8','FreeCAD','Unknown');
FILE_SCHEMA(('AUTOMOTIVE_DESIGN { 1 0 10303 214 1 1 1 1 }'));
ENDSEC;
DATA;
#1 = APPLICATION_PROTOCOL_DEFINITION('international standard',
  'automotive_design',2000,#2);
#2 = APPLICATION_CONTEXT(
  'core data for automotive mechanical design processes');
#3 = SHAPE_DEFINITION_REPRESENTATION(#4,#10);
#4 = PRODUCT_DEFINITION_SHAPE('','',#5);
#5 = PRODUCT_DEFINITION('design','',#6,#9);
#6 = PRODUCT_DEFINITION_FORMATION('','',#7);
#7 = PRODUCT('Body','Body','',(#8));
#8 = PRODUCT_CONTEXT('',#2,'mechanical');
#9 = PRODUCT_DEFINITION_CONTEXT('part definition',#2,'design');
#10 = ADVANCED_BREP_SHAPE_REPRESENTATION('',(#11,#15),#2535);
#11 = AXIS2_PLACEMENT_3D('',#12,#13,#14);
#12 = CARTESIAN_POINT('',(0.,0.,0.));
#13 = DIRECTION('',(0.,0.,1.));
#14 = DIRECTION('',(1.,0.,-0.));
#15 = MANIFOLD_SOLID_BREP('',#16);
#16 = CLOSED_SHELL('',(#17,#89,#464,#488,#675,#699,#755,#772,#789,#847,
    #872,#897,#922,#953,#977,#1001,#1025,#1049,#1066,#1097,#1121,#1145,
    #1169,#1193,#1210,#1241,#1265,#1289,#1313,#1337,#1354,#1379,#1410,
    #1434,#1458,#1482,#1506,#1523,#1554,#1578,#1602,#1626,#1650,#1667,
    #1698,#1722,#1746,#1770,#1794,#1811,#1835,#1859,#1876,#1893,#1917,
    #1934,#1958,#1975,#1992,#2009,#2021,#2046,#2071,#2096,#2121,#2166,
    #2211,#2220,#2229,#2238,#2263,#2288,#2313,#2322,#2347,#2372,#2397,
    #2406,#2415,#2424,#2433,#2450,#2467,#2484,#2501,#2518));
#17 = ADVANCED_FACE('',(#18),#84,.F.);
#18 = FACE_BOUND('',#19,.F.);
#19 = EDGE_LOOP('',(#20,#30,#38,#46,#54,#62,#70,#78));
#20 = ORIENTED_EDGE('',*,*,#21,.F.);
#21 = EDGE_CURVE('',#22,#24,#26,.T.);
#22 = VERTEX_POINT('',#23);
#23 = CARTESIAN_POINT('',(0.,0.,0.));
#24 = VERTEX_POINT('',#25);
#25 = CARTESIAN_POINT('',(110.,0.,0.));
#26 = LINE('',#27,#28);
#27 = CARTESIAN_POINT('',(0.,0.,0.));
#28 = VECTOR('',#29,1.);
#29 = DIRECTION('',(1.,0.,0.));
#30 = ORIENTED_EDGE('',*,*,#31,.T.);
#31 = EDGE_CURVE('',#22,#32,#34,.T.);
#32 = VERTEX_POINT('',#33);
#33 = CARTESIAN_POINT('',(0.,0.,10.));
#34 = LINE('',#35,#36);
#35 = CARTESIAN_POINT('',(0.,0.,0.));
#36 = VECTOR('',#37,1.);
#37 = DIRECTION('',(0.,0.,1.));
#38 = ORIENTED_EDGE('',*,*,#39,.T.);
#39 = EDGE_CURVE('',#32,#40,#42,.T.);
#40 = VERTEX_POINT('',#41);
#41 = CARTESIAN_POINT('',(38.4,0.,10.));
#42 = LINE('',#43,#44);
#43 = CARTESIAN_POINT('',(0.,0.,10.));
#44 = VECTOR('',#45,1.);
#45 = DIRECTION('',(1.,0.,0.));
#46 = ORIENTED_EDGE('',*,*,#47,.T.);
#47 = EDGE_CURVE('',#40,#48,#50,.T.);
#48 = VERTEX_POINT('',#49);
#49 = CARTESIAN_POINT('',(38.4,0.,8.35));
#50 = LINE('',#51,#52);
#51 = CARTESIAN_POINT('',(38.4,0.,10.));
#52 = VECTOR('',#53,1.);
#53 = DIRECTION('',(-0.,-0.,-1.));
#54 = ORIENTED_EDGE('',*,*,#55,.T.);
#55 = EDGE_CURVE('',#48,#56,#58,.T.);
#56 = VERTEX_POINT('',#57);
#57 = CARTESIAN_POINT('',(71.6,0.,8.35));
#58 = LINE('',#59,#60);
#59 = CARTESIAN_POINT('',(38.4,0.,8.35));
#60 = VECTOR('',#61,1.);
#61 = DIRECTION('',(1.,0.,0.));
#62 = ORIENTED_EDGE('',*,*,#63,.F.);
#63 = EDGE_CURVE('',#64,#56,#66,.T.);
#64 = VERTEX_POINT('',#65);
#65 = CARTESIAN_POINT('',(71.6,0.,10.));
#66 = LINE('',#67,#68);
#67 = CARTESIAN_POINT('',(71.6,0.,10.));
#68 = VECTOR('',#69,1.);
#69 = DIRECTION('',(-0.,-0.,-1.));
#70 = ORIENTED_EDGE('',*,*,#71,.T.);
#71 = EDGE_CURVE('',#64,#72,#74,.T.);
#72 = VERTEX_POINT('',#73);
#73 = CARTESIAN_POINT('',(110.,0.,10.));
#74 = LINE('',#75,#76);
#75 = CARTESIAN_POINT('',(0.,0.,10.));
#76 = VECTOR('',#77,1.);
#77 = DIRECTION('',(1.,0.,0.));
#78 = ORIENTED_EDGE('',*,*,#79,.F.);
#79 = EDGE_CURVE('',#24,#72,#80,.T.);
#80 = LINE('',#81,#82);
#81 = CARTESIAN_POINT('',(110.,0.,0.));
#82 = VECTOR('',#83,1.);
#83 = DIRECTION('',(0.,0.,1.));
#84 = PLANE('',#85);
#85 = AXIS2_PLACEMENT_3D('',#86,#87,#88);
#86 = CARTESIAN_POINT('',(0.,0.,0.));
#87 = DIRECTION('',(0.,1.,0.));
#88 = DIRECTION('',(1.,0.,0.));
#89 = ADVANCED_FACE('',(#90,#115,#126,#137,#148,#198,#248,#298,#309,#359
    ,#409),#459,.F.);
#90 = FACE_BOUND('',#91,.F.);
#91 = EDGE_LOOP('',(#92,#93,#101,#109));
#92 = ORIENTED_EDGE('',*,*,#21,.T.);
#93 = ORIENTED_EDGE('',*,*,#94,.T.);
#94 = EDGE_CURVE('',#24,#95,#97,.T.);
#95 = VERTEX_POINT('',#96);
#96 = CARTESIAN_POINT('',(110.,125.,0.));
#97 = LINE('',#98,#99);
#98 = CARTESIAN_POINT('',(110.,0.,0.));
#99 = VECTOR('',#100,1.);
#100 = DIRECTION('',(0.,1.,0.));
#101 = ORIENTED_EDGE('',*,*,#102,.T.);
#102 = EDGE_CURVE('',#95,#103,#105,.T.);
#103 = VERTEX_POINT('',#104);
#104 = CARTESIAN_POINT('',(0.,125.,0.));
#105 = LINE('',#106,#107);
#106 = CARTESIAN_POINT('',(110.,125.,0.));
#107 = VECTOR('',#108,1.);
#108 = DIRECTION('',(-1.,0.,0.));
#109 = ORIENTED_EDGE('',*,*,#110,.T.);
#110 = EDGE_CURVE('',#103,#22,#111,.T.);
#111 = LINE('',#112,#113);
#112 = CARTESIAN_POINT('',(0.,125.,0.));
#113 = VECTOR('',#114,1.);
#114 = DIRECTION('',(0.,-1.,0.));
#115 = FACE_BOUND('',#116,.F.);
#116 = EDGE_LOOP('',(#117));
#117 = ORIENTED_EDGE('',*,*,#118,.T.);
#118 = EDGE_CURVE('',#119,#119,#121,.T.);
#119 = VERTEX_POINT('',#120);
#120 = CARTESIAN_POINT('',(40.,30.,0.));
#121 = CIRCLE('',#122,15.);
#122 = AXIS2_PLACEMENT_3D('',#123,#124,#125);
#123 = CARTESIAN_POINT('',(25.,30.,0.));
#124 = DIRECTION('',(0.,0.,-1.));
#125 = DIRECTION('',(1.,0.,0.));
#126 = FACE_BOUND('',#127,.F.);
#127 = EDGE_LOOP('',(#128));
#128 = ORIENTED_EDGE('',*,*,#129,.T.);
#129 = EDGE_CURVE('',#130,#130,#132,.T.);
#130 = VERTEX_POINT('',#131);
#131 = CARTESIAN_POINT('',(100.,30.,0.));
#132 = CIRCLE('',#133,15.);
#133 = AXIS2_PLACEMENT_3D('',#134,#135,#136);
#134 = CARTESIAN_POINT('',(85.,30.,0.));
#135 = DIRECTION('',(0.,0.,-1.));
#136 = DIRECTION('',(1.,0.,0.));
#137 = FACE_BOUND('',#138,.F.);
#138 = EDGE_LOOP('',(#139));
#139 = ORIENTED_EDGE('',*,*,#140,.T.);
#140 = EDGE_CURVE('',#141,#141,#143,.T.);
#141 = VERTEX_POINT('',#142);
#142 = CARTESIAN_POINT('',(40.,90.,0.));
#143 = CIRCLE('',#144,15.);
#144 = AXIS2_PLACEMENT_3D('',#145,#146,#147);
#145 = CARTESIAN_POINT('',(25.,90.,0.));
#146 = DIRECTION('',(0.,0.,-1.));
#147 = DIRECTION('',(1.,0.,0.));
#148 = FACE_BOUND('',#149,.F.);
#149 = EDGE_LOOP('',(#150,#160,#168,#176,#184,#192));
#150 = ORIENTED_EDGE('',*,*,#151,.T.);
#151 = EDGE_CURVE('',#152,#154,#156,.T.);
#152 = VERTEX_POINT('',#153);
#153 = CARTESIAN_POINT('',(13.125,122.81458256229,0.));
#154 = VERTEX_POINT('',#155);
#155 = CARTESIAN_POINT('',(14.75,120.,0.));
#156 = LINE('',#157,#158);
#157 = CARTESIAN_POINT('',(13.125,122.81458256229,0.));
#158 = VECTOR('',#159,1.);
#159 = DIRECTION('',(0.5,-0.866025403784,0.));
#160 = ORIENTED_EDGE('',*,*,#161,.T.);
#161 = EDGE_CURVE('',#154,#162,#164,.T.);
#162 = VERTEX_POINT('',#163);
#163 = CARTESIAN_POINT('',(13.125,117.1854174377,0.));
#164 = LINE('',#165,#166);
#165 = CARTESIAN_POINT('',(14.75,120.,0.));
#166 = VECTOR('',#167,1.);
#167 = DIRECTION('',(-0.5,-0.866025403784,0.));
#168 = ORIENTED_EDGE('',*,*,#169,.T.);
#169 = EDGE_CURVE('',#162,#170,#172,.T.);
#170 = VERTEX_POINT('',#171);
#171 = CARTESIAN_POINT('',(9.875,117.1854174377,0.));
#172 = LINE('',#173,#174);
#173 = CARTESIAN_POINT('',(13.125,117.1854174377,0.));
#174 = VECTOR('',#175,1.);
#175 = DIRECTION('',(-1.,0.,0.));
#176 = ORIENTED_EDGE('',*,*,#177,.T.);
#177 = EDGE_CURVE('',#170,#178,#180,.T.);
#178 = VERTEX_POINT('',#179);
#179 = CARTESIAN_POINT('',(8.25,120.,0.));
#180 = LINE('',#181,#182);
#181 = CARTESIAN_POINT('',(9.875,117.1854174377,0.));
#182 = VECTOR('',#183,1.);
#183 = DIRECTION('',(-0.5,0.866025403784,-0.));
#184 = ORIENTED_EDGE('',*,*,#185,.T.);
#185 = EDGE_CURVE('',#178,#186,#188,.T.);
#186 = VERTEX_POINT('',#187);
#187 = CARTESIAN_POINT('',(9.875,122.81458256229,0.));
#188 = LINE('',#189,#190);
#189 = CARTESIAN_POINT('',(8.25,120.,0.));
#190 = VECTOR('',#191,1.);
#191 = DIRECTION('',(0.5,0.866025403784,0.));
#192 = ORIENTED_EDGE('',*,*,#193,.T.);
#193 = EDGE_CURVE('',#186,#152,#194,.T.);
#194 = LINE('',#195,#196);
#195 = CARTESIAN_POINT('',(9.875,122.81458256229,0.));
#196 = VECTOR('',#197,1.);
#197 = DIRECTION('',(1.,0.,0.));
#198 = FACE_BOUND('',#199,.F.);
#199 = EDGE_LOOP('',(#200,#210,#218,#226,#234,#242));
#200 = ORIENTED_EDGE('',*,*,#201,.T.);
#201 = EDGE_CURVE('',#202,#204,#206,.T.);
#202 = VERTEX_POINT('',#203);
#203 = CARTESIAN_POINT('',(30.75,119.,0.));
#204 = VERTEX_POINT('',#205);
#205 = CARTESIAN_POINT('',(29.125000000006,116.18541743767,0.));
#206 = LINE('',#207,#208);
#207 = CARTESIAN_POINT('',(30.75,119.,0.));
#208 = VECTOR('',#209,1.);
#209 = DIRECTION('',(-0.499999999995,-0.866025403787,0.));
#210 = ORIENTED_EDGE('',*,*,#211,.T.);
#211 = EDGE_CURVE('',#204,#212,#214,.T.);
#212 = VERTEX_POINT('',#213);
#213 = CARTESIAN_POINT('',(25.874999999994,116.18541743767,0.));
#214 = LINE('',#215,#216);
#215 = CARTESIAN_POINT('',(29.125000000006,116.18541743767,0.));
#216 = VECTOR('',#217,1.);
#217 = DIRECTION('',(-1.,0.,0.));
#218 = ORIENTED_EDGE('',*,*,#219,.T.);
#219 = EDGE_CURVE('',#212,#220,#222,.T.);
#220 = VERTEX_POINT('',#221);
#221 = CARTESIAN_POINT('',(24.25,119.,0.));
#222 = LINE('',#223,#224);
#223 = CARTESIAN_POINT('',(25.874999999994,116.18541743767,0.));
#224 = VECTOR('',#225,1.);
#225 = DIRECTION('',(-0.499999999995,0.866025403787,-0.));
#226 = ORIENTED_EDGE('',*,*,#227,.T.);
#227 = EDGE_CURVE('',#220,#228,#230,.T.);
#228 = VERTEX_POINT('',#229);
#229 = CARTESIAN_POINT('',(25.874999999994,121.81458256232,0.));
#230 = LINE('',#231,#232);
#231 = CARTESIAN_POINT('',(24.25,119.,0.));
#232 = VECTOR('',#233,1.);
#233 = DIRECTION('',(0.499999999995,0.866025403787,0.));
#234 = ORIENTED_EDGE('',*,*,#235,.T.);
#235 = EDGE_CURVE('',#228,#236,#238,.T.);
#236 = VERTEX_POINT('',#237);
#237 = CARTESIAN_POINT('',(29.125000000006,121.81458256232,0.));
#238 = LINE('',#239,#240);
#239 = CARTESIAN_POINT('',(25.874999999994,121.81458256232,0.));
#240 = VECTOR('',#241,1.);
#241 = DIRECTION('',(1.,0.,0.));
#242 = ORIENTED_EDGE('',*,*,#243,.T.);
#243 = EDGE_CURVE('',#236,#202,#244,.T.);
#244 = LINE('',#245,#246);
#245 = CARTESIAN_POINT('',(29.125000000006,121.81458256232,0.));
#246 = VECTOR('',#247,1.);
#247 = DIRECTION('',(0.499999999995,-0.866025403787,0.));
#248 = FACE_BOUND('',#249,.F.);
#249 = EDGE_LOOP('',(#250,#260,#268,#276,#284,#292));
#250 = ORIENTED_EDGE('',*,*,#251,.T.);
#251 = EDGE_CURVE('',#252,#254,#256,.T.);
#252 = VERTEX_POINT('',#253);
#253 = CARTESIAN_POINT('',(46.75,119.99999999999,0.));
#254 = VERTEX_POINT('',#255);
#255 = CARTESIAN_POINT('',(45.125,117.1854174377,0.));
#256 = LINE('',#257,#258);
#257 = CARTESIAN_POINT('',(46.75,119.99999999999,0.));
#258 = VECTOR('',#259,1.);
#259 = DIRECTION('',(-0.5,-0.866025403784,0.));
#260 = ORIENTED_EDGE('',*,*,#261,.T.);
#261 = EDGE_CURVE('',#254,#262,#264,.T.);
#262 = VERTEX_POINT('',#263);
#263 = CARTESIAN_POINT('',(41.875,117.1854174377,0.));
#264 = LINE('',#265,#266);
#265 = CARTESIAN_POINT('',(45.125,117.1854174377,0.));
#266 = VECTOR('',#267,1.);
#267 = DIRECTION('',(-1.,0.,0.));
#268 = ORIENTED_EDGE('',*,*,#269,.T.);
#269 = EDGE_CURVE('',#262,#270,#272,.T.);
#270 = VERTEX_POINT('',#271);
#271 = CARTESIAN_POINT('',(40.25,119.99999999999,0.));
#272 = LINE('',#273,#274);
#273 = CARTESIAN_POINT('',(41.875,117.1854174377,0.));
#274 = VECTOR('',#275,1.);
#275 = DIRECTION('',(-0.5,0.866025403784,-0.));
#276 = ORIENTED_EDGE('',*,*,#277,.T.);
#277 = EDGE_CURVE('',#270,#278,#280,.T.);
#278 = VERTEX_POINT('',#279);
#279 = CARTESIAN_POINT('',(41.875,122.81458256229,0.));
#280 = LINE('',#281,#282);
#281 = CARTESIAN_POINT('',(40.25,119.99999999999,0.));
#282 = VECTOR('',#283,1.);
#283 = DIRECTION('',(0.5,0.866025403785,0.));
#284 = ORIENTED_EDGE('',*,*,#285,.T.);
#285 = EDGE_CURVE('',#278,#286,#288,.T.);
#286 = VERTEX_POINT('',#287);
#287 = CARTESIAN_POINT('',(45.125,122.81458256229,0.));
#288 = LINE('',#289,#290);
#289 = CARTESIAN_POINT('',(41.875,122.81458256229,0.));
#290 = VECTOR('',#291,1.);
#291 = DIRECTION('',(1.,0.,0.));
#292 = ORIENTED_EDGE('',*,*,#293,.T.);
#293 = EDGE_CURVE('',#286,#252,#294,.T.);
#294 = LINE('',#295,#296);
#295 = CARTESIAN_POINT('',(45.125,122.81458256229,0.));
#296 = VECTOR('',#297,1.);
#297 = DIRECTION('',(0.5,-0.866025403785,0.));
#298 = FACE_BOUND('',#299,.F.);
#299 = EDGE_LOOP('',(#300));
#300 = ORIENTED_EDGE('',*,*,#301,.T.);
#301 = EDGE_CURVE('',#302,#302,#304,.T.);
#302 = VERTEX_POINT('',#303);
#303 = CARTESIAN_POINT('',(100.,90.,0.));
#304 = CIRCLE('',#305,15.);
#305 = AXIS2_PLACEMENT_3D('',#306,#307,#308);
#306 = CARTESIAN_POINT('',(85.,90.,0.));
#307 = DIRECTION('',(0.,0.,-1.));
#308 = DIRECTION('',(1.,0.,0.));
#309 = FACE_BOUND('',#310,.F.);
#310 = EDGE_LOOP('',(#311,#321,#329,#337,#345,#353));
#311 = ORIENTED_EDGE('',*,*,#312,.T.);
#312 = EDGE_CURVE('',#313,#315,#317,.T.);
#313 = VERTEX_POINT('',#314);
#314 = CARTESIAN_POINT('',(69.75,120.,0.));
#315 = VERTEX_POINT('',#316);
#316 = CARTESIAN_POINT('',(68.125,117.1854174377,0.));
#317 = LINE('',#318,#319);
#318 = CARTESIAN_POINT('',(69.75,120.,0.));
#319 = VECTOR('',#320,1.);
#320 = DIRECTION('',(-0.5,-0.866025403784,0.));
#321 = ORIENTED_EDGE('',*,*,#322,.T.);
#322 = EDGE_CURVE('',#315,#323,#325,.T.);
#323 = VERTEX_POINT('',#324);
#324 = CARTESIAN_POINT('',(64.875,117.1854174377,0.));
#325 = LINE('',#326,#327);
#326 = CARTESIAN_POINT('',(68.125,117.1854174377,0.));
#327 = VECTOR('',#328,1.);
#328 = DIRECTION('',(-1.,0.,0.));
#329 = ORIENTED_EDGE('',*,*,#330,.T.);
#330 = EDGE_CURVE('',#323,#331,#333,.T.);
#331 = VERTEX_POINT('',#332);
#332 = CARTESIAN_POINT('',(63.25,120.,0.));
#333 = LINE('',#334,#335);
#334 = CARTESIAN_POINT('',(64.875,117.1854174377,0.));
#335 = VECTOR('',#336,1.);
#336 = DIRECTION('',(-0.5,0.866025403784,-0.));
#337 = ORIENTED_EDGE('',*,*,#338,.T.);
#338 = EDGE_CURVE('',#331,#339,#341,.T.);
#339 = VERTEX_POINT('',#340);
#340 = CARTESIAN_POINT('',(64.875,122.81458256229,0.));
#341 = LINE('',#342,#343);
#342 = CARTESIAN_POINT('',(63.25,120.,0.));
#343 = VECTOR('',#344,1.);
#344 = DIRECTION('',(0.5,0.866025403784,0.));
#345 = ORIENTED_EDGE('',*,*,#346,.T.);
#346 = EDGE_CURVE('',#339,#347,#349,.T.);
#347 = VERTEX_POINT('',#348);
#348 = CARTESIAN_POINT('',(68.125,122.81458256229,0.));
#349 = LINE('',#350,#351);
#350 = CARTESIAN_POINT('',(64.875,122.81458256229,0.));
#351 = VECTOR('',#352,1.);
#352 = DIRECTION('',(1.,0.,0.));
#353 = ORIENTED_EDGE('',*,*,#354,.T.);
#354 = EDGE_CURVE('',#347,#313,#355,.T.);
#355 = LINE('',#356,#357);
#356 = CARTESIAN_POINT('',(68.125,122.81458256229,0.));
#357 = VECTOR('',#358,1.);
#358 = DIRECTION('',(0.5,-0.866025403784,0.));
#359 = FACE_BOUND('',#360,.F.);
#360 = EDGE_LOOP('',(#361,#371,#379,#387,#395,#403));
#361 = ORIENTED_EDGE('',*,*,#362,.T.);
#362 = EDGE_CURVE('',#363,#365,#367,.T.);
#363 = VERTEX_POINT('',#364);
#364 = CARTESIAN_POINT('',(85.75,119.,0.));
#365 = VERTEX_POINT('',#366);
#366 = CARTESIAN_POINT('',(84.125,116.1854174377,0.));
#367 = LINE('',#368,#369);
#368 = CARTESIAN_POINT('',(85.75,119.,0.));
#369 = VECTOR('',#370,1.);
#370 = DIRECTION('',(-0.5,-0.866025403784,0.));
#371 = ORIENTED_EDGE('',*,*,#372,.T.);
#372 = EDGE_CURVE('',#365,#373,#375,.T.);
#373 = VERTEX_POINT('',#374);
#374 = CARTESIAN_POINT('',(80.875,116.1854174377,0.));
#375 = LINE('',#376,#377);
#376 = CARTESIAN_POINT('',(84.125,116.1854174377,0.));
#377 = VECTOR('',#378,1.);
#378 = DIRECTION('',(-1.,0.,0.));
#379 = ORIENTED_EDGE('',*,*,#380,.T.);
#380 = EDGE_CURVE('',#373,#381,#383,.T.);
#381 = VERTEX_POINT('',#382);
#382 = CARTESIAN_POINT('',(79.25,119.,0.));
#383 = LINE('',#384,#385);
#384 = CARTESIAN_POINT('',(80.875,116.1854174377,0.));
#385 = VECTOR('',#386,1.);
#386 = DIRECTION('',(-0.5,0.866025403784,-0.));
#387 = ORIENTED_EDGE('',*,*,#388,.T.);
#388 = EDGE_CURVE('',#381,#389,#391,.T.);
#389 = VERTEX_POINT('',#390);
#390 = CARTESIAN_POINT('',(80.875,121.81458256229,0.));
#391 = LINE('',#392,#393);
#392 = CARTESIAN_POINT('',(79.25,119.,0.));
#393 = VECTOR('',#394,1.);
#394 = DIRECTION('',(0.5,0.866025403784,0.));
#395 = ORIENTED_EDGE('',*,*,#396,.T.);
#396 = EDGE_CURVE('',#389,#397,#399,.T.);
#397 = VERTEX_POINT('',#398);
#398 = CARTESIAN_POINT('',(84.125,121.81458256229,0.));
#399 = LINE('',#400,#401);
#400 = CARTESIAN_POINT('',(80.875,121.81458256229,0.));
#401 = VECTOR('',#402,1.);
#402 = DIRECTION('',(1.,0.,0.));
#403 = ORIENTED_EDGE('',*,*,#404,.T.);
#404 = EDGE_CURVE('',#397,#363,#405,.T.);
#405 = LINE('',#406,#407);
#406 = CARTESIAN_POINT('',(84.125,121.81458256229,0.));
#407 = VECTOR('',#408,1.);
#408 = DIRECTION('',(0.5,-0.866025403784,0.));
#409 = FACE_BOUND('',#410,.F.);
#410 = EDGE_LOOP('',(#411,#421,#429,#437,#445,#453));
#411 = ORIENTED_EDGE('',*,*,#412,.T.);
#412 = EDGE_CURVE('',#413,#415,#417,.T.);
#413 = VERTEX_POINT('',#414);
#414 = CARTESIAN_POINT('',(101.75,120.,0.));
#415 = VERTEX_POINT('',#416);
#416 = CARTESIAN_POINT('',(100.125,117.1854174377,0.));
#417 = LINE('',#418,#419);
#418 = CARTESIAN_POINT('',(101.75,120.,0.));
#419 = VECTOR('',#420,1.);
#420 = DIRECTION('',(-0.5,-0.866025403784,0.));
#421 = ORIENTED_EDGE('',*,*,#422,.T.);
#422 = EDGE_CURVE('',#415,#423,#425,.T.);
#423 = VERTEX_POINT('',#424);
#424 = CARTESIAN_POINT('',(96.875,117.1854174377,0.));
#425 = LINE('',#426,#427);
#426 = CARTESIAN_POINT('',(100.125,117.1854174377,0.));
#427 = VECTOR('',#428,1.);
#428 = DIRECTION('',(-1.,0.,0.));
#429 = ORIENTED_EDGE('',*,*,#430,.T.);
#430 = EDGE_CURVE('',#423,#431,#433,.T.);
#431 = VERTEX_POINT('',#432);
#432 = CARTESIAN_POINT('',(95.25,120.,0.));
#433 = LINE('',#434,#435);
#434 = CARTESIAN_POINT('',(96.875,117.1854174377,0.));
#435 = VECTOR('',#436,1.);
#436 = DIRECTION('',(-0.5,0.866025403784,-0.));
#437 = ORIENTED_EDGE('',*,*,#438,.T.);
#438 = EDGE_CURVE('',#431,#439,#441,.T.);
#439 = VERTEX_POINT('',#440);
#440 = CARTESIAN_POINT('',(96.875,122.81458256229,0.));
#441 = LINE('',#442,#443);
#442 = CARTESIAN_POINT('',(95.25,120.,0.));
#443 = VECTOR('',#444,1.);
#444 = DIRECTION('',(0.5,0.866025403784,0.));
#445 = ORIENTED_EDGE('',*,*,#446,.T.);
#446 = EDGE_CURVE('',#439,#447,#449,.T.);
#447 = VERTEX_POINT('',#448);
#448 = CARTESIAN_POINT('',(100.125,122.81458256229,0.));
#449 = LINE('',#450,#451);
#450 = CARTESIAN_POINT('',(96.875,122.81458256229,0.));
#451 = VECTOR('',#452,1.);
#452 = DIRECTION('',(1.,0.,0.));
#453 = ORIENTED_EDGE('',*,*,#454,.T.);
#454 = EDGE_CURVE('',#447,#413,#455,.T.);
#455 = LINE('',#456,#457);
#456 = CARTESIAN_POINT('',(100.125,122.81458256229,0.));
#457 = VECTOR('',#458,1.);
#458 = DIRECTION('',(0.5,-0.866025403784,0.));
#459 = PLANE('',#460);
#460 = AXIS2_PLACEMENT_3D('',#461,#462,#463);
#461 = CARTESIAN_POINT('',(55.,62.5,0.));
#462 = DIRECTION('',(0.,0.,1.));
#463 = DIRECTION('',(1.,0.,0.));
#464 = ADVANCED_FACE('',(#465),#483,.F.);
#465 = FACE_BOUND('',#466,.F.);
#466 = EDGE_LOOP('',(#467,#468,#476,#482));
#467 = ORIENTED_EDGE('',*,*,#79,.T.);
#468 = ORIENTED_EDGE('',*,*,#469,.T.);
#469 = EDGE_CURVE('',#72,#470,#472,.T.);
#470 = VERTEX_POINT('',#471);
#471 = CARTESIAN_POINT('',(110.,125.,10.));
#472 = LINE('',#473,#474);
#473 = CARTESIAN_POINT('',(110.,0.,10.));
#474 = VECTOR('',#475,1.);
#475 = DIRECTION('',(0.,1.,0.));
#476 = ORIENTED_EDGE('',*,*,#477,.F.);
#477 = EDGE_CURVE('',#95,#470,#478,.T.);
#478 = LINE('',#479,#480);
#479 = CARTESIAN_POINT('',(110.,125.,0.));
#480 = VECTOR('',#481,1.);
#481 = DIRECTION('',(0.,0.,1.));
#482 = ORIENTED_EDGE('',*,*,#94,.F.);
#483 = PLANE('',#484);
#484 = AXIS2_PLACEMENT_3D('',#485,#486,#487);
#485 = CARTESIAN_POINT('',(110.,0.,0.));
#486 = DIRECTION('',(-1.,0.,0.));
#487 = DIRECTION('',(0.,1.,0.));
#488 = ADVANCED_FACE('',(#489,#626,#637,#648,#659),#670,.T.);
#489 = FACE_BOUND('',#490,.T.);
#490 = EDGE_LOOP('',(#491,#501,#507,#508,#516,#524,#532,#540,#548,#556,
    #562,#563,#564,#572,#580,#588,#596,#604,#612,#620));
#491 = ORIENTED_EDGE('',*,*,#492,.T.);
#492 = EDGE_CURVE('',#493,#495,#497,.T.);
#493 = VERTEX_POINT('',#494);
#494 = CARTESIAN_POINT('',(5.,125.,10.));
#495 = VERTEX_POINT('',#496);
#496 = CARTESIAN_POINT('',(0.,125.,10.));
#497 = LINE('',#498,#499);
#498 = CARTESIAN_POINT('',(110.,125.,10.));
#499 = VECTOR('',#500,1.);
#500 = DIRECTION('',(-1.,0.,0.));
#501 = ORIENTED_EDGE('',*,*,#502,.T.);
#502 = EDGE_CURVE('',#495,#32,#503,.T.);
#503 = LINE('',#504,#505);
#504 = CARTESIAN_POINT('',(0.,125.,10.));
#505 = VECTOR('',#506,1.);
#506 = DIRECTION('',(0.,-1.,0.));
#507 = ORIENTED_EDGE('',*,*,#39,.T.);
#508 = ORIENTED_EDGE('',*,*,#509,.T.);
#509 = EDGE_CURVE('',#40,#510,#512,.T.);
#510 = VERTEX_POINT('',#511);
#511 = CARTESIAN_POINT('',(38.4,20.,10.));
#512 = LINE('',#513,#514);
#513 = CARTESIAN_POINT('',(38.4,0.,10.));
#514 = VECTOR('',#515,1.);
#515 = DIRECTION('',(0.,1.,0.));
#516 = ORIENTED_EDGE('',*,*,#517,.T.);
#517 = EDGE_CURVE('',#510,#518,#520,.T.);
#518 = VERTEX_POINT('',#519);
#519 = CARTESIAN_POINT('',(23.4,20.,10.));
#520 = LINE('',#521,#522);
#521 = CARTESIAN_POINT('',(38.4,20.,10.));
#522 = VECTOR('',#523,1.);
#523 = DIRECTION('',(-1.,0.,0.));
#524 = ORIENTED_EDGE('',*,*,#525,.T.);
#525 = EDGE_CURVE('',#518,#526,#528,.T.);
#526 = VERTEX_POINT('',#527);
#527 = CARTESIAN_POINT('',(23.4,67.3,10.));
#528 = LINE('',#529,#530);
#529 = CARTESIAN_POINT('',(23.4,20.,10.));
#530 = VECTOR('',#531,1.);
#531 = DIRECTION('',(0.,1.,0.));
#532 = ORIENTED_EDGE('',*,*,#533,.T.);
#533 = EDGE_CURVE('',#526,#534,#536,.T.);
#534 = VERTEX_POINT('',#535);
#535 = CARTESIAN_POINT('',(86.6,67.3,10.));
#536 = LINE('',#537,#538);
#537 = CARTESIAN_POINT('',(23.4,67.3,10.));
#538 = VECTOR('',#539,1.);
#539 = DIRECTION('',(1.,0.,0.));
#540 = ORIENTED_EDGE('',*,*,#541,.T.);
#541 = EDGE_CURVE('',#534,#542,#544,.T.);
#542 = VERTEX_POINT('',#543);
#543 = CARTESIAN_POINT('',(86.6,20.,10.));
#544 = LINE('',#545,#546);
#545 = CARTESIAN_POINT('',(86.6,67.3,10.));
#546 = VECTOR('',#547,1.);
#547 = DIRECTION('',(0.,-1.,0.));
#548 = ORIENTED_EDGE('',*,*,#549,.T.);
#549 = EDGE_CURVE('',#542,#550,#552,.T.);
#550 = VERTEX_POINT('',#551);
#551 = CARTESIAN_POINT('',(71.6,20.,10.));
#552 = LINE('',#553,#554);
#553 = CARTESIAN_POINT('',(86.6,20.,10.));
#554 = VECTOR('',#555,1.);
#555 = DIRECTION('',(-1.,0.,0.));
#556 = ORIENTED_EDGE('',*,*,#557,.T.);
#557 = EDGE_CURVE('',#550,#64,#558,.T.);
#558 = LINE('',#559,#560);
#559 = CARTESIAN_POINT('',(71.6,20.,10.));
#560 = VECTOR('',#561,1.);
#561 = DIRECTION('',(0.,-1.,0.));
#562 = ORIENTED_EDGE('',*,*,#71,.T.);
#563 = ORIENTED_EDGE('',*,*,#469,.T.);
#564 = ORIENTED_EDGE('',*,*,#565,.T.);
#565 = EDGE_CURVE('',#470,#566,#568,.T.);
#566 = VERTEX_POINT('',#567);
#567 = CARTESIAN_POINT('',(105.,125.,10.));
#568 = LINE('',#569,#570);
#569 = CARTESIAN_POINT('',(110.,125.,10.));
#570 = VECTOR('',#571,1.);
#571 = DIRECTION('',(-1.,0.,0.));
#572 = ORIENTED_EDGE('',*,*,#573,.T.);
#573 = EDGE_CURVE('',#566,#574,#576,.T.);
#574 = VERTEX_POINT('',#575);
#575 = CARTESIAN_POINT('',(105.,113.,10.));
#576 = LINE('',#577,#578);
#577 = CARTESIAN_POINT('',(105.,125.,10.));
#578 = VECTOR('',#579,1.);
#579 = DIRECTION('',(0.,-1.,0.));
#580 = ORIENTED_EDGE('',*,*,#581,.T.);
#581 = EDGE_CURVE('',#574,#582,#584,.T.);
#582 = VERTEX_POINT('',#583);
#583 = CARTESIAN_POINT('',(60.,113.,10.));
#584 = LINE('',#585,#586);
#585 = CARTESIAN_POINT('',(105.,113.,10.));
#586 = VECTOR('',#587,1.);
#587 = DIRECTION('',(-1.,0.,0.));
#588 = ORIENTED_EDGE('',*,*,#589,.T.);
#589 = EDGE_CURVE('',#582,#590,#592,.T.);
#590 = VERTEX_POINT('',#591);
#591 = CARTESIAN_POINT('',(60.,125.,10.));
#592 = LINE('',#593,#594);
#593 = CARTESIAN_POINT('',(60.,113.,10.));
#594 = VECTOR('',#595,1.);
#595 = DIRECTION('',(0.,1.,0.));
#596 = ORIENTED_EDGE('',*,*,#597,.T.);
#597 = EDGE_CURVE('',#590,#598,#600,.T.);
#598 = VERTEX_POINT('',#599);
#599 = CARTESIAN_POINT('',(50.,125.,10.));
#600 = LINE('',#601,#602);
#601 = CARTESIAN_POINT('',(110.,125.,10.));
#602 = VECTOR('',#603,1.);
#603 = DIRECTION('',(-1.,0.,0.));
#604 = ORIENTED_EDGE('',*,*,#605,.T.);
#605 = EDGE_CURVE('',#598,#606,#608,.T.);
#606 = VERTEX_POINT('',#607);
#607 = CARTESIAN_POINT('',(50.,113.,10.));
#608 = LINE('',#609,#610);
#609 = CARTESIAN_POINT('',(50.,125.,10.));
#610 = VECTOR('',#611,1.);
#611 = DIRECTION('',(0.,-1.,0.));
#612 = ORIENTED_EDGE('',*,*,#613,.T.);
#613 = EDGE_CURVE('',#606,#614,#616,.T.);
#614 = VERTEX_POINT('',#615);
#615 = CARTESIAN_POINT('',(5.,113.,10.));
#616 = LINE('',#617,#618);
#617 = CARTESIAN_POINT('',(50.,113.,10.));
#618 = VECTOR('',#619,1.);
#619 = DIRECTION('',(-1.,0.,0.));
#620 = ORIENTED_EDGE('',*,*,#621,.T.);
#621 = EDGE_CURVE('',#614,#493,#622,.T.);
#622 = LINE('',#623,#624);
#623 = CARTESIAN_POINT('',(5.,113.,10.));
#624 = VECTOR('',#625,1.);
#625 = DIRECTION('',(0.,1.,0.));
#626 = FACE_BOUND('',#627,.T.);
#627 = EDGE_LOOP('',(#628));
#628 = ORIENTED_EDGE('',*,*,#629,.F.);
#629 = EDGE_CURVE('',#630,#630,#632,.T.);
#630 = VERTEX_POINT('',#631);
#631 = CARTESIAN_POINT('',(12.2,25.,10.));
#632 = CIRCLE('',#633,2.2);
#633 = AXIS2_PLACEMENT_3D('',#634,#635,#636);
#634 = CARTESIAN_POINT('',(10.,25.,10.));
#635 = DIRECTION('',(0.,0.,1.));
#636 = DIRECTION('',(1.,0.,0.));
#637 = FACE_BOUND('',#638,.T.);
#638 = EDGE_LOOP('',(#639));
#639 = ORIENTED_EDGE('',*,*,#640,.F.);
#640 = EDGE_CURVE('',#641,#641,#643,.T.);
#641 = VERTEX_POINT('',#642);
#642 = CARTESIAN_POINT('',(102.2,25.,10.));
#643 = CIRCLE('',#644,2.2);
#644 = AXIS2_PLACEMENT_3D('',#645,#646,#647);
#645 = CARTESIAN_POINT('',(100.,25.,10.));
#646 = DIRECTION('',(0.,0.,1.));
#647 = DIRECTION('',(1.,0.,0.));
#648 = FACE_BOUND('',#649,.T.);
#649 = EDGE_LOOP('',(#650));
#650 = ORIENTED_EDGE('',*,*,#651,.F.);
#651 = EDGE_CURVE('',#652,#652,#654,.T.);
#652 = VERTEX_POINT('',#653);
#653 = CARTESIAN_POINT('',(12.2,58.,10.));
#654 = CIRCLE('',#655,2.2);
#655 = AXIS2_PLACEMENT_3D('',#656,#657,#658);
#656 = CARTESIAN_POINT('',(10.,58.,10.));
#657 = DIRECTION('',(0.,0.,1.));
#658 = DIRECTION('',(1.,0.,0.));
#659 = FACE_BOUND('',#660,.T.);
#660 = EDGE_LOOP('',(#661));
#661 = ORIENTED_EDGE('',*,*,#662,.F.);
#662 = EDGE_CURVE('',#663,#663,#665,.T.);
#663 = VERTEX_POINT('',#664);
#664 = CARTESIAN_POINT('',(102.2,58.,10.));
#665 = CIRCLE('',#666,2.2);
#666 = AXIS2_PLACEMENT_3D('',#667,#668,#669);
#667 = CARTESIAN_POINT('',(100.,58.,10.));
#668 = DIRECTION('',(0.,0.,1.));
#669 = DIRECTION('',(1.,0.,0.));
#670 = PLANE('',#671);
#671 = AXIS2_PLACEMENT_3D('',#672,#673,#674);
#672 = CARTESIAN_POINT('',(55.,62.5,10.));
#673 = DIRECTION('',(0.,0.,1.));
#674 = DIRECTION('',(1.,0.,0.));
#675 = ADVANCED_FACE('',(#676),#694,.T.);
#676 = FACE_BOUND('',#677,.T.);
#677 = EDGE_LOOP('',(#678,#686,#692,#693));
#678 = ORIENTED_EDGE('',*,*,#679,.T.);
#679 = EDGE_CURVE('',#550,#680,#682,.T.);
#680 = VERTEX_POINT('',#681);
#681 = CARTESIAN_POINT('',(71.6,20.,8.35));
#682 = LINE('',#683,#684);
#683 = CARTESIAN_POINT('',(71.6,20.,10.));
#684 = VECTOR('',#685,1.);
#685 = DIRECTION('',(-0.,-0.,-1.));
#686 = ORIENTED_EDGE('',*,*,#687,.T.);
#687 = EDGE_CURVE('',#680,#56,#688,.T.);
#688 = LINE('',#689,#690);
#689 = CARTESIAN_POINT('',(71.6,20.,8.35));
#690 = VECTOR('',#691,1.);
#691 = DIRECTION('',(0.,-1.,0.));
#692 = ORIENTED_EDGE('',*,*,#63,.F.);
#693 = ORIENTED_EDGE('',*,*,#557,.F.);
#694 = PLANE('',#695);
#695 = AXIS2_PLACEMENT_3D('',#696,#697,#698);
#696 = CARTESIAN_POINT('',(71.6,20.,10.));
#697 = DIRECTION('',(-1.,0.,0.));
#698 = DIRECTION('',(0.,-1.,0.));
#699 = ADVANCED_FACE('',(#700),#750,.T.);
#700 = FACE_BOUND('',#701,.F.);
#701 = EDGE_LOOP('',(#702,#710,#718,#726,#734,#742,#748,#749));
#702 = ORIENTED_EDGE('',*,*,#703,.T.);
#703 = EDGE_CURVE('',#48,#704,#706,.T.);
#704 = VERTEX_POINT('',#705);
#705 = CARTESIAN_POINT('',(38.4,20.,8.35));
#706 = LINE('',#707,#708);
#707 = CARTESIAN_POINT('',(38.4,0.,8.35));
#708 = VECTOR('',#709,1.);
#709 = DIRECTION('',(0.,1.,0.));
#710 = ORIENTED_EDGE('',*,*,#711,.T.);
#711 = EDGE_CURVE('',#704,#712,#714,.T.);
#712 = VERTEX_POINT('',#713);
#713 = CARTESIAN_POINT('',(23.4,20.,8.35));
#714 = LINE('',#715,#716);
#715 = CARTESIAN_POINT('',(38.4,20.,8.35));
#716 = VECTOR('',#717,1.);
#717 = DIRECTION('',(-1.,0.,0.));
#718 = ORIENTED_EDGE('',*,*,#719,.T.);
#719 = EDGE_CURVE('',#712,#720,#722,.T.);
#720 = VERTEX_POINT('',#721);
#721 = CARTESIAN_POINT('',(23.4,67.3,8.35));
#722 = LINE('',#723,#724);
#723 = CARTESIAN_POINT('',(23.4,20.,8.35));
#724 = VECTOR('',#725,1.);
#725 = DIRECTION('',(0.,1.,0.));
#726 = ORIENTED_EDGE('',*,*,#727,.T.);
#727 = EDGE_CURVE('',#720,#728,#730,.T.);
#728 = VERTEX_POINT('',#729);
#729 = CARTESIAN_POINT('',(86.6,67.3,8.35));
#730 = LINE('',#731,#732);
#731 = CARTESIAN_POINT('',(23.4,67.3,8.35));
#732 = VECTOR('',#733,1.);
#733 = DIRECTION('',(1.,0.,0.));
#734 = ORIENTED_EDGE('',*,*,#735,.T.);
#735 = EDGE_CURVE('',#728,#736,#738,.T.);
#736 = VERTEX_POINT('',#737);
#737 = CARTESIAN_POINT('',(86.6,20.,8.35));
#738 = LINE('',#739,#740);
#739 = CARTESIAN_POINT('',(86.6,67.3,8.35));
#740 = VECTOR('',#741,1.);
#741 = DIRECTION('',(0.,-1.,0.));
#742 = ORIENTED_EDGE('',*,*,#743,.T.);
#743 = EDGE_CURVE('',#736,#680,#744,.T.);
#744 = LINE('',#745,#746);
#745 = CARTESIAN_POINT('',(86.6,20.,8.35));
#746 = VECTOR('',#747,1.);
#747 = DIRECTION('',(-1.,0.,0.));
#748 = ORIENTED_EDGE('',*,*,#687,.T.);
#749 = ORIENTED_EDGE('',*,*,#55,.F.);
#750 = PLANE('',#751);
#751 = AXIS2_PLACEMENT_3D('',#752,#753,#754);
#752 = CARTESIAN_POINT('',(55.,35.948850574713,8.35));
#753 = DIRECTION('',(0.,0.,1.));
#754 = DIRECTION('',(1.,0.,0.));
#755 = ADVANCED_FACE('',(#756),#767,.T.);
#756 = FACE_BOUND('',#757,.T.);
#757 = EDGE_LOOP('',(#758,#759,#760,#766));
#758 = ORIENTED_EDGE('',*,*,#47,.T.);
#759 = ORIENTED_EDGE('',*,*,#703,.T.);
#760 = ORIENTED_EDGE('',*,*,#761,.F.);
#761 = EDGE_CURVE('',#510,#704,#762,.T.);
#762 = LINE('',#763,#764);
#763 = CARTESIAN_POINT('',(38.4,20.,10.));
#764 = VECTOR('',#765,1.);
#765 = DIRECTION('',(-0.,-0.,-1.));
#766 = ORIENTED_EDGE('',*,*,#509,.F.);
#767 = PLANE('',#768);
#768 = AXIS2_PLACEMENT_3D('',#769,#770,#771);
#769 = CARTESIAN_POINT('',(38.4,0.,10.));
#770 = DIRECTION('',(1.,0.,0.));
#771 = DIRECTION('',(0.,1.,0.));
#772 = ADVANCED_FACE('',(#773),#784,.F.);
#773 = FACE_BOUND('',#774,.F.);
#774 = EDGE_LOOP('',(#775,#781,#782,#783));
#775 = ORIENTED_EDGE('',*,*,#776,.T.);
#776 = EDGE_CURVE('',#103,#495,#777,.T.);
#777 = LINE('',#778,#779);
#778 = CARTESIAN_POINT('',(0.,125.,0.));
#779 = VECTOR('',#780,1.);
#780 = DIRECTION('',(0.,0.,1.));
#781 = ORIENTED_EDGE('',*,*,#502,.T.);
#782 = ORIENTED_EDGE('',*,*,#31,.F.);
#783 = ORIENTED_EDGE('',*,*,#110,.F.);
#784 = PLANE('',#785);
#785 = AXIS2_PLACEMENT_3D('',#786,#787,#788);
#786 = CARTESIAN_POINT('',(0.,125.,0.));
#787 = DIRECTION('',(1.,0.,0.));
#788 = DIRECTION('',(0.,-1.,0.));
#789 = ADVANCED_FACE('',(#790),#842,.F.);
#790 = FACE_BOUND('',#791,.F.);
#791 = EDGE_LOOP('',(#792,#793,#794,#795,#803,#811,#817,#818,#826,#834,
    #840,#841));
#792 = ORIENTED_EDGE('',*,*,#102,.F.);
#793 = ORIENTED_EDGE('',*,*,#477,.T.);
#794 = ORIENTED_EDGE('',*,*,#565,.T.);
#795 = ORIENTED_EDGE('',*,*,#796,.T.);
#796 = EDGE_CURVE('',#566,#797,#799,.T.);
#797 = VERTEX_POINT('',#798);
#798 = CARTESIAN_POINT('',(105.,125.,8.1));
#799 = LINE('',#800,#801);
#800 = CARTESIAN_POINT('',(105.,125.,10.));
#801 = VECTOR('',#802,1.);
#802 = DIRECTION('',(-0.,-0.,-1.));
#803 = ORIENTED_EDGE('',*,*,#804,.F.);
#804 = EDGE_CURVE('',#805,#797,#807,.T.);
#805 = VERTEX_POINT('',#806);
#806 = CARTESIAN_POINT('',(60.,125.,8.1));
#807 = LINE('',#808,#809);
#808 = CARTESIAN_POINT('',(60.,125.,8.1));
#809 = VECTOR('',#810,1.);
#810 = DIRECTION('',(1.,0.,0.));
#811 = ORIENTED_EDGE('',*,*,#812,.F.);
#812 = EDGE_CURVE('',#590,#805,#813,.T.);
#813 = LINE('',#814,#815);
#814 = CARTESIAN_POINT('',(60.,125.,10.));
#815 = VECTOR('',#816,1.);
#816 = DIRECTION('',(-0.,-0.,-1.));
#817 = ORIENTED_EDGE('',*,*,#597,.T.);
#818 = ORIENTED_EDGE('',*,*,#819,.T.);
#819 = EDGE_CURVE('',#598,#820,#822,.T.);
#820 = VERTEX_POINT('',#821);
#821 = CARTESIAN_POINT('',(50.,125.,8.1));
#822 = LINE('',#823,#824);
#823 = CARTESIAN_POINT('',(50.,125.,10.));
#824 = VECTOR('',#825,1.);
#825 = DIRECTION('',(-0.,-0.,-1.));
#826 = ORIENTED_EDGE('',*,*,#827,.F.);
#827 = EDGE_CURVE('',#828,#820,#830,.T.);
#828 = VERTEX_POINT('',#829);
#829 = CARTESIAN_POINT('',(5.,125.,8.1));
#830 = LINE('',#831,#832);
#831 = CARTESIAN_POINT('',(5.,125.,8.1));
#832 = VECTOR('',#833,1.);
#833 = DIRECTION('',(1.,0.,0.));
#834 = ORIENTED_EDGE('',*,*,#835,.F.);
#835 = EDGE_CURVE('',#493,#828,#836,.T.);
#836 = LINE('',#837,#838);
#837 = CARTESIAN_POINT('',(5.,125.,10.));
#838 = VECTOR('',#839,1.);
#839 = DIRECTION('',(-0.,-0.,-1.));
#840 = ORIENTED_EDGE('',*,*,#492,.T.);
#841 = ORIENTED_EDGE('',*,*,#776,.F.);
#842 = PLANE('',#843);
#843 = AXIS2_PLACEMENT_3D('',#844,#845,#846);
#844 = CARTESIAN_POINT('',(110.,125.,0.));
#845 = DIRECTION('',(0.,-1.,0.));
#846 = DIRECTION('',(-1.,0.,0.));
#847 = ADVANCED_FACE('',(#848),#867,.F.);
#848 = FACE_BOUND('',#849,.F.);
#849 = EDGE_LOOP('',(#850,#858,#865,#866));
#850 = ORIENTED_EDGE('',*,*,#851,.T.);
#851 = EDGE_CURVE('',#119,#852,#854,.T.);
#852 = VERTEX_POINT('',#853);
#853 = CARTESIAN_POINT('',(40.,30.,2.5));
#854 = LINE('',#855,#856);
#855 = CARTESIAN_POINT('',(40.,30.,0.));
#856 = VECTOR('',#857,1.);
#857 = DIRECTION('',(0.,0.,1.));
#858 = ORIENTED_EDGE('',*,*,#859,.T.);
#859 = EDGE_CURVE('',#852,#852,#860,.T.);
#860 = CIRCLE('',#861,15.);
#861 = AXIS2_PLACEMENT_3D('',#862,#863,#864);
#862 = CARTESIAN_POINT('',(25.,30.,2.5));
#863 = DIRECTION('',(0.,0.,-1.));
#864 = DIRECTION('',(1.,0.,0.));
#865 = ORIENTED_EDGE('',*,*,#851,.F.);
#866 = ORIENTED_EDGE('',*,*,#118,.F.);
#867 = CYLINDRICAL_SURFACE('',#868,15.);
#868 = AXIS2_PLACEMENT_3D('',#869,#870,#871);
#869 = CARTESIAN_POINT('',(25.,30.,0.));
#870 = DIRECTION('',(0.,0.,-1.));
#871 = DIRECTION('',(1.,0.,0.));
#872 = ADVANCED_FACE('',(#873),#892,.F.);
#873 = FACE_BOUND('',#874,.F.);
#874 = EDGE_LOOP('',(#875,#883,#890,#891));
#875 = ORIENTED_EDGE('',*,*,#876,.T.);
#876 = EDGE_CURVE('',#130,#877,#879,.T.);
#877 = VERTEX_POINT('',#878);
#878 = CARTESIAN_POINT('',(100.,30.,2.5));
#879 = LINE('',#880,#881);
#880 = CARTESIAN_POINT('',(100.,30.,0.));
#881 = VECTOR('',#882,1.);
#882 = DIRECTION('',(0.,0.,1.));
#883 = ORIENTED_EDGE('',*,*,#884,.T.);
#884 = EDGE_CURVE('',#877,#877,#885,.T.);
#885 = CIRCLE('',#886,15.);
#886 = AXIS2_PLACEMENT_3D('',#887,#888,#889);
#887 = CARTESIAN_POINT('',(85.,30.,2.5));
#888 = DIRECTION('',(0.,0.,-1.));
#889 = DIRECTION('',(1.,0.,0.));
#890 = ORIENTED_EDGE('',*,*,#876,.F.);
#891 = ORIENTED_EDGE('',*,*,#129,.F.);
#892 = CYLINDRICAL_SURFACE('',#893,15.);
#893 = AXIS2_PLACEMENT_3D('',#894,#895,#896);
#894 = CARTESIAN_POINT('',(85.,30.,0.));
#895 = DIRECTION('',(0.,0.,-1.));
#896 = DIRECTION('',(1.,0.,0.));
#897 = ADVANCED_FACE('',(#898),#917,.F.);
#898 = FACE_BOUND('',#899,.F.);
#899 = EDGE_LOOP('',(#900,#908,#915,#916));
#900 = ORIENTED_EDGE('',*,*,#901,.T.);
#901 = EDGE_CURVE('',#141,#902,#904,.T.);
#902 = VERTEX_POINT('',#903);
#903 = CARTESIAN_POINT('',(40.,90.,2.5));
#904 = LINE('',#905,#906);
#905 = CARTESIAN_POINT('',(40.,90.,0.));
#906 = VECTOR('',#907,1.);
#907 = DIRECTION('',(0.,0.,1.));
#908 = ORIENTED_EDGE('',*,*,#909,.T.);
#909 = EDGE_CURVE('',#902,#902,#910,.T.);
#910 = CIRCLE('',#911,15.);
#911 = AXIS2_PLACEMENT_3D('',#912,#913,#914);
#912 = CARTESIAN_POINT('',(25.,90.,2.5));
#913 = DIRECTION('',(0.,0.,-1.));
#914 = DIRECTION('',(1.,0.,0.));
#915 = ORIENTED_EDGE('',*,*,#901,.F.);
#916 = ORIENTED_EDGE('',*,*,#140,.F.);
#917 = CYLINDRICAL_SURFACE('',#918,15.);
#918 = AXIS2_PLACEMENT_3D('',#919,#920,#921);
#919 = CARTESIAN_POINT('',(25.,90.,0.));
#920 = DIRECTION('',(0.,0.,-1.));
#921 = DIRECTION('',(1.,0.,0.));
#922 = ADVANCED_FACE('',(#923),#948,.F.);
#923 = FACE_BOUND('',#924,.F.);
#924 = EDGE_LOOP('',(#925,#933,#941,#947));
#925 = ORIENTED_EDGE('',*,*,#926,.T.);
#926 = EDGE_CURVE('',#152,#927,#929,.T.);
#927 = VERTEX_POINT('',#928);
#928 = CARTESIAN_POINT('',(13.125,122.81458256229,5.));
#929 = LINE('',#930,#931);
#930 = CARTESIAN_POINT('',(13.125,122.81458256229,0.));
#931 = VECTOR('',#932,1.);
#932 = DIRECTION('',(0.,0.,1.));
#933 = ORIENTED_EDGE('',*,*,#934,.T.);
#934 = EDGE_CURVE('',#927,#935,#937,.T.);
#935 = VERTEX_POINT('',#936);
#936 = CARTESIAN_POINT('',(14.75,120.,5.));
#937 = LINE('',#938,#939);
#938 = CARTESIAN_POINT('',(13.125,122.81458256229,5.));
#939 = VECTOR('',#940,1.);
#940 = DIRECTION('',(0.5,-0.866025403784,0.));
#941 = ORIENTED_EDGE('',*,*,#942,.F.);
#942 = EDGE_CURVE('',#154,#935,#943,.T.);
#943 = LINE('',#944,#945);
#944 = CARTESIAN_POINT('',(14.75,120.,0.));
#945 = VECTOR('',#946,1.);
#946 = DIRECTION('',(0.,0.,1.));
#947 = ORIENTED_EDGE('',*,*,#151,.F.);
#948 = PLANE('',#949);
#949 = AXIS2_PLACEMENT_3D('',#950,#951,#952);
#950 = CARTESIAN_POINT('',(13.125,122.81458256229,0.));
#951 = DIRECTION('',(0.866025403784,0.5,0.));
#952 = DIRECTION('',(0.5,-0.866025403784,0.));
#953 = ADVANCED_FACE('',(#954),#972,.F.);
#954 = FACE_BOUND('',#955,.F.);
#955 = EDGE_LOOP('',(#956,#964,#970,#971));
#956 = ORIENTED_EDGE('',*,*,#957,.T.);
#957 = EDGE_CURVE('',#186,#958,#960,.T.);
#958 = VERTEX_POINT('',#959);
#959 = CARTESIAN_POINT('',(9.875,122.81458256229,5.));
#960 = LINE('',#961,#962);
#961 = CARTESIAN_POINT('',(9.875,122.81458256229,0.));
#962 = VECTOR('',#963,1.);
#963 = DIRECTION('',(0.,0.,1.));
#964 = ORIENTED_EDGE('',*,*,#965,.T.);
#965 = EDGE_CURVE('',#958,#927,#966,.T.);
#966 = LINE('',#967,#968);
#967 = CARTESIAN_POINT('',(9.875,122.81458256229,5.));
#968 = VECTOR('',#969,1.);
#969 = DIRECTION('',(1.,0.,0.));
#970 = ORIENTED_EDGE('',*,*,#926,.F.);
#971 = ORIENTED_EDGE('',*,*,#193,.F.);
#972 = PLANE('',#973);
#973 = AXIS2_PLACEMENT_3D('',#974,#975,#976);
#974 = CARTESIAN_POINT('',(9.875,122.81458256229,0.));
#975 = DIRECTION('',(0.,1.,0.));
#976 = DIRECTION('',(1.,0.,0.));
#977 = ADVANCED_FACE('',(#978),#996,.F.);
#978 = FACE_BOUND('',#979,.F.);
#979 = EDGE_LOOP('',(#980,#981,#989,#995));
#980 = ORIENTED_EDGE('',*,*,#942,.T.);
#981 = ORIENTED_EDGE('',*,*,#982,.T.);
#982 = EDGE_CURVE('',#935,#983,#985,.T.);
#983 = VERTEX_POINT('',#984);
#984 = CARTESIAN_POINT('',(13.125,117.1854174377,5.));
#985 = LINE('',#986,#987);
#986 = CARTESIAN_POINT('',(14.75,120.,5.));
#987 = VECTOR('',#988,1.);
#988 = DIRECTION('',(-0.5,-0.866025403784,0.));
#989 = ORIENTED_EDGE('',*,*,#990,.F.);
#990 = EDGE_CURVE('',#162,#983,#991,.T.);
#991 = LINE('',#992,#993);
#992 = CARTESIAN_POINT('',(13.125,117.1854174377,0.));
#993 = VECTOR('',#994,1.);
#994 = DIRECTION('',(0.,0.,1.));
#995 = ORIENTED_EDGE('',*,*,#161,.F.);
#996 = PLANE('',#997);
#997 = AXIS2_PLACEMENT_3D('',#998,#999,#1000);
#998 = CARTESIAN_POINT('',(14.75,120.,0.));
#999 = DIRECTION('',(0.866025403784,-0.5,0.));
#1000 = DIRECTION('',(-0.5,-0.866025403784,0.));
#1001 = ADVANCED_FACE('',(#1002),#1020,.F.);
#1002 = FACE_BOUND('',#1003,.F.);
#1003 = EDGE_LOOP('',(#1004,#1012,#1018,#1019));
#1004 = ORIENTED_EDGE('',*,*,#1005,.T.);
#1005 = EDGE_CURVE('',#178,#1006,#1008,.T.);
#1006 = VERTEX_POINT('',#1007);
#1007 = CARTESIAN_POINT('',(8.25,120.,5.));
#1008 = LINE('',#1009,#1010);
#1009 = CARTESIAN_POINT('',(8.25,120.,0.));
#1010 = VECTOR('',#1011,1.);
#1011 = DIRECTION('',(0.,0.,1.));
#1012 = ORIENTED_EDGE('',*,*,#1013,.T.);
#1013 = EDGE_CURVE('',#1006,#958,#1014,.T.);
#1014 = LINE('',#1015,#1016);
#1015 = CARTESIAN_POINT('',(8.25,120.,5.));
#1016 = VECTOR('',#1017,1.);
#1017 = DIRECTION('',(0.5,0.866025403784,0.));
#1018 = ORIENTED_EDGE('',*,*,#957,.F.);
#1019 = ORIENTED_EDGE('',*,*,#185,.F.);
#1020 = PLANE('',#1021);
#1021 = AXIS2_PLACEMENT_3D('',#1022,#1023,#1024);
#1022 = CARTESIAN_POINT('',(8.25,120.,0.));
#1023 = DIRECTION('',(-0.866025403784,0.5,0.));
#1024 = DIRECTION('',(0.5,0.866025403784,0.));
#1025 = ADVANCED_FACE('',(#1026),#1044,.F.);
#1026 = FACE_BOUND('',#1027,.F.);
#1027 = EDGE_LOOP('',(#1028,#1029,#1037,#1043));
#1028 = ORIENTED_EDGE('',*,*,#990,.T.);
#1029 = ORIENTED_EDGE('',*,*,#1030,.T.);
#1030 = EDGE_CURVE('',#983,#1031,#1033,.T.);
#1031 = VERTEX_POINT('',#1032);
#1032 = CARTESIAN_POINT('',(9.875,117.1854174377,5.));
#1033 = LINE('',#1034,#1035);
#1034 = CARTESIAN_POINT('',(13.125,117.1854174377,5.));
#1035 = VECTOR('',#1036,1.);
#1036 = DIRECTION('',(-1.,0.,0.));
#1037 = ORIENTED_EDGE('',*,*,#1038,.F.);
#1038 = EDGE_CURVE('',#170,#1031,#1039,.T.);
#1039 = LINE('',#1040,#1041);
#1040 = CARTESIAN_POINT('',(9.875,117.1854174377,0.));
#1041 = VECTOR('',#1042,1.);
#1042 = DIRECTION('',(0.,0.,1.));
#1043 = ORIENTED_EDGE('',*,*,#169,.F.);
#1044 = PLANE('',#1045);
#1045 = AXIS2_PLACEMENT_3D('',#1046,#1047,#1048);
#1046 = CARTESIAN_POINT('',(13.125,117.1854174377,0.));
#1047 = DIRECTION('',(0.,-1.,0.));
#1048 = DIRECTION('',(-1.,0.,0.));
#1049 = ADVANCED_FACE('',(#1050),#1061,.F.);
#1050 = FACE_BOUND('',#1051,.F.);
#1051 = EDGE_LOOP('',(#1052,#1053,#1059,#1060));
#1052 = ORIENTED_EDGE('',*,*,#1038,.T.);
#1053 = ORIENTED_EDGE('',*,*,#1054,.T.);
#1054 = EDGE_CURVE('',#1031,#1006,#1055,.T.);
#1055 = LINE('',#1056,#1057);
#1056 = CARTESIAN_POINT('',(9.875,117.1854174377,5.));
#1057 = VECTOR('',#1058,1.);
#1058 = DIRECTION('',(-0.5,0.866025403784,-0.));
#1059 = ORIENTED_EDGE('',*,*,#1005,.F.);
#1060 = ORIENTED_EDGE('',*,*,#177,.F.);
#1061 = PLANE('',#1062);
#1062 = AXIS2_PLACEMENT_3D('',#1063,#1064,#1065);
#1063 = CARTESIAN_POINT('',(9.875,117.1854174377,0.));
#1064 = DIRECTION('',(-0.866025403784,-0.5,0.));
#1065 = DIRECTION('',(-0.5,0.866025403784,0.));
#1066 = ADVANCED_FACE('',(#1067),#1092,.F.);
#1067 = FACE_BOUND('',#1068,.F.);
#1068 = EDGE_LOOP('',(#1069,#1077,#1085,#1091));
#1069 = ORIENTED_EDGE('',*,*,#1070,.T.);
#1070 = EDGE_CURVE('',#202,#1071,#1073,.T.);
#1071 = VERTEX_POINT('',#1072);
#1072 = CARTESIAN_POINT('',(30.75,119.,5.));
#1073 = LINE('',#1074,#1075);
#1074 = CARTESIAN_POINT('',(30.75,119.,0.));
#1075 = VECTOR('',#1076,1.);
#1076 = DIRECTION('',(0.,0.,1.));
#1077 = ORIENTED_EDGE('',*,*,#1078,.T.);
#1078 = EDGE_CURVE('',#1071,#1079,#1081,.T.);
#1079 = VERTEX_POINT('',#1080);
#1080 = CARTESIAN_POINT('',(29.125000000006,116.18541743767,5.));
#1081 = LINE('',#1082,#1083);
#1082 = CARTESIAN_POINT('',(30.75,119.,5.));
#1083 = VECTOR('',#1084,1.);
#1084 = DIRECTION('',(-0.499999999995,-0.866025403787,0.));
#1085 = ORIENTED_EDGE('',*,*,#1086,.F.);
#1086 = EDGE_CURVE('',#204,#1079,#1087,.T.);
#1087 = LINE('',#1088,#1089);
#1088 = CARTESIAN_POINT('',(29.125000000006,116.18541743767,0.));
#1089 = VECTOR('',#1090,1.);
#1090 = DIRECTION('',(0.,0.,1.));
#1091 = ORIENTED_EDGE('',*,*,#201,.F.);
#1092 = PLANE('',#1093);
#1093 = AXIS2_PLACEMENT_3D('',#1094,#1095,#1096);
#1094 = CARTESIAN_POINT('',(30.75,119.,0.));
#1095 = DIRECTION('',(0.866025403787,-0.499999999995,0.));
#1096 = DIRECTION('',(-0.499999999995,-0.866025403787,0.));
#1097 = ADVANCED_FACE('',(#1098),#1116,.F.);
#1098 = FACE_BOUND('',#1099,.F.);
#1099 = EDGE_LOOP('',(#1100,#1108,#1114,#1115));
#1100 = ORIENTED_EDGE('',*,*,#1101,.T.);
#1101 = EDGE_CURVE('',#236,#1102,#1104,.T.);
#1102 = VERTEX_POINT('',#1103);
#1103 = CARTESIAN_POINT('',(29.125000000006,121.81458256232,5.));
#1104 = LINE('',#1105,#1106);
#1105 = CARTESIAN_POINT('',(29.125000000006,121.81458256232,0.));
#1106 = VECTOR('',#1107,1.);
#1107 = DIRECTION('',(0.,0.,1.));
#1108 = ORIENTED_EDGE('',*,*,#1109,.T.);
#1109 = EDGE_CURVE('',#1102,#1071,#1110,.T.);
#1110 = LINE('',#1111,#1112);
#1111 = CARTESIAN_POINT('',(29.125000000006,121.81458256232,5.));
#1112 = VECTOR('',#1113,1.);
#1113 = DIRECTION('',(0.499999999995,-0.866025403787,0.));
#1114 = ORIENTED_EDGE('',*,*,#1070,.F.);
#1115 = ORIENTED_EDGE('',*,*,#243,.F.);
#1116 = PLANE('',#1117);
#1117 = AXIS2_PLACEMENT_3D('',#1118,#1119,#1120);
#1118 = CARTESIAN_POINT('',(29.125000000006,121.81458256232,0.));
#1119 = DIRECTION('',(0.866025403787,0.499999999995,0.));
#1120 = DIRECTION('',(0.499999999995,-0.866025403787,0.));
#1121 = ADVANCED_FACE('',(#1122),#1140,.F.);
#1122 = FACE_BOUND('',#1123,.F.);
#1123 = EDGE_LOOP('',(#1124,#1125,#1133,#1139));
#1124 = ORIENTED_EDGE('',*,*,#1086,.T.);
#1125 = ORIENTED_EDGE('',*,*,#1126,.T.);
#1126 = EDGE_CURVE('',#1079,#1127,#1129,.T.);
#1127 = VERTEX_POINT('',#1128);
#1128 = CARTESIAN_POINT('',(25.874999999994,116.18541743767,5.));
#1129 = LINE('',#1130,#1131);
#1130 = CARTESIAN_POINT('',(29.125000000006,116.18541743767,5.));
#1131 = VECTOR('',#1132,1.);
#1132 = DIRECTION('',(-1.,0.,0.));
#1133 = ORIENTED_EDGE('',*,*,#1134,.F.);
#1134 = EDGE_CURVE('',#212,#1127,#1135,.T.);
#1135 = LINE('',#1136,#1137);
#1136 = CARTESIAN_POINT('',(25.874999999994,116.18541743767,0.));
#1137 = VECTOR('',#1138,1.);
#1138 = DIRECTION('',(0.,0.,1.));
#1139 = ORIENTED_EDGE('',*,*,#211,.F.);
#1140 = PLANE('',#1141);
#1141 = AXIS2_PLACEMENT_3D('',#1142,#1143,#1144);
#1142 = CARTESIAN_POINT('',(29.125000000006,116.18541743767,0.));
#1143 = DIRECTION('',(0.,-1.,0.));
#1144 = DIRECTION('',(-1.,0.,0.));
#1145 = ADVANCED_FACE('',(#1146),#1164,.F.);
#1146 = FACE_BOUND('',#1147,.F.);
#1147 = EDGE_LOOP('',(#1148,#1156,#1162,#1163));
#1148 = ORIENTED_EDGE('',*,*,#1149,.T.);
#1149 = EDGE_CURVE('',#228,#1150,#1152,.T.);
#1150 = VERTEX_POINT('',#1151);
#1151 = CARTESIAN_POINT('',(25.874999999994,121.81458256232,5.));
#1152 = LINE('',#1153,#1154);
#1153 = CARTESIAN_POINT('',(25.874999999994,121.81458256232,0.));
#1154 = VECTOR('',#1155,1.);
#1155 = DIRECTION('',(0.,0.,1.));
#1156 = ORIENTED_EDGE('',*,*,#1157,.T.);
#1157 = EDGE_CURVE('',#1150,#1102,#1158,.T.);
#1158 = LINE('',#1159,#1160);
#1159 = CARTESIAN_POINT('',(25.874999999994,121.81458256232,5.));
#1160 = VECTOR('',#1161,1.);
#1161 = DIRECTION('',(1.,0.,0.));
#1162 = ORIENTED_EDGE('',*,*,#1101,.F.);
#1163 = ORIENTED_EDGE('',*,*,#235,.F.);
#1164 = PLANE('',#1165);
#1165 = AXIS2_PLACEMENT_3D('',#1166,#1167,#1168);
#1166 = CARTESIAN_POINT('',(25.874999999994,121.81458256232,0.));
#1167 = DIRECTION('',(0.,1.,0.));
#1168 = DIRECTION('',(1.,0.,0.));
#1169 = ADVANCED_FACE('',(#1170),#1188,.F.);
#1170 = FACE_BOUND('',#1171,.F.);
#1171 = EDGE_LOOP('',(#1172,#1173,#1181,#1187));
#1172 = ORIENTED_EDGE('',*,*,#1134,.T.);
#1173 = ORIENTED_EDGE('',*,*,#1174,.T.);
#1174 = EDGE_CURVE('',#1127,#1175,#1177,.T.);
#1175 = VERTEX_POINT('',#1176);
#1176 = CARTESIAN_POINT('',(24.25,119.,5.));
#1177 = LINE('',#1178,#1179);
#1178 = CARTESIAN_POINT('',(25.874999999994,116.18541743767,5.));
#1179 = VECTOR('',#1180,1.);
#1180 = DIRECTION('',(-0.499999999995,0.866025403787,-0.));
#1181 = ORIENTED_EDGE('',*,*,#1182,.F.);
#1182 = EDGE_CURVE('',#220,#1175,#1183,.T.);
#1183 = LINE('',#1184,#1185);
#1184 = CARTESIAN_POINT('',(24.25,119.,0.));
#1185 = VECTOR('',#1186,1.);
#1186 = DIRECTION('',(0.,0.,1.));
#1187 = ORIENTED_EDGE('',*,*,#219,.F.);
#1188 = PLANE('',#1189);
#1189 = AXIS2_PLACEMENT_3D('',#1190,#1191,#1192);
#1190 = CARTESIAN_POINT('',(25.874999999994,116.18541743767,0.));
#1191 = DIRECTION('',(-0.866025403787,-0.499999999995,0.));
#1192 = DIRECTION('',(-0.499999999995,0.866025403787,0.));
#1193 = ADVANCED_FACE('',(#1194),#1205,.F.);
#1194 = FACE_BOUND('',#1195,.F.);
#1195 = EDGE_LOOP('',(#1196,#1197,#1203,#1204));
#1196 = ORIENTED_EDGE('',*,*,#1182,.T.);
#1197 = ORIENTED_EDGE('',*,*,#1198,.T.);
#1198 = EDGE_CURVE('',#1175,#1150,#1199,.T.);
#1199 = LINE('',#1200,#1201);
#1200 = CARTESIAN_POINT('',(24.25,119.,5.));
#1201 = VECTOR('',#1202,1.);
#1202 = DIRECTION('',(0.499999999995,0.866025403787,0.));
#1203 = ORIENTED_EDGE('',*,*,#1149,.F.);
#1204 = ORIENTED_EDGE('',*,*,#227,.F.);
#1205 = PLANE('',#1206);
#1206 = AXIS2_PLACEMENT_3D('',#1207,#1208,#1209);
#1207 = CARTESIAN_POINT('',(24.25,119.,0.));
#1208 = DIRECTION('',(-0.866025403787,0.499999999995,0.));
#1209 = DIRECTION('',(0.499999999995,0.866025403787,0.));
#1210 = ADVANCED_FACE('',(#1211),#1236,.F.);
#1211 = FACE_BOUND('',#1212,.F.);
#1212 = EDGE_LOOP('',(#1213,#1221,#1229,#1235));
#1213 = ORIENTED_EDGE('',*,*,#1214,.T.);
#1214 = EDGE_CURVE('',#252,#1215,#1217,.T.);
#1215 = VERTEX_POINT('',#1216);
#1216 = CARTESIAN_POINT('',(46.75,119.99999999999,5.));
#1217 = LINE('',#1218,#1219);
#1218 = CARTESIAN_POINT('',(46.75,119.99999999999,0.));
#1219 = VECTOR('',#1220,1.);
#1220 = DIRECTION('',(0.,0.,1.));
#1221 = ORIENTED_EDGE('',*,*,#1222,.T.);
#1222 = EDGE_CURVE('',#1215,#1223,#1225,.T.);
#1223 = VERTEX_POINT('',#1224);
#1224 = CARTESIAN_POINT('',(45.125,117.1854174377,5.));
#1225 = LINE('',#1226,#1227);
#1226 = CARTESIAN_POINT('',(46.75,119.99999999999,5.));
#1227 = VECTOR('',#1228,1.);
#1228 = DIRECTION('',(-0.5,-0.866025403784,0.));
#1229 = ORIENTED_EDGE('',*,*,#1230,.F.);
#1230 = EDGE_CURVE('',#254,#1223,#1231,.T.);
#1231 = LINE('',#1232,#1233);
#1232 = CARTESIAN_POINT('',(45.125,117.1854174377,0.));
#1233 = VECTOR('',#1234,1.);
#1234 = DIRECTION('',(0.,0.,1.));
#1235 = ORIENTED_EDGE('',*,*,#251,.F.);
#1236 = PLANE('',#1237);
#1237 = AXIS2_PLACEMENT_3D('',#1238,#1239,#1240);
#1238 = CARTESIAN_POINT('',(46.75,119.99999999999,0.));
#1239 = DIRECTION('',(0.866025403784,-0.5,0.));
#1240 = DIRECTION('',(-0.5,-0.866025403784,0.));
#1241 = ADVANCED_FACE('',(#1242),#1260,.F.);
#1242 = FACE_BOUND('',#1243,.F.);
#1243 = EDGE_LOOP('',(#1244,#1252,#1258,#1259));
#1244 = ORIENTED_EDGE('',*,*,#1245,.T.);
#1245 = EDGE_CURVE('',#286,#1246,#1248,.T.);
#1246 = VERTEX_POINT('',#1247);
#1247 = CARTESIAN_POINT('',(45.125,122.81458256229,5.));
#1248 = LINE('',#1249,#1250);
#1249 = CARTESIAN_POINT('',(45.125,122.81458256229,0.));
#1250 = VECTOR('',#1251,1.);
#1251 = DIRECTION('',(0.,0.,1.));
#1252 = ORIENTED_EDGE('',*,*,#1253,.T.);
#1253 = EDGE_CURVE('',#1246,#1215,#1254,.T.);
#1254 = LINE('',#1255,#1256);
#1255 = CARTESIAN_POINT('',(45.125,122.81458256229,5.));
#1256 = VECTOR('',#1257,1.);
#1257 = DIRECTION('',(0.5,-0.866025403785,0.));
#1258 = ORIENTED_EDGE('',*,*,#1214,.F.);
#1259 = ORIENTED_EDGE('',*,*,#293,.F.);
#1260 = PLANE('',#1261);
#1261 = AXIS2_PLACEMENT_3D('',#1262,#1263,#1264);
#1262 = CARTESIAN_POINT('',(45.125,122.81458256229,0.));
#1263 = DIRECTION('',(0.866025403785,0.5,0.));
#1264 = DIRECTION('',(0.5,-0.866025403785,0.));
#1265 = ADVANCED_FACE('',(#1266),#1284,.F.);
#1266 = FACE_BOUND('',#1267,.F.);
#1267 = EDGE_LOOP('',(#1268,#1269,#1277,#1283));
#1268 = ORIENTED_EDGE('',*,*,#1230,.T.);
#1269 = ORIENTED_EDGE('',*,*,#1270,.T.);
#1270 = EDGE_CURVE('',#1223,#1271,#1273,.T.);
#1271 = VERTEX_POINT('',#1272);
#1272 = CARTESIAN_POINT('',(41.875,117.1854174377,5.));
#1273 = LINE('',#1274,#1275);
#1274 = CARTESIAN_POINT('',(45.125,117.1854174377,5.));
#1275 = VECTOR('',#1276,1.);
#1276 = DIRECTION('',(-1.,0.,0.));
#1277 = ORIENTED_EDGE('',*,*,#1278,.F.);
#1278 = EDGE_CURVE('',#262,#1271,#1279,.T.);
#1279 = LINE('',#1280,#1281);
#1280 = CARTESIAN_POINT('',(41.875,117.1854174377,0.));
#1281 = VECTOR('',#1282,1.);
#1282 = DIRECTION('',(0.,0.,1.));
#1283 = ORIENTED_EDGE('',*,*,#261,.F.);
#1284 = PLANE('',#1285);
#1285 = AXIS2_PLACEMENT_3D('',#1286,#1287,#1288);
#1286 = CARTESIAN_POINT('',(45.125,117.1854174377,0.));
#1287 = DIRECTION('',(0.,-1.,0.));
#1288 = DIRECTION('',(-1.,0.,0.));
#1289 = ADVANCED_FACE('',(#1290),#1308,.F.);
#1290 = FACE_BOUND('',#1291,.F.);
#1291 = EDGE_LOOP('',(#1292,#1300,#1306,#1307));
#1292 = ORIENTED_EDGE('',*,*,#1293,.T.);
#1293 = EDGE_CURVE('',#278,#1294,#1296,.T.);
#1294 = VERTEX_POINT('',#1295);
#1295 = CARTESIAN_POINT('',(41.875,122.81458256229,5.));
#1296 = LINE('',#1297,#1298);
#1297 = CARTESIAN_POINT('',(41.875,122.81458256229,0.));
#1298 = VECTOR('',#1299,1.);
#1299 = DIRECTION('',(0.,0.,1.));
#1300 = ORIENTED_EDGE('',*,*,#1301,.T.);
#1301 = EDGE_CURVE('',#1294,#1246,#1302,.T.);
#1302 = LINE('',#1303,#1304);
#1303 = CARTESIAN_POINT('',(41.875,122.81458256229,5.));
#1304 = VECTOR('',#1305,1.);
#1305 = DIRECTION('',(1.,0.,0.));
#1306 = ORIENTED_EDGE('',*,*,#1245,.F.);
#1307 = ORIENTED_EDGE('',*,*,#285,.F.);
#1308 = PLANE('',#1309);
#1309 = AXIS2_PLACEMENT_3D('',#1310,#1311,#1312);
#1310 = CARTESIAN_POINT('',(41.875,122.81458256229,0.));
#1311 = DIRECTION('',(0.,1.,0.));
#1312 = DIRECTION('',(1.,0.,0.));
#1313 = ADVANCED_FACE('',(#1314),#1332,.F.);
#1314 = FACE_BOUND('',#1315,.F.);
#1315 = EDGE_LOOP('',(#1316,#1317,#1325,#1331));
#1316 = ORIENTED_EDGE('',*,*,#1278,.T.);
#1317 = ORIENTED_EDGE('',*,*,#1318,.T.);
#1318 = EDGE_CURVE('',#1271,#1319,#1321,.T.);
#1319 = VERTEX_POINT('',#1320);
#1320 = CARTESIAN_POINT('',(40.25,119.99999999999,5.));
#1321 = LINE('',#1322,#1323);
#1322 = CARTESIAN_POINT('',(41.875,117.1854174377,5.));
#1323 = VECTOR('',#1324,1.);
#1324 = DIRECTION('',(-0.5,0.866025403784,-0.));
#1325 = ORIENTED_EDGE('',*,*,#1326,.F.);
#1326 = EDGE_CURVE('',#270,#1319,#1327,.T.);
#1327 = LINE('',#1328,#1329);
#1328 = CARTESIAN_POINT('',(40.25,119.99999999999,0.));
#1329 = VECTOR('',#1330,1.);
#1330 = DIRECTION('',(0.,0.,1.));
#1331 = ORIENTED_EDGE('',*,*,#269,.F.);
#1332 = PLANE('',#1333);
#1333 = AXIS2_PLACEMENT_3D('',#1334,#1335,#1336);
#1334 = CARTESIAN_POINT('',(41.875,117.1854174377,0.));
#1335 = DIRECTION('',(-0.866025403784,-0.5,0.));
#1336 = DIRECTION('',(-0.5,0.866025403784,0.));
#1337 = ADVANCED_FACE('',(#1338),#1349,.F.);
#1338 = FACE_BOUND('',#1339,.F.);
#1339 = EDGE_LOOP('',(#1340,#1341,#1347,#1348));
#1340 = ORIENTED_EDGE('',*,*,#1326,.T.);
#1341 = ORIENTED_EDGE('',*,*,#1342,.T.);
#1342 = EDGE_CURVE('',#1319,#1294,#1343,.T.);
#1343 = LINE('',#1344,#1345);
#1344 = CARTESIAN_POINT('',(40.25,119.99999999999,5.));
#1345 = VECTOR('',#1346,1.);
#1346 = DIRECTION('',(0.5,0.866025403785,0.));
#1347 = ORIENTED_EDGE('',*,*,#1293,.F.);
#1348 = ORIENTED_EDGE('',*,*,#277,.F.);
#1349 = PLANE('',#1350);
#1350 = AXIS2_PLACEMENT_3D('',#1351,#1352,#1353);
#1351 = CARTESIAN_POINT('',(40.25,119.99999999999,0.));
#1352 = DIRECTION('',(-0.866025403785,0.5,0.));
#1353 = DIRECTION('',(0.5,0.866025403785,0.));
#1354 = ADVANCED_FACE('',(#1355),#1374,.F.);
#1355 = FACE_BOUND('',#1356,.F.);
#1356 = EDGE_LOOP('',(#1357,#1365,#1372,#1373));
#1357 = ORIENTED_EDGE('',*,*,#1358,.T.);
#1358 = EDGE_CURVE('',#302,#1359,#1361,.T.);
#1359 = VERTEX_POINT('',#1360);
#1360 = CARTESIAN_POINT('',(100.,90.,2.5));
#1361 = LINE('',#1362,#1363);
#1362 = CARTESIAN_POINT('',(100.,90.,0.));
#1363 = VECTOR('',#1364,1.);
#1364 = DIRECTION('',(0.,0.,1.));
#1365 = ORIENTED_EDGE('',*,*,#1366,.T.);
#1366 = EDGE_CURVE('',#1359,#1359,#1367,.T.);
#1367 = CIRCLE('',#1368,15.);
#1368 = AXIS2_PLACEMENT_3D('',#1369,#1370,#1371);
#1369 = CARTESIAN_POINT('',(85.,90.,2.5));
#1370 = DIRECTION('',(0.,0.,-1.));
#1371 = DIRECTION('',(1.,0.,0.));
#1372 = ORIENTED_EDGE('',*,*,#1358,.F.);
#1373 = ORIENTED_EDGE('',*,*,#301,.F.);
#1374 = CYLINDRICAL_SURFACE('',#1375,15.);
#1375 = AXIS2_PLACEMENT_3D('',#1376,#1377,#1378);
#1376 = CARTESIAN_POINT('',(85.,90.,0.));
#1377 = DIRECTION('',(0.,0.,-1.));
#1378 = DIRECTION('',(1.,0.,0.));
#1379 = ADVANCED_FACE('',(#1380),#1405,.F.);
#1380 = FACE_BOUND('',#1381,.F.);
#1381 = EDGE_LOOP('',(#1382,#1390,#1398,#1404));
#1382 = ORIENTED_EDGE('',*,*,#1383,.T.);
#1383 = EDGE_CURVE('',#313,#1384,#1386,.T.);
#1384 = VERTEX_POINT('',#1385);
#1385 = CARTESIAN_POINT('',(69.75,120.,5.));
#1386 = LINE('',#1387,#1388);
#1387 = CARTESIAN_POINT('',(69.75,120.,0.));
#1388 = VECTOR('',#1389,1.);
#1389 = DIRECTION('',(0.,0.,1.));
#1390 = ORIENTED_EDGE('',*,*,#1391,.T.);
#1391 = EDGE_CURVE('',#1384,#1392,#1394,.T.);
#1392 = VERTEX_POINT('',#1393);
#1393 = CARTESIAN_POINT('',(68.125,117.1854174377,5.));
#1394 = LINE('',#1395,#1396);
#1395 = CARTESIAN_POINT('',(69.75,120.,5.));
#1396 = VECTOR('',#1397,1.);
#1397 = DIRECTION('',(-0.5,-0.866025403784,0.));
#1398 = ORIENTED_EDGE('',*,*,#1399,.F.);
#1399 = EDGE_CURVE('',#315,#1392,#1400,.T.);
#1400 = LINE('',#1401,#1402);
#1401 = CARTESIAN_POINT('',(68.125,117.1854174377,0.));
#1402 = VECTOR('',#1403,1.);
#1403 = DIRECTION('',(0.,0.,1.));
#1404 = ORIENTED_EDGE('',*,*,#312,.F.);
#1405 = PLANE('',#1406);
#1406 = AXIS2_PLACEMENT_3D('',#1407,#1408,#1409);
#1407 = CARTESIAN_POINT('',(69.75,120.,0.));
#1408 = DIRECTION('',(0.866025403784,-0.5,0.));
#1409 = DIRECTION('',(-0.5,-0.866025403784,0.));
#1410 = ADVANCED_FACE('',(#1411),#1429,.F.);
#1411 = FACE_BOUND('',#1412,.F.);
#1412 = EDGE_LOOP('',(#1413,#1421,#1427,#1428));
#1413 = ORIENTED_EDGE('',*,*,#1414,.T.);
#1414 = EDGE_CURVE('',#347,#1415,#1417,.T.);
#1415 = VERTEX_POINT('',#1416);
#1416 = CARTESIAN_POINT('',(68.125,122.81458256229,5.));
#1417 = LINE('',#1418,#1419);
#1418 = CARTESIAN_POINT('',(68.125,122.81458256229,0.));
#1419 = VECTOR('',#1420,1.);
#1420 = DIRECTION('',(0.,0.,1.));
#1421 = ORIENTED_EDGE('',*,*,#1422,.T.);
#1422 = EDGE_CURVE('',#1415,#1384,#1423,.T.);
#1423 = LINE('',#1424,#1425);
#1424 = CARTESIAN_POINT('',(68.125,122.81458256229,5.));
#1425 = VECTOR('',#1426,1.);
#1426 = DIRECTION('',(0.5,-0.866025403784,0.));
#1427 = ORIENTED_EDGE('',*,*,#1383,.F.);
#1428 = ORIENTED_EDGE('',*,*,#354,.F.);
#1429 = PLANE('',#1430);
#1430 = AXIS2_PLACEMENT_3D('',#1431,#1432,#1433);
#1431 = CARTESIAN_POINT('',(68.125,122.81458256229,0.));
#1432 = DIRECTION('',(0.866025403784,0.5,0.));
#1433 = DIRECTION('',(0.5,-0.866025403784,0.));
#1434 = ADVANCED_FACE('',(#1435),#1453,.F.);
#1435 = FACE_BOUND('',#1436,.F.);
#1436 = EDGE_LOOP('',(#1437,#1438,#1446,#1452));
#1437 = ORIENTED_EDGE('',*,*,#1399,.T.);
#1438 = ORIENTED_EDGE('',*,*,#1439,.T.);
#1439 = EDGE_CURVE('',#1392,#1440,#1442,.T.);
#1440 = VERTEX_POINT('',#1441);
#1441 = CARTESIAN_POINT('',(64.875,117.1854174377,5.));
#1442 = LINE('',#1443,#1444);
#1443 = CARTESIAN_POINT('',(68.125,117.1854174377,5.));
#1444 = VECTOR('',#1445,1.);
#1445 = DIRECTION('',(-1.,0.,0.));
#1446 = ORIENTED_EDGE('',*,*,#1447,.F.);
#1447 = EDGE_CURVE('',#323,#1440,#1448,.T.);
#1448 = LINE('',#1449,#1450);
#1449 = CARTESIAN_POINT('',(64.875,117.1854174377,0.));
#1450 = VECTOR('',#1451,1.);
#1451 = DIRECTION('',(0.,0.,1.));
#1452 = ORIENTED_EDGE('',*,*,#322,.F.);
#1453 = PLANE('',#1454);
#1454 = AXIS2_PLACEMENT_3D('',#1455,#1456,#1457);
#1455 = CARTESIAN_POINT('',(68.125,117.1854174377,0.));
#1456 = DIRECTION('',(0.,-1.,0.));
#1457 = DIRECTION('',(-1.,0.,0.));
#1458 = ADVANCED_FACE('',(#1459),#1477,.F.);
#1459 = FACE_BOUND('',#1460,.F.);
#1460 = EDGE_LOOP('',(#1461,#1469,#1475,#1476));
#1461 = ORIENTED_EDGE('',*,*,#1462,.T.);
#1462 = EDGE_CURVE('',#339,#1463,#1465,.T.);
#1463 = VERTEX_POINT('',#1464);
#1464 = CARTESIAN_POINT('',(64.875,122.81458256229,5.));
#1465 = LINE('',#1466,#1467);
#1466 = CARTESIAN_POINT('',(64.875,122.81458256229,0.));
#1467 = VECTOR('',#1468,1.);
#1468 = DIRECTION('',(0.,0.,1.));
#1469 = ORIENTED_EDGE('',*,*,#1470,.T.);
#1470 = EDGE_CURVE('',#1463,#1415,#1471,.T.);
#1471 = LINE('',#1472,#1473);
#1472 = CARTESIAN_POINT('',(64.875,122.81458256229,5.));
#1473 = VECTOR('',#1474,1.);
#1474 = DIRECTION('',(1.,0.,0.));
#1475 = ORIENTED_EDGE('',*,*,#1414,.F.);
#1476 = ORIENTED_EDGE('',*,*,#346,.F.);
#1477 = PLANE('',#1478);
#1478 = AXIS2_PLACEMENT_3D('',#1479,#1480,#1481);
#1479 = CARTESIAN_POINT('',(64.875,122.81458256229,0.));
#1480 = DIRECTION('',(0.,1.,0.));
#1481 = DIRECTION('',(1.,0.,0.));
#1482 = ADVANCED_FACE('',(#1483),#1501,.F.);
#1483 = FACE_BOUND('',#1484,.F.);
#1484 = EDGE_LOOP('',(#1485,#1486,#1494,#1500));
#1485 = ORIENTED_EDGE('',*,*,#1447,.T.);
#1486 = ORIENTED_EDGE('',*,*,#1487,.T.);
#1487 = EDGE_CURVE('',#1440,#1488,#1490,.T.);
#1488 = VERTEX_POINT('',#1489);
#1489 = CARTESIAN_POINT('',(63.25,120.,5.));
#1490 = LINE('',#1491,#1492);
#1491 = CARTESIAN_POINT('',(64.875,117.1854174377,5.));
#1492 = VECTOR('',#1493,1.);
#1493 = DIRECTION('',(-0.5,0.866025403784,-0.));
#1494 = ORIENTED_EDGE('',*,*,#1495,.F.);
#1495 = EDGE_CURVE('',#331,#1488,#1496,.T.);
#1496 = LINE('',#1497,#1498);
#1497 = CARTESIAN_POINT('',(63.25,120.,0.));
#1498 = VECTOR('',#1499,1.);
#1499 = DIRECTION('',(0.,0.,1.));
#1500 = ORIENTED_EDGE('',*,*,#330,.F.);
#1501 = PLANE('',#1502);
#1502 = AXIS2_PLACEMENT_3D('',#1503,#1504,#1505);
#1503 = CARTESIAN_POINT('',(64.875,117.1854174377,0.));
#1504 = DIRECTION('',(-0.866025403784,-0.5,0.));
#1505 = DIRECTION('',(-0.5,0.866025403784,0.));
#1506 = ADVANCED_FACE('',(#1507),#1518,.F.);
#1507 = FACE_BOUND('',#1508,.F.);
#1508 = EDGE_LOOP('',(#1509,#1510,#1516,#1517));
#1509 = ORIENTED_EDGE('',*,*,#1495,.T.);
#1510 = ORIENTED_EDGE('',*,*,#1511,.T.);
#1511 = EDGE_CURVE('',#1488,#1463,#1512,.T.);
#1512 = LINE('',#1513,#1514);
#1513 = CARTESIAN_POINT('',(63.25,120.,5.));
#1514 = VECTOR('',#1515,1.);
#1515 = DIRECTION('',(0.5,0.866025403784,0.));
#1516 = ORIENTED_EDGE('',*,*,#1462,.F.);
#1517 = ORIENTED_EDGE('',*,*,#338,.F.);
#1518 = PLANE('',#1519);
#1519 = AXIS2_PLACEMENT_3D('',#1520,#1521,#1522);
#1520 = CARTESIAN_POINT('',(63.25,120.,0.));
#1521 = DIRECTION('',(-0.866025403784,0.5,0.));
#1522 = DIRECTION('',(0.5,0.866025403784,0.));
#1523 = ADVANCED_FACE('',(#1524),#1549,.F.);
#1524 = FACE_BOUND('',#1525,.F.);
#1525 = EDGE_LOOP('',(#1526,#1534,#1542,#1548));
#1526 = ORIENTED_EDGE('',*,*,#1527,.T.);
#1527 = EDGE_CURVE('',#363,#1528,#1530,.T.);
#1528 = VERTEX_POINT('',#1529);
#1529 = CARTESIAN_POINT('',(85.75,119.,5.));
#1530 = LINE('',#1531,#1532);
#1531 = CARTESIAN_POINT('',(85.75,119.,0.));
#1532 = VECTOR('',#1533,1.);
#1533 = DIRECTION('',(0.,0.,1.));
#1534 = ORIENTED_EDGE('',*,*,#1535,.T.);
#1535 = EDGE_CURVE('',#1528,#1536,#1538,.T.);
#1536 = VERTEX_POINT('',#1537);
#1537 = CARTESIAN_POINT('',(84.125,116.1854174377,5.));
#1538 = LINE('',#1539,#1540);
#1539 = CARTESIAN_POINT('',(85.75,119.,5.));
#1540 = VECTOR('',#1541,1.);
#1541 = DIRECTION('',(-0.5,-0.866025403784,0.));
#1542 = ORIENTED_EDGE('',*,*,#1543,.F.);
#1543 = EDGE_CURVE('',#365,#1536,#1544,.T.);
#1544 = LINE('',#1545,#1546);
#1545 = CARTESIAN_POINT('',(84.125,116.1854174377,0.));
#1546 = VECTOR('',#1547,1.);
#1547 = DIRECTION('',(0.,0.,1.));
#1548 = ORIENTED_EDGE('',*,*,#362,.F.);
#1549 = PLANE('',#1550);
#1550 = AXIS2_PLACEMENT_3D('',#1551,#1552,#1553);
#1551 = CARTESIAN_POINT('',(85.75,119.,0.));
#1552 = DIRECTION('',(0.866025403784,-0.5,0.));
#1553 = DIRECTION('',(-0.5,-0.866025403784,0.));
#1554 = ADVANCED_FACE('',(#1555),#1573,.F.);
#1555 = FACE_BOUND('',#1556,.F.);
#1556 = EDGE_LOOP('',(#1557,#1565,#1571,#1572));
#1557 = ORIENTED_EDGE('',*,*,#1558,.T.);
#1558 = EDGE_CURVE('',#397,#1559,#1561,.T.);
#1559 = VERTEX_POINT('',#1560);
#1560 = CARTESIAN_POINT('',(84.125,121.81458256229,5.));
#1561 = LINE('',#1562,#1563);
#1562 = CARTESIAN_POINT('',(84.125,121.81458256229,0.));
#1563 = VECTOR('',#1564,1.);
#1564 = DIRECTION('',(0.,0.,1.));
#1565 = ORIENTED_EDGE('',*,*,#1566,.T.);
#1566 = EDGE_CURVE('',#1559,#1528,#1567,.T.);
#1567 = LINE('',#1568,#1569);
#1568 = CARTESIAN_POINT('',(84.125,121.81458256229,5.));
#1569 = VECTOR('',#1570,1.);
#1570 = DIRECTION('',(0.5,-0.866025403784,0.));
#1571 = ORIENTED_EDGE('',*,*,#1527,.F.);
#1572 = ORIENTED_EDGE('',*,*,#404,.F.);
#1573 = PLANE('',#1574);
#1574 = AXIS2_PLACEMENT_3D('',#1575,#1576,#1577);
#1575 = CARTESIAN_POINT('',(84.125,121.81458256229,0.));
#1576 = DIRECTION('',(0.866025403784,0.5,0.));
#1577 = DIRECTION('',(0.5,-0.866025403784,0.));
#1578 = ADVANCED_FACE('',(#1579),#1597,.F.);
#1579 = FACE_BOUND('',#1580,.F.);
#1580 = EDGE_LOOP('',(#1581,#1582,#1590,#1596));
#1581 = ORIENTED_EDGE('',*,*,#1543,.T.);
#1582 = ORIENTED_EDGE('',*,*,#1583,.T.);
#1583 = EDGE_CURVE('',#1536,#1584,#1586,.T.);
#1584 = VERTEX_POINT('',#1585);
#1585 = CARTESIAN_POINT('',(80.875,116.1854174377,5.));
#1586 = LINE('',#1587,#1588);
#1587 = CARTESIAN_POINT('',(84.125,116.1854174377,5.));
#1588 = VECTOR('',#1589,1.);
#1589 = DIRECTION('',(-1.,0.,0.));
#1590 = ORIENTED_EDGE('',*,*,#1591,.F.);
#1591 = EDGE_CURVE('',#373,#1584,#1592,.T.);
#1592 = LINE('',#1593,#1594);
#1593 = CARTESIAN_POINT('',(80.875,116.1854174377,0.));
#1594 = VECTOR('',#1595,1.);
#1595 = DIRECTION('',(0.,0.,1.));
#1596 = ORIENTED_EDGE('',*,*,#372,.F.);
#1597 = PLANE('',#1598);
#1598 = AXIS2_PLACEMENT_3D('',#1599,#1600,#1601);
#1599 = CARTESIAN_POINT('',(84.125,116.1854174377,0.));
#1600 = DIRECTION('',(0.,-1.,0.));
#1601 = DIRECTION('',(-1.,0.,0.));
#1602 = ADVANCED_FACE('',(#1603),#1621,.F.);
#1603 = FACE_BOUND('',#1604,.F.);
#1604 = EDGE_LOOP('',(#1605,#1613,#1619,#1620));
#1605 = ORIENTED_EDGE('',*,*,#1606,.T.);
#1606 = EDGE_CURVE('',#389,#1607,#1609,.T.);
#1607 = VERTEX_POINT('',#1608);
#1608 = CARTESIAN_POINT('',(80.875,121.81458256229,5.));
#1609 = LINE('',#1610,#1611);
#1610 = CARTESIAN_POINT('',(80.875,121.81458256229,0.));
#1611 = VECTOR('',#1612,1.);
#1612 = DIRECTION('',(0.,0.,1.));
#1613 = ORIENTED_EDGE('',*,*,#1614,.T.);
#1614 = EDGE_CURVE('',#1607,#1559,#1615,.T.);
#1615 = LINE('',#1616,#1617);
#1616 = CARTESIAN_POINT('',(80.875,121.81458256229,5.));
#1617 = VECTOR('',#1618,1.);
#1618 = DIRECTION('',(1.,0.,0.));
#1619 = ORIENTED_EDGE('',*,*,#1558,.F.);
#1620 = ORIENTED_EDGE('',*,*,#396,.F.);
#1621 = PLANE('',#1622);
#1622 = AXIS2_PLACEMENT_3D('',#1623,#1624,#1625);
#1623 = CARTESIAN_POINT('',(80.875,121.81458256229,0.));
#1624 = DIRECTION('',(0.,1.,0.));
#1625 = DIRECTION('',(1.,0.,0.));
#1626 = ADVANCED_FACE('',(#1627),#1645,.F.);
#1627 = FACE_BOUND('',#1628,.F.);
#1628 = EDGE_LOOP('',(#1629,#1630,#1638,#1644));
#1629 = ORIENTED_EDGE('',*,*,#1591,.T.);
#1630 = ORIENTED_EDGE('',*,*,#1631,.T.);
#1631 = EDGE_CURVE('',#1584,#1632,#1634,.T.);
#1632 = VERTEX_POINT('',#1633);
#1633 = CARTESIAN_POINT('',(79.25,119.,5.));
#1634 = LINE('',#1635,#1636);
#1635 = CARTESIAN_POINT('',(80.875,116.1854174377,5.));
#1636 = VECTOR('',#1637,1.);
#1637 = DIRECTION('',(-0.5,0.866025403784,-0.));
#1638 = ORIENTED_EDGE('',*,*,#1639,.F.);
#1639 = EDGE_CURVE('',#381,#1632,#1640,.T.);
#1640 = LINE('',#1641,#1642);
#1641 = CARTESIAN_POINT('',(79.25,119.,0.));
#1642 = VECTOR('',#1643,1.);
#1643 = DIRECTION('',(0.,0.,1.));
#1644 = ORIENTED_EDGE('',*,*,#380,.F.);
#1645 = PLANE('',#1646);
#1646 = AXIS2_PLACEMENT_3D('',#1647,#1648,#1649);
#1647 = CARTESIAN_POINT('',(80.875,116.1854174377,0.));
#1648 = DIRECTION('',(-0.866025403784,-0.5,0.));
#1649 = DIRECTION('',(-0.5,0.866025403784,0.));
#1650 = ADVANCED_FACE('',(#1651),#1662,.F.);
#1651 = FACE_BOUND('',#1652,.F.);
#1652 = EDGE_LOOP('',(#1653,#1654,#1660,#1661));
#1653 = ORIENTED_EDGE('',*,*,#1639,.T.);
#1654 = ORIENTED_EDGE('',*,*,#1655,.T.);
#1655 = EDGE_CURVE('',#1632,#1607,#1656,.T.);
#1656 = LINE('',#1657,#1658);
#1657 = CARTESIAN_POINT('',(79.25,119.,5.));
#1658 = VECTOR('',#1659,1.);
#1659 = DIRECTION('',(0.5,0.866025403784,0.));
#1660 = ORIENTED_EDGE('',*,*,#1606,.F.);
#1661 = ORIENTED_EDGE('',*,*,#388,.F.);
#1662 = PLANE('',#1663);
#1663 = AXIS2_PLACEMENT_3D('',#1664,#1665,#1666);
#1664 = CARTESIAN_POINT('',(79.25,119.,0.));
#1665 = DIRECTION('',(-0.866025403784,0.5,0.));
#1666 = DIRECTION('',(0.5,0.866025403784,0.));
#1667 = ADVANCED_FACE('',(#1668),#1693,.F.);
#1668 = FACE_BOUND('',#1669,.F.);
#1669 = EDGE_LOOP('',(#1670,#1678,#1686,#1692));
#1670 = ORIENTED_EDGE('',*,*,#1671,.T.);
#1671 = EDGE_CURVE('',#413,#1672,#1674,.T.);
#1672 = VERTEX_POINT('',#1673);
#1673 = CARTESIAN_POINT('',(101.75,120.,5.));
#1674 = LINE('',#1675,#1676);
#1675 = CARTESIAN_POINT('',(101.75,120.,0.));
#1676 = VECTOR('',#1677,1.);
#1677 = DIRECTION('',(0.,0.,1.));
#1678 = ORIENTED_EDGE('',*,*,#1679,.T.);
#1679 = EDGE_CURVE('',#1672,#1680,#1682,.T.);
#1680 = VERTEX_POINT('',#1681);
#1681 = CARTESIAN_POINT('',(100.125,117.1854174377,5.));
#1682 = LINE('',#1683,#1684);
#1683 = CARTESIAN_POINT('',(101.75,120.,5.));
#1684 = VECTOR('',#1685,1.);
#1685 = DIRECTION('',(-0.5,-0.866025403784,0.));
#1686 = ORIENTED_EDGE('',*,*,#1687,.F.);
#1687 = EDGE_CURVE('',#415,#1680,#1688,.T.);
#1688 = LINE('',#1689,#1690);
#1689 = CARTESIAN_POINT('',(100.125,117.1854174377,0.));
#1690 = VECTOR('',#1691,1.);
#1691 = DIRECTION('',(0.,0.,1.));
#1692 = ORIENTED_EDGE('',*,*,#412,.F.);
#1693 = PLANE('',#1694);
#1694 = AXIS2_PLACEMENT_3D('',#1695,#1696,#1697);
#1695 = CARTESIAN_POINT('',(101.75,120.,0.));
#1696 = DIRECTION('',(0.866025403784,-0.5,0.));
#1697 = DIRECTION('',(-0.5,-0.866025403784,0.));
#1698 = ADVANCED_FACE('',(#1699),#1717,.F.);
#1699 = FACE_BOUND('',#1700,.F.);
#1700 = EDGE_LOOP('',(#1701,#1709,#1715,#1716));
#1701 = ORIENTED_EDGE('',*,*,#1702,.T.);
#1702 = EDGE_CURVE('',#447,#1703,#1705,.T.);
#1703 = VERTEX_POINT('',#1704);
#1704 = CARTESIAN_POINT('',(100.125,122.81458256229,5.));
#1705 = LINE('',#1706,#1707);
#1706 = CARTESIAN_POINT('',(100.125,122.81458256229,0.));
#1707 = VECTOR('',#1708,1.);
#1708 = DIRECTION('',(0.,0.,1.));
#1709 = ORIENTED_EDGE('',*,*,#1710,.T.);
#1710 = EDGE_CURVE('',#1703,#1672,#1711,.T.);
#1711 = LINE('',#1712,#1713);
#1712 = CARTESIAN_POINT('',(100.125,122.81458256229,5.));
#1713 = VECTOR('',#1714,1.);
#1714 = DIRECTION('',(0.5,-0.866025403784,0.));
#1715 = ORIENTED_EDGE('',*,*,#1671,.F.);
#1716 = ORIENTED_EDGE('',*,*,#454,.F.);
#1717 = PLANE('',#1718);
#1718 = AXIS2_PLACEMENT_3D('',#1719,#1720,#1721);
#1719 = CARTESIAN_POINT('',(100.125,122.81458256229,0.));
#1720 = DIRECTION('',(0.866025403784,0.5,0.));
#1721 = DIRECTION('',(0.5,-0.866025403784,0.));
#1722 = ADVANCED_FACE('',(#1723),#1741,.F.);
#1723 = FACE_BOUND('',#1724,.F.);
#1724 = EDGE_LOOP('',(#1725,#1726,#1734,#1740));
#1725 = ORIENTED_EDGE('',*,*,#1687,.T.);
#1726 = ORIENTED_EDGE('',*,*,#1727,.T.);
#1727 = EDGE_CURVE('',#1680,#1728,#1730,.T.);
#1728 = VERTEX_POINT('',#1729);
#1729 = CARTESIAN_POINT('',(96.875,117.1854174377,5.));
#1730 = LINE('',#1731,#1732);
#1731 = CARTESIAN_POINT('',(100.125,117.1854174377,5.));
#1732 = VECTOR('',#1733,1.);
#1733 = DIRECTION('',(-1.,0.,0.));
#1734 = ORIENTED_EDGE('',*,*,#1735,.F.);
#1735 = EDGE_CURVE('',#423,#1728,#1736,.T.);
#1736 = LINE('',#1737,#1738);
#1737 = CARTESIAN_POINT('',(96.875,117.1854174377,0.));
#1738 = VECTOR('',#1739,1.);
#1739 = DIRECTION('',(0.,0.,1.));
#1740 = ORIENTED_EDGE('',*,*,#422,.F.);
#1741 = PLANE('',#1742);
#1742 = AXIS2_PLACEMENT_3D('',#1743,#1744,#1745);
#1743 = CARTESIAN_POINT('',(100.125,117.1854174377,0.));
#1744 = DIRECTION('',(0.,-1.,0.));
#1745 = DIRECTION('',(-1.,0.,0.));
#1746 = ADVANCED_FACE('',(#1747),#1765,.F.);
#1747 = FACE_BOUND('',#1748,.F.);
#1748 = EDGE_LOOP('',(#1749,#1757,#1763,#1764));
#1749 = ORIENTED_EDGE('',*,*,#1750,.T.);
#1750 = EDGE_CURVE('',#439,#1751,#1753,.T.);
#1751 = VERTEX_POINT('',#1752);
#1752 = CARTESIAN_POINT('',(96.875,122.81458256229,5.));
#1753 = LINE('',#1754,#1755);
#1754 = CARTESIAN_POINT('',(96.875,122.81458256229,0.));
#1755 = VECTOR('',#1756,1.);
#1756 = DIRECTION('',(0.,0.,1.));
#1757 = ORIENTED_EDGE('',*,*,#1758,.T.);
#1758 = EDGE_CURVE('',#1751,#1703,#1759,.T.);
#1759 = LINE('',#1760,#1761);
#1760 = CARTESIAN_POINT('',(96.875,122.81458256229,5.));
#1761 = VECTOR('',#1762,1.);
#1762 = DIRECTION('',(1.,0.,0.));
#1763 = ORIENTED_EDGE('',*,*,#1702,.F.);
#1764 = ORIENTED_EDGE('',*,*,#446,.F.);
#1765 = PLANE('',#1766);
#1766 = AXIS2_PLACEMENT_3D('',#1767,#1768,#1769);
#1767 = CARTESIAN_POINT('',(96.875,122.81458256229,0.));
#1768 = DIRECTION('',(0.,1.,0.));
#1769 = DIRECTION('',(1.,0.,0.));
#1770 = ADVANCED_FACE('',(#1771),#1789,.F.);
#1771 = FACE_BOUND('',#1772,.F.);
#1772 = EDGE_LOOP('',(#1773,#1774,#1782,#1788));
#1773 = ORIENTED_EDGE('',*,*,#1735,.T.);
#1774 = ORIENTED_EDGE('',*,*,#1775,.T.);
#1775 = EDGE_CURVE('',#1728,#1776,#1778,.T.);
#1776 = VERTEX_POINT('',#1777);
#1777 = CARTESIAN_POINT('',(95.25,120.,5.));
#1778 = LINE('',#1779,#1780);
#1779 = CARTESIAN_POINT('',(96.875,117.1854174377,5.));
#1780 = VECTOR('',#1781,1.);
#1781 = DIRECTION('',(-0.5,0.866025403784,-0.));
#1782 = ORIENTED_EDGE('',*,*,#1783,.F.);
#1783 = EDGE_CURVE('',#431,#1776,#1784,.T.);
#1784 = LINE('',#1785,#1786);
#1785 = CARTESIAN_POINT('',(95.25,120.,0.));
#1786 = VECTOR('',#1787,1.);
#1787 = DIRECTION('',(0.,0.,1.));
#1788 = ORIENTED_EDGE('',*,*,#430,.F.);
#1789 = PLANE('',#1790);
#1790 = AXIS2_PLACEMENT_3D('',#1791,#1792,#1793);
#1791 = CARTESIAN_POINT('',(96.875,117.1854174377,0.));
#1792 = DIRECTION('',(-0.866025403784,-0.5,0.));
#1793 = DIRECTION('',(-0.5,0.866025403784,0.));
#1794 = ADVANCED_FACE('',(#1795),#1806,.F.);
#1795 = FACE_BOUND('',#1796,.F.);
#1796 = EDGE_LOOP('',(#1797,#1798,#1804,#1805));
#1797 = ORIENTED_EDGE('',*,*,#1783,.T.);
#1798 = ORIENTED_EDGE('',*,*,#1799,.T.);
#1799 = EDGE_CURVE('',#1776,#1751,#1800,.T.);
#1800 = LINE('',#1801,#1802);
#1801 = CARTESIAN_POINT('',(95.25,120.,5.));
#1802 = VECTOR('',#1803,1.);
#1803 = DIRECTION('',(0.5,0.866025403784,0.));
#1804 = ORIENTED_EDGE('',*,*,#1750,.F.);
#1805 = ORIENTED_EDGE('',*,*,#438,.F.);
#1806 = PLANE('',#1807);
#1807 = AXIS2_PLACEMENT_3D('',#1808,#1809,#1810);
#1808 = CARTESIAN_POINT('',(95.25,120.,0.));
#1809 = DIRECTION('',(-0.866025403784,0.5,0.));
#1810 = DIRECTION('',(0.5,0.866025403784,0.));
#1811 = ADVANCED_FACE('',(#1812),#1830,.T.);
#1812 = FACE_BOUND('',#1813,.T.);
#1813 = EDGE_LOOP('',(#1814,#1822,#1828,#1829));
#1814 = ORIENTED_EDGE('',*,*,#1815,.T.);
#1815 = EDGE_CURVE('',#614,#1816,#1818,.T.);
#1816 = VERTEX_POINT('',#1817);
#1817 = CARTESIAN_POINT('',(5.,113.,8.1));
#1818 = LINE('',#1819,#1820);
#1819 = CARTESIAN_POINT('',(5.,113.,10.));
#1820 = VECTOR('',#1821,1.);
#1821 = DIRECTION('',(-0.,-0.,-1.));
#1822 = ORIENTED_EDGE('',*,*,#1823,.T.);
#1823 = EDGE_CURVE('',#1816,#828,#1824,.T.);
#1824 = LINE('',#1825,#1826);
#1825 = CARTESIAN_POINT('',(5.,113.,8.1));
#1826 = VECTOR('',#1827,1.);
#1827 = DIRECTION('',(0.,1.,0.));
#1828 = ORIENTED_EDGE('',*,*,#835,.F.);
#1829 = ORIENTED_EDGE('',*,*,#621,.F.);
#1830 = PLANE('',#1831);
#1831 = AXIS2_PLACEMENT_3D('',#1832,#1833,#1834);
#1832 = CARTESIAN_POINT('',(5.,113.,10.));
#1833 = DIRECTION('',(1.,0.,0.));
#1834 = DIRECTION('',(0.,1.,0.));
#1835 = ADVANCED_FACE('',(#1836),#1854,.T.);
#1836 = FACE_BOUND('',#1837,.T.);
#1837 = EDGE_LOOP('',(#1838,#1846,#1852,#1853));
#1838 = ORIENTED_EDGE('',*,*,#1839,.T.);
#1839 = EDGE_CURVE('',#606,#1840,#1842,.T.);
#1840 = VERTEX_POINT('',#1841);
#1841 = CARTESIAN_POINT('',(50.,113.,8.1));
#1842 = LINE('',#1843,#1844);
#1843 = CARTESIAN_POINT('',(50.,113.,10.));
#1844 = VECTOR('',#1845,1.);
#1845 = DIRECTION('',(-0.,-0.,-1.));
#1846 = ORIENTED_EDGE('',*,*,#1847,.T.);
#1847 = EDGE_CURVE('',#1840,#1816,#1848,.T.);
#1848 = LINE('',#1849,#1850);
#1849 = CARTESIAN_POINT('',(50.,113.,8.1));
#1850 = VECTOR('',#1851,1.);
#1851 = DIRECTION('',(-1.,0.,0.));
#1852 = ORIENTED_EDGE('',*,*,#1815,.F.);
#1853 = ORIENTED_EDGE('',*,*,#613,.F.);
#1854 = PLANE('',#1855);
#1855 = AXIS2_PLACEMENT_3D('',#1856,#1857,#1858);
#1856 = CARTESIAN_POINT('',(50.,113.,10.));
#1857 = DIRECTION('',(0.,1.,0.));
#1858 = DIRECTION('',(-1.,0.,0.));
#1859 = ADVANCED_FACE('',(#1860),#1871,.T.);
#1860 = FACE_BOUND('',#1861,.T.);
#1861 = EDGE_LOOP('',(#1862,#1863,#1869,#1870));
#1862 = ORIENTED_EDGE('',*,*,#819,.T.);
#1863 = ORIENTED_EDGE('',*,*,#1864,.T.);
#1864 = EDGE_CURVE('',#820,#1840,#1865,.T.);
#1865 = LINE('',#1866,#1867);
#1866 = CARTESIAN_POINT('',(50.,125.,8.1));
#1867 = VECTOR('',#1868,1.);
#1868 = DIRECTION('',(0.,-1.,0.));
#1869 = ORIENTED_EDGE('',*,*,#1839,.F.);
#1870 = ORIENTED_EDGE('',*,*,#605,.F.);
#1871 = PLANE('',#1872);
#1872 = AXIS2_PLACEMENT_3D('',#1873,#1874,#1875);
#1873 = CARTESIAN_POINT('',(50.,125.,10.));
#1874 = DIRECTION('',(-1.,0.,0.));
#1875 = DIRECTION('',(0.,-1.,0.));
#1876 = ADVANCED_FACE('',(#1877),#1888,.T.);
#1877 = FACE_BOUND('',#1878,.T.);
#1878 = EDGE_LOOP('',(#1879,#1880,#1881,#1887));
#1879 = ORIENTED_EDGE('',*,*,#761,.T.);
#1880 = ORIENTED_EDGE('',*,*,#711,.T.);
#1881 = ORIENTED_EDGE('',*,*,#1882,.F.);
#1882 = EDGE_CURVE('',#518,#712,#1883,.T.);
#1883 = LINE('',#1884,#1885);
#1884 = CARTESIAN_POINT('',(23.4,20.,10.));
#1885 = VECTOR('',#1886,1.);
#1886 = DIRECTION('',(-0.,-0.,-1.));
#1887 = ORIENTED_EDGE('',*,*,#517,.F.);
#1888 = PLANE('',#1889);
#1889 = AXIS2_PLACEMENT_3D('',#1890,#1891,#1892);
#1890 = CARTESIAN_POINT('',(38.4,20.,10.));
#1891 = DIRECTION('',(0.,1.,0.));
#1892 = DIRECTION('',(-1.,0.,0.));
#1893 = ADVANCED_FACE('',(#1894),#1912,.T.);
#1894 = FACE_BOUND('',#1895,.T.);
#1895 = EDGE_LOOP('',(#1896,#1904,#1910,#1911));
#1896 = ORIENTED_EDGE('',*,*,#1897,.T.);
#1897 = EDGE_CURVE('',#582,#1898,#1900,.T.);
#1898 = VERTEX_POINT('',#1899);
#1899 = CARTESIAN_POINT('',(60.,113.,8.1));
#1900 = LINE('',#1901,#1902);
#1901 = CARTESIAN_POINT('',(60.,113.,10.));
#1902 = VECTOR('',#1903,1.);
#1903 = DIRECTION('',(-0.,-0.,-1.));
#1904 = ORIENTED_EDGE('',*,*,#1905,.T.);
#1905 = EDGE_CURVE('',#1898,#805,#1906,.T.);
#1906 = LINE('',#1907,#1908);
#1907 = CARTESIAN_POINT('',(60.,113.,8.1));
#1908 = VECTOR('',#1909,1.);
#1909 = DIRECTION('',(0.,1.,0.));
#1910 = ORIENTED_EDGE('',*,*,#812,.F.);
#1911 = ORIENTED_EDGE('',*,*,#589,.F.);
#1912 = PLANE('',#1913);
#1913 = AXIS2_PLACEMENT_3D('',#1914,#1915,#1916);
#1914 = CARTESIAN_POINT('',(60.,113.,10.));
#1915 = DIRECTION('',(1.,0.,0.));
#1916 = DIRECTION('',(0.,1.,0.));
#1917 = ADVANCED_FACE('',(#1918),#1929,.T.);
#1918 = FACE_BOUND('',#1919,.T.);
#1919 = EDGE_LOOP('',(#1920,#1921,#1922,#1928));
#1920 = ORIENTED_EDGE('',*,*,#1882,.T.);
#1921 = ORIENTED_EDGE('',*,*,#719,.T.);
#1922 = ORIENTED_EDGE('',*,*,#1923,.F.);
#1923 = EDGE_CURVE('',#526,#720,#1924,.T.);
#1924 = LINE('',#1925,#1926);
#1925 = CARTESIAN_POINT('',(23.4,67.3,10.));
#1926 = VECTOR('',#1927,1.);
#1927 = DIRECTION('',(-0.,-0.,-1.));
#1928 = ORIENTED_EDGE('',*,*,#525,.F.);
#1929 = PLANE('',#1930);
#1930 = AXIS2_PLACEMENT_3D('',#1931,#1932,#1933);
#1931 = CARTESIAN_POINT('',(23.4,20.,10.));
#1932 = DIRECTION('',(1.,0.,0.));
#1933 = DIRECTION('',(0.,1.,0.));
#1934 = ADVANCED_FACE('',(#1935),#1953,.T.);
#1935 = FACE_BOUND('',#1936,.T.);
#1936 = EDGE_LOOP('',(#1937,#1945,#1951,#1952));
#1937 = ORIENTED_EDGE('',*,*,#1938,.T.);
#1938 = EDGE_CURVE('',#574,#1939,#1941,.T.);
#1939 = VERTEX_POINT('',#1940);
#1940 = CARTESIAN_POINT('',(105.,113.,8.1));
#1941 = LINE('',#1942,#1943);
#1942 = CARTESIAN_POINT('',(105.,113.,10.));
#1943 = VECTOR('',#1944,1.);
#1944 = DIRECTION('',(-0.,-0.,-1.));
#1945 = ORIENTED_EDGE('',*,*,#1946,.T.);
#1946 = EDGE_CURVE('',#1939,#1898,#1947,.T.);
#1947 = LINE('',#1948,#1949);
#1948 = CARTESIAN_POINT('',(105.,113.,8.1));
#1949 = VECTOR('',#1950,1.);
#1950 = DIRECTION('',(-1.,0.,0.));
#1951 = ORIENTED_EDGE('',*,*,#1897,.F.);
#1952 = ORIENTED_EDGE('',*,*,#581,.F.);
#1953 = PLANE('',#1954);
#1954 = AXIS2_PLACEMENT_3D('',#1955,#1956,#1957);
#1955 = CARTESIAN_POINT('',(105.,113.,10.));
#1956 = DIRECTION('',(0.,1.,0.));
#1957 = DIRECTION('',(-1.,0.,0.));
#1958 = ADVANCED_FACE('',(#1959),#1970,.T.);
#1959 = FACE_BOUND('',#1960,.T.);
#1960 = EDGE_LOOP('',(#1961,#1962,#1963,#1969));
#1961 = ORIENTED_EDGE('',*,*,#1923,.T.);
#1962 = ORIENTED_EDGE('',*,*,#727,.T.);
#1963 = ORIENTED_EDGE('',*,*,#1964,.F.);
#1964 = EDGE_CURVE('',#534,#728,#1965,.T.);
#1965 = LINE('',#1966,#1967);
#1966 = CARTESIAN_POINT('',(86.6,67.3,10.));
#1967 = VECTOR('',#1968,1.);
#1968 = DIRECTION('',(-0.,-0.,-1.));
#1969 = ORIENTED_EDGE('',*,*,#533,.F.);
#1970 = PLANE('',#1971);
#1971 = AXIS2_PLACEMENT_3D('',#1972,#1973,#1974);
#1972 = CARTESIAN_POINT('',(23.4,67.3,10.));
#1973 = DIRECTION('',(0.,-1.,0.));
#1974 = DIRECTION('',(1.,0.,0.));
#1975 = ADVANCED_FACE('',(#1976),#1987,.T.);
#1976 = FACE_BOUND('',#1977,.T.);
#1977 = EDGE_LOOP('',(#1978,#1979,#1985,#1986));
#1978 = ORIENTED_EDGE('',*,*,#796,.T.);
#1979 = ORIENTED_EDGE('',*,*,#1980,.T.);
#1980 = EDGE_CURVE('',#797,#1939,#1981,.T.);
#1981 = LINE('',#1982,#1983);
#1982 = CARTESIAN_POINT('',(105.,125.,8.1));
#1983 = VECTOR('',#1984,1.);
#1984 = DIRECTION('',(0.,-1.,0.));
#1985 = ORIENTED_EDGE('',*,*,#1938,.F.);
#1986 = ORIENTED_EDGE('',*,*,#573,.F.);
#1987 = PLANE('',#1988);
#1988 = AXIS2_PLACEMENT_3D('',#1989,#1990,#1991);
#1989 = CARTESIAN_POINT('',(105.,125.,10.));
#1990 = DIRECTION('',(-1.,0.,0.));
#1991 = DIRECTION('',(0.,-1.,0.));
#1992 = ADVANCED_FACE('',(#1993),#2004,.T.);
#1993 = FACE_BOUND('',#1994,.T.);
#1994 = EDGE_LOOP('',(#1995,#1996,#1997,#2003));
#1995 = ORIENTED_EDGE('',*,*,#1964,.T.);
#1996 = ORIENTED_EDGE('',*,*,#735,.T.);
#1997 = ORIENTED_EDGE('',*,*,#1998,.F.);
#1998 = EDGE_CURVE('',#542,#736,#1999,.T.);
#1999 = LINE('',#2000,#2001);
#2000 = CARTESIAN_POINT('',(86.6,20.,10.));
#2001 = VECTOR('',#2002,1.);
#2002 = DIRECTION('',(-0.,-0.,-1.));
#2003 = ORIENTED_EDGE('',*,*,#541,.F.);
#2004 = PLANE('',#2005);
#2005 = AXIS2_PLACEMENT_3D('',#2006,#2007,#2008);
#2006 = CARTESIAN_POINT('',(86.6,67.3,10.));
#2007 = DIRECTION('',(-1.,0.,0.));
#2008 = DIRECTION('',(0.,-1.,0.));
#2009 = ADVANCED_FACE('',(#2010),#2016,.T.);
#2010 = FACE_BOUND('',#2011,.T.);
#2011 = EDGE_LOOP('',(#2012,#2013,#2014,#2015));
#2012 = ORIENTED_EDGE('',*,*,#1998,.T.);
#2013 = ORIENTED_EDGE('',*,*,#743,.T.);
#2014 = ORIENTED_EDGE('',*,*,#679,.F.);
#2015 = ORIENTED_EDGE('',*,*,#549,.F.);
#2016 = PLANE('',#2017);
#2017 = AXIS2_PLACEMENT_3D('',#2018,#2019,#2020);
#2018 = CARTESIAN_POINT('',(86.6,20.,10.));
#2019 = DIRECTION('',(0.,1.,0.));
#2020 = DIRECTION('',(-1.,0.,0.));
#2021 = ADVANCED_FACE('',(#2022),#2041,.T.);
#2022 = FACE_BOUND('',#2023,.F.);
#2023 = EDGE_LOOP('',(#2024,#2032,#2039,#2040));
#2024 = ORIENTED_EDGE('',*,*,#2025,.T.);
#2025 = EDGE_CURVE('',#630,#2026,#2028,.T.);
#2026 = VERTEX_POINT('',#2027);
#2027 = CARTESIAN_POINT('',(12.2,25.,12.));
#2028 = LINE('',#2029,#2030);
#2029 = CARTESIAN_POINT('',(12.2,25.,10.));
#2030 = VECTOR('',#2031,1.);
#2031 = DIRECTION('',(0.,0.,1.));
#2032 = ORIENTED_EDGE('',*,*,#2033,.T.);
#2033 = EDGE_CURVE('',#2026,#2026,#2034,.T.);
#2034 = CIRCLE('',#2035,2.2);
#2035 = AXIS2_PLACEMENT_3D('',#2036,#2037,#2038);
#2036 = CARTESIAN_POINT('',(10.,25.,12.));
#2037 = DIRECTION('',(0.,0.,1.));
#2038 = DIRECTION('',(1.,0.,0.));
#2039 = ORIENTED_EDGE('',*,*,#2025,.F.);
#2040 = ORIENTED_EDGE('',*,*,#629,.F.);
#2041 = CYLINDRICAL_SURFACE('',#2042,2.2);
#2042 = AXIS2_PLACEMENT_3D('',#2043,#2044,#2045);
#2043 = CARTESIAN_POINT('',(10.,25.,10.));
#2044 = DIRECTION('',(-0.,-0.,-1.));
#2045 = DIRECTION('',(1.,0.,0.));
#2046 = ADVANCED_FACE('',(#2047),#2066,.T.);
#2047 = FACE_BOUND('',#2048,.F.);
#2048 = EDGE_LOOP('',(#2049,#2057,#2064,#2065));
#2049 = ORIENTED_EDGE('',*,*,#2050,.T.);
#2050 = EDGE_CURVE('',#641,#2051,#2053,.T.);
#2051 = VERTEX_POINT('',#2052);
#2052 = CARTESIAN_POINT('',(102.2,25.,12.));
#2053 = LINE('',#2054,#2055);
#2054 = CARTESIAN_POINT('',(102.2,25.,10.));
#2055 = VECTOR('',#2056,1.);
#2056 = DIRECTION('',(0.,0.,1.));
#2057 = ORIENTED_EDGE('',*,*,#2058,.T.);
#2058 = EDGE_CURVE('',#2051,#2051,#2059,.T.);
#2059 = CIRCLE('',#2060,2.2);
#2060 = AXIS2_PLACEMENT_3D('',#2061,#2062,#2063);
#2061 = CARTESIAN_POINT('',(100.,25.,12.));
#2062 = DIRECTION('',(0.,0.,1.));
#2063 = DIRECTION('',(1.,0.,0.));
#2064 = ORIENTED_EDGE('',*,*,#2050,.F.);
#2065 = ORIENTED_EDGE('',*,*,#640,.F.);
#2066 = CYLINDRICAL_SURFACE('',#2067,2.2);
#2067 = AXIS2_PLACEMENT_3D('',#2068,#2069,#2070);
#2068 = CARTESIAN_POINT('',(100.,25.,10.));
#2069 = DIRECTION('',(-0.,-0.,-1.));
#2070 = DIRECTION('',(1.,0.,0.));
#2071 = ADVANCED_FACE('',(#2072),#2091,.T.);
#2072 = FACE_BOUND('',#2073,.F.);
#2073 = EDGE_LOOP('',(#2074,#2082,#2089,#2090));
#2074 = ORIENTED_EDGE('',*,*,#2075,.T.);
#2075 = EDGE_CURVE('',#652,#2076,#2078,.T.);
#2076 = VERTEX_POINT('',#2077);
#2077 = CARTESIAN_POINT('',(12.2,58.,12.));
#2078 = LINE('',#2079,#2080);
#2079 = CARTESIAN_POINT('',(12.2,58.,10.));
#2080 = VECTOR('',#2081,1.);
#2081 = DIRECTION('',(0.,0.,1.));
#2082 = ORIENTED_EDGE('',*,*,#2083,.T.);
#2083 = EDGE_CURVE('',#2076,#2076,#2084,.T.);
#2084 = CIRCLE('',#2085,2.2);
#2085 = AXIS2_PLACEMENT_3D('',#2086,#2087,#2088);
#2086 = CARTESIAN_POINT('',(10.,58.,12.));
#2087 = DIRECTION('',(0.,0.,1.));
#2088 = DIRECTION('',(1.,0.,0.));
#2089 = ORIENTED_EDGE('',*,*,#2075,.F.);
#2090 = ORIENTED_EDGE('',*,*,#651,.F.);
#2091 = CYLINDRICAL_SURFACE('',#2092,2.2);
#2092 = AXIS2_PLACEMENT_3D('',#2093,#2094,#2095);
#2093 = CARTESIAN_POINT('',(10.,58.,10.));
#2094 = DIRECTION('',(-0.,-0.,-1.));
#2095 = DIRECTION('',(1.,0.,0.));
#2096 = ADVANCED_FACE('',(#2097),#2116,.T.);
#2097 = FACE_BOUND('',#2098,.F.);
#2098 = EDGE_LOOP('',(#2099,#2107,#2114,#2115));
#2099 = ORIENTED_EDGE('',*,*,#2100,.T.);
#2100 = EDGE_CURVE('',#663,#2101,#2103,.T.);
#2101 = VERTEX_POINT('',#2102);
#2102 = CARTESIAN_POINT('',(102.2,58.,12.));
#2103 = LINE('',#2104,#2105);
#2104 = CARTESIAN_POINT('',(102.2,58.,10.));
#2105 = VECTOR('',#2106,1.);
#2106 = DIRECTION('',(0.,0.,1.));
#2107 = ORIENTED_EDGE('',*,*,#2108,.T.);
#2108 = EDGE_CURVE('',#2101,#2101,#2109,.T.);
#2109 = CIRCLE('',#2110,2.2);
#2110 = AXIS2_PLACEMENT_3D('',#2111,#2112,#2113);
#2111 = CARTESIAN_POINT('',(100.,58.,12.));
#2112 = DIRECTION('',(0.,0.,1.));
#2113 = DIRECTION('',(1.,0.,0.));
#2114 = ORIENTED_EDGE('',*,*,#2100,.F.);
#2115 = ORIENTED_EDGE('',*,*,#662,.F.);
#2116 = CYLINDRICAL_SURFACE('',#2117,2.2);
#2117 = AXIS2_PLACEMENT_3D('',#2118,#2119,#2120);
#2118 = CARTESIAN_POINT('',(100.,58.,10.));
#2119 = DIRECTION('',(-0.,-0.,-1.));
#2120 = DIRECTION('',(1.,0.,0.));
#2121 = ADVANCED_FACE('',(#2122,#2128,#2139,#2150),#2161,.T.);
#2122 = FACE_BOUND('',#2123,.T.);
#2123 = EDGE_LOOP('',(#2124,#2125,#2126,#2127));
#2124 = ORIENTED_EDGE('',*,*,#827,.F.);
#2125 = ORIENTED_EDGE('',*,*,#1823,.F.);
#2126 = ORIENTED_EDGE('',*,*,#1847,.F.);
#2127 = ORIENTED_EDGE('',*,*,#1864,.F.);
#2128 = FACE_BOUND('',#2129,.T.);
#2129 = EDGE_LOOP('',(#2130));
#2130 = ORIENTED_EDGE('',*,*,#2131,.F.);
#2131 = EDGE_CURVE('',#2132,#2132,#2134,.T.);
#2132 = VERTEX_POINT('',#2133);
#2133 = CARTESIAN_POINT('',(29.1,119.,8.1));
#2134 = CIRCLE('',#2135,1.6);
#2135 = AXIS2_PLACEMENT_3D('',#2136,#2137,#2138);
#2136 = CARTESIAN_POINT('',(27.5,119.,8.1));
#2137 = DIRECTION('',(0.,0.,1.));
#2138 = DIRECTION('',(1.,0.,0.));
#2139 = FACE_BOUND('',#2140,.T.);
#2140 = EDGE_LOOP('',(#2141));
#2141 = ORIENTED_EDGE('',*,*,#2142,.F.);
#2142 = EDGE_CURVE('',#2143,#2143,#2145,.T.);
#2143 = VERTEX_POINT('',#2144);
#2144 = CARTESIAN_POINT('',(13.1,120.,8.1));
#2145 = CIRCLE('',#2146,1.6);
#2146 = AXIS2_PLACEMENT_3D('',#2147,#2148,#2149);
#2147 = CARTESIAN_POINT('',(11.5,120.,8.1));
#2148 = DIRECTION('',(0.,0.,1.));
#2149 = DIRECTION('',(1.,0.,0.));
#2150 = FACE_BOUND('',#2151,.T.);
#2151 = EDGE_LOOP('',(#2152));
#2152 = ORIENTED_EDGE('',*,*,#2153,.F.);
#2153 = EDGE_CURVE('',#2154,#2154,#2156,.T.);
#2154 = VERTEX_POINT('',#2155);
#2155 = CARTESIAN_POINT('',(45.1,120.,8.1));
#2156 = CIRCLE('',#2157,1.6);
#2157 = AXIS2_PLACEMENT_3D('',#2158,#2159,#2160);
#2158 = CARTESIAN_POINT('',(43.5,120.,8.1));
#2159 = DIRECTION('',(0.,0.,1.));
#2160 = DIRECTION('',(1.,0.,0.));
#2161 = PLANE('',#2162);
#2162 = AXIS2_PLACEMENT_3D('',#2163,#2164,#2165);
#2163 = CARTESIAN_POINT('',(55.,119.,8.1));
#2164 = DIRECTION('',(0.,0.,1.));
#2165 = DIRECTION('',(1.,0.,0.));
#2166 = ADVANCED_FACE('',(#2167,#2173,#2184,#2195),#2206,.T.);
#2167 = FACE_BOUND('',#2168,.T.);
#2168 = EDGE_LOOP('',(#2169,#2170,#2171,#2172));
#2169 = ORIENTED_EDGE('',*,*,#804,.F.);
#2170 = ORIENTED_EDGE('',*,*,#1905,.F.);
#2171 = ORIENTED_EDGE('',*,*,#1946,.F.);
#2172 = ORIENTED_EDGE('',*,*,#1980,.F.);
#2173 = FACE_BOUND('',#2174,.T.);
#2174 = EDGE_LOOP('',(#2175));
#2175 = ORIENTED_EDGE('',*,*,#2176,.F.);
#2176 = EDGE_CURVE('',#2177,#2177,#2179,.T.);
#2177 = VERTEX_POINT('',#2178);
#2178 = CARTESIAN_POINT('',(84.1,119.,8.1));
#2179 = CIRCLE('',#2180,1.6);
#2180 = AXIS2_PLACEMENT_3D('',#2181,#2182,#2183);
#2181 = CARTESIAN_POINT('',(82.5,119.,8.1));
#2182 = DIRECTION('',(0.,0.,1.));
#2183 = DIRECTION('',(1.,0.,0.));
#2184 = FACE_BOUND('',#2185,.T.);
#2185 = EDGE_LOOP('',(#2186));
#2186 = ORIENTED_EDGE('',*,*,#2187,.F.);
#2187 = EDGE_CURVE('',#2188,#2188,#2190,.T.);
#2188 = VERTEX_POINT('',#2189);
#2189 = CARTESIAN_POINT('',(68.1,120.,8.1));
#2190 = CIRCLE('',#2191,1.6);
#2191 = AXIS2_PLACEMENT_3D('',#2192,#2193,#2194);
#2192 = CARTESIAN_POINT('',(66.5,120.,8.1));
#2193 = DIRECTION('',(0.,0.,1.));
#2194 = DIRECTION('',(1.,0.,0.));
#2195 = FACE_BOUND('',#2196,.T.);
#2196 = EDGE_LOOP('',(#2197));
#2197 = ORIENTED_EDGE('',*,*,#2198,.F.);
#2198 = EDGE_CURVE('',#2199,#2199,#2201,.T.);
#2199 = VERTEX_POINT('',#2200);
#2200 = CARTESIAN_POINT('',(100.1,120.,8.1));
#2201 = CIRCLE('',#2202,1.6);
#2202 = AXIS2_PLACEMENT_3D('',#2203,#2204,#2205);
#2203 = CARTESIAN_POINT('',(98.5,120.,8.1));
#2204 = DIRECTION('',(0.,0.,1.));
#2205 = DIRECTION('',(1.,0.,0.));
#2206 = PLANE('',#2207);
#2207 = AXIS2_PLACEMENT_3D('',#2208,#2209,#2210);
#2208 = CARTESIAN_POINT('',(55.,119.,8.1));
#2209 = DIRECTION('',(0.,0.,1.));
#2210 = DIRECTION('',(1.,0.,0.));
#2211 = ADVANCED_FACE('',(#2212),#2215,.F.);
#2212 = FACE_BOUND('',#2213,.T.);
#2213 = EDGE_LOOP('',(#2214));
#2214 = ORIENTED_EDGE('',*,*,#859,.T.);
#2215 = PLANE('',#2216);
#2216 = AXIS2_PLACEMENT_3D('',#2217,#2218,#2219);
#2217 = CARTESIAN_POINT('',(55.,60.,2.5));
#2218 = DIRECTION('',(0.,0.,1.));
#2219 = DIRECTION('',(1.,0.,0.));
#2220 = ADVANCED_FACE('',(#2221),#2224,.F.);
#2221 = FACE_BOUND('',#2222,.T.);
#2222 = EDGE_LOOP('',(#2223));
#2223 = ORIENTED_EDGE('',*,*,#884,.T.);
#2224 = PLANE('',#2225);
#2225 = AXIS2_PLACEMENT_3D('',#2226,#2227,#2228);
#2226 = CARTESIAN_POINT('',(55.,60.,2.5));
#2227 = DIRECTION('',(0.,0.,1.));
#2228 = DIRECTION('',(1.,0.,0.));
#2229 = ADVANCED_FACE('',(#2230),#2233,.F.);
#2230 = FACE_BOUND('',#2231,.T.);
#2231 = EDGE_LOOP('',(#2232));
#2232 = ORIENTED_EDGE('',*,*,#909,.T.);
#2233 = PLANE('',#2234);
#2234 = AXIS2_PLACEMENT_3D('',#2235,#2236,#2237);
#2235 = CARTESIAN_POINT('',(55.,60.,2.5));
#2236 = DIRECTION('',(0.,0.,1.));
#2237 = DIRECTION('',(1.,0.,0.));
#2238 = ADVANCED_FACE('',(#2239,#2247),#2258,.F.);
#2239 = FACE_BOUND('',#2240,.F.);
#2240 = EDGE_LOOP('',(#2241,#2242,#2243,#2244,#2245,#2246));
#2241 = ORIENTED_EDGE('',*,*,#982,.F.);
#2242 = ORIENTED_EDGE('',*,*,#934,.F.);
#2243 = ORIENTED_EDGE('',*,*,#965,.F.);
#2244 = ORIENTED_EDGE('',*,*,#1013,.F.);
#2245 = ORIENTED_EDGE('',*,*,#1054,.F.);
#2246 = ORIENTED_EDGE('',*,*,#1030,.F.);
#2247 = FACE_BOUND('',#2248,.F.);
#2248 = EDGE_LOOP('',(#2249));
#2249 = ORIENTED_EDGE('',*,*,#2250,.F.);
#2250 = EDGE_CURVE('',#2251,#2251,#2253,.T.);
#2251 = VERTEX_POINT('',#2252);
#2252 = CARTESIAN_POINT('',(13.1,120.,5.));
#2253 = CIRCLE('',#2254,1.6);
#2254 = AXIS2_PLACEMENT_3D('',#2255,#2256,#2257);
#2255 = CARTESIAN_POINT('',(11.5,120.,5.));
#2256 = DIRECTION('',(0.,0.,1.));
#2257 = DIRECTION('',(1.,0.,0.));
#2258 = PLANE('',#2259);
#2259 = AXIS2_PLACEMENT_3D('',#2260,#2261,#2262);
#2260 = CARTESIAN_POINT('',(61.214285455308,5.552820220105E+04,5.));
#2261 = DIRECTION('',(0.,0.,1.));
#2262 = DIRECTION('',(1.,0.,0.));
#2263 = ADVANCED_FACE('',(#2264,#2272),#2283,.F.);
#2264 = FACE_BOUND('',#2265,.F.);
#2265 = EDGE_LOOP('',(#2266,#2267,#2268,#2269,#2270,#2271));
#2266 = ORIENTED_EDGE('',*,*,#1126,.F.);
#2267 = ORIENTED_EDGE('',*,*,#1078,.F.);
#2268 = ORIENTED_EDGE('',*,*,#1109,.F.);
#2269 = ORIENTED_EDGE('',*,*,#1157,.F.);
#2270 = ORIENTED_EDGE('',*,*,#1198,.F.);
#2271 = ORIENTED_EDGE('',*,*,#1174,.F.);
#2272 = FACE_BOUND('',#2273,.F.);
#2273 = EDGE_LOOP('',(#2274));
#2274 = ORIENTED_EDGE('',*,*,#2275,.F.);
#2275 = EDGE_CURVE('',#2276,#2276,#2278,.T.);
#2276 = VERTEX_POINT('',#2277);
#2277 = CARTESIAN_POINT('',(29.1,119.,5.));
#2278 = CIRCLE('',#2279,1.6);
#2279 = AXIS2_PLACEMENT_3D('',#2280,#2281,#2282);
#2280 = CARTESIAN_POINT('',(27.5,119.,5.));
#2281 = DIRECTION('',(0.,0.,1.));
#2282 = DIRECTION('',(1.,0.,0.));
#2283 = PLANE('',#2284);
#2284 = AXIS2_PLACEMENT_3D('',#2285,#2286,#2287);
#2285 = CARTESIAN_POINT('',(61.214285455308,5.552820220105E+04,5.));
#2286 = DIRECTION('',(0.,0.,1.));
#2287 = DIRECTION('',(1.,0.,0.));
#2288 = ADVANCED_FACE('',(#2289,#2297),#2308,.F.);
#2289 = FACE_BOUND('',#2290,.F.);
#2290 = EDGE_LOOP('',(#2291,#2292,#2293,#2294,#2295,#2296));
#2291 = ORIENTED_EDGE('',*,*,#1270,.F.);
#2292 = ORIENTED_EDGE('',*,*,#1222,.F.);
#2293 = ORIENTED_EDGE('',*,*,#1253,.F.);
#2294 = ORIENTED_EDGE('',*,*,#1301,.F.);
#2295 = ORIENTED_EDGE('',*,*,#1342,.F.);
#2296 = ORIENTED_EDGE('',*,*,#1318,.F.);
#2297 = FACE_BOUND('',#2298,.F.);
#2298 = EDGE_LOOP('',(#2299));
#2299 = ORIENTED_EDGE('',*,*,#2300,.F.);
#2300 = EDGE_CURVE('',#2301,#2301,#2303,.T.);
#2301 = VERTEX_POINT('',#2302);
#2302 = CARTESIAN_POINT('',(45.1,120.,5.));
#2303 = CIRCLE('',#2304,1.6);
#2304 = AXIS2_PLACEMENT_3D('',#2305,#2306,#2307);
#2305 = CARTESIAN_POINT('',(43.5,120.,5.));
#2306 = DIRECTION('',(0.,0.,1.));
#2307 = DIRECTION('',(1.,0.,0.));
#2308 = PLANE('',#2309);
#2309 = AXIS2_PLACEMENT_3D('',#2310,#2311,#2312);
#2310 = CARTESIAN_POINT('',(61.214285455308,5.552820220105E+04,5.));
#2311 = DIRECTION('',(0.,0.,1.));
#2312 = DIRECTION('',(1.,0.,0.));
#2313 = ADVANCED_FACE('',(#2314),#2317,.F.);
#2314 = FACE_BOUND('',#2315,.T.);
#2315 = EDGE_LOOP('',(#2316));
#2316 = ORIENTED_EDGE('',*,*,#1366,.T.);
#2317 = PLANE('',#2318);
#2318 = AXIS2_PLACEMENT_3D('',#2319,#2320,#2321);
#2319 = CARTESIAN_POINT('',(55.,60.,2.5));
#2320 = DIRECTION('',(0.,0.,1.));
#2321 = DIRECTION('',(1.,0.,0.));
#2322 = ADVANCED_FACE('',(#2323,#2331),#2342,.F.);
#2323 = FACE_BOUND('',#2324,.F.);
#2324 = EDGE_LOOP('',(#2325,#2326,#2327,#2328,#2329,#2330));
#2325 = ORIENTED_EDGE('',*,*,#1439,.F.);
#2326 = ORIENTED_EDGE('',*,*,#1391,.F.);
#2327 = ORIENTED_EDGE('',*,*,#1422,.F.);
#2328 = ORIENTED_EDGE('',*,*,#1470,.F.);
#2329 = ORIENTED_EDGE('',*,*,#1511,.F.);
#2330 = ORIENTED_EDGE('',*,*,#1487,.F.);
#2331 = FACE_BOUND('',#2332,.F.);
#2332 = EDGE_LOOP('',(#2333));
#2333 = ORIENTED_EDGE('',*,*,#2334,.F.);
#2334 = EDGE_CURVE('',#2335,#2335,#2337,.T.);
#2335 = VERTEX_POINT('',#2336);
#2336 = CARTESIAN_POINT('',(68.1,120.,5.));
#2337 = CIRCLE('',#2338,1.6);
#2338 = AXIS2_PLACEMENT_3D('',#2339,#2340,#2341);
#2339 = CARTESIAN_POINT('',(66.5,120.,5.));
#2340 = DIRECTION('',(0.,0.,1.));
#2341 = DIRECTION('',(1.,0.,0.));
#2342 = PLANE('',#2343);
#2343 = AXIS2_PLACEMENT_3D('',#2344,#2345,#2346);
#2344 = CARTESIAN_POINT('',(61.214285455308,5.552820220105E+04,5.));
#2345 = DIRECTION('',(0.,0.,1.));
#2346 = DIRECTION('',(1.,0.,0.));
#2347 = ADVANCED_FACE('',(#2348,#2356),#2367,.F.);
#2348 = FACE_BOUND('',#2349,.F.);
#2349 = EDGE_LOOP('',(#2350,#2351,#2352,#2353,#2354,#2355));
#2350 = ORIENTED_EDGE('',*,*,#1583,.F.);
#2351 = ORIENTED_EDGE('',*,*,#1535,.F.);
#2352 = ORIENTED_EDGE('',*,*,#1566,.F.);
#2353 = ORIENTED_EDGE('',*,*,#1614,.F.);
#2354 = ORIENTED_EDGE('',*,*,#1655,.F.);
#2355 = ORIENTED_EDGE('',*,*,#1631,.F.);
#2356 = FACE_BOUND('',#2357,.F.);
#2357 = EDGE_LOOP('',(#2358));
#2358 = ORIENTED_EDGE('',*,*,#2359,.F.);
#2359 = EDGE_CURVE('',#2360,#2360,#2362,.T.);
#2360 = VERTEX_POINT('',#2361);
#2361 = CARTESIAN_POINT('',(84.1,119.,5.));
#2362 = CIRCLE('',#2363,1.6);
#2363 = AXIS2_PLACEMENT_3D('',#2364,#2365,#2366);
#2364 = CARTESIAN_POINT('',(82.5,119.,5.));
#2365 = DIRECTION('',(0.,0.,1.));
#2366 = DIRECTION('',(1.,0.,0.));
#2367 = PLANE('',#2368);
#2368 = AXIS2_PLACEMENT_3D('',#2369,#2370,#2371);
#2369 = CARTESIAN_POINT('',(61.214285455308,5.552820220105E+04,5.));
#2370 = DIRECTION('',(0.,0.,1.));
#2371 = DIRECTION('',(1.,0.,0.));
#2372 = ADVANCED_FACE('',(#2373,#2381),#2392,.F.);
#2373 = FACE_BOUND('',#2374,.F.);
#2374 = EDGE_LOOP('',(#2375,#2376,#2377,#2378,#2379,#2380));
#2375 = ORIENTED_EDGE('',*,*,#1727,.F.);
#2376 = ORIENTED_EDGE('',*,*,#1679,.F.);
#2377 = ORIENTED_EDGE('',*,*,#1710,.F.);
#2378 = ORIENTED_EDGE('',*,*,#1758,.F.);
#2379 = ORIENTED_EDGE('',*,*,#1799,.F.);
#2380 = ORIENTED_EDGE('',*,*,#1775,.F.);
#2381 = FACE_BOUND('',#2382,.F.);
#2382 = EDGE_LOOP('',(#2383));
#2383 = ORIENTED_EDGE('',*,*,#2384,.F.);
#2384 = EDGE_CURVE('',#2385,#2385,#2387,.T.);
#2385 = VERTEX_POINT('',#2386);
#2386 = CARTESIAN_POINT('',(100.1,120.,5.));
#2387 = CIRCLE('',#2388,1.6);
#2388 = AXIS2_PLACEMENT_3D('',#2389,#2390,#2391);
#2389 = CARTESIAN_POINT('',(98.5,120.,5.));
#2390 = DIRECTION('',(0.,0.,1.));
#2391 = DIRECTION('',(1.,0.,0.));
#2392 = PLANE('',#2393);
#2393 = AXIS2_PLACEMENT_3D('',#2394,#2395,#2396);
#2394 = CARTESIAN_POINT('',(61.214285455308,5.552820220105E+04,5.));
#2395 = DIRECTION('',(0.,0.,1.));
#2396 = DIRECTION('',(1.,0.,0.));
#2397 = ADVANCED_FACE('',(#2398),#2401,.T.);
#2398 = FACE_BOUND('',#2399,.T.);
#2399 = EDGE_LOOP('',(#2400));
#2400 = ORIENTED_EDGE('',*,*,#2033,.T.);
#2401 = PLANE('',#2402);
#2402 = AXIS2_PLACEMENT_3D('',#2403,#2404,#2405);
#2403 = CARTESIAN_POINT('',(55.,41.5,12.));
#2404 = DIRECTION('',(0.,0.,1.));
#2405 = DIRECTION('',(1.,0.,0.));
#2406 = ADVANCED_FACE('',(#2407),#2410,.T.);
#2407 = FACE_BOUND('',#2408,.T.);
#2408 = EDGE_LOOP('',(#2409));
#2409 = ORIENTED_EDGE('',*,*,#2058,.T.);
#2410 = PLANE('',#2411);
#2411 = AXIS2_PLACEMENT_3D('',#2412,#2413,#2414);
#2412 = CARTESIAN_POINT('',(55.,41.5,12.));
#2413 = DIRECTION('',(0.,0.,1.));
#2414 = DIRECTION('',(1.,0.,0.));
#2415 = ADVANCED_FACE('',(#2416),#2419,.T.);
#2416 = FACE_BOUND('',#2417,.T.);
#2417 = EDGE_LOOP('',(#2418));
#2418 = ORIENTED_EDGE('',*,*,#2083,.T.);
#2419 = PLANE('',#2420);
#2420 = AXIS2_PLACEMENT_3D('',#2421,#2422,#2423);
#2421 = CARTESIAN_POINT('',(55.,41.5,12.));
#2422 = DIRECTION('',(0.,0.,1.));
#2423 = DIRECTION('',(1.,0.,0.));
#2424 = ADVANCED_FACE('',(#2425),#2428,.T.);
#2425 = FACE_BOUND('',#2426,.T.);
#2426 = EDGE_LOOP('',(#2427));
#2427 = ORIENTED_EDGE('',*,*,#2108,.T.);
#2428 = PLANE('',#2429);
#2429 = AXIS2_PLACEMENT_3D('',#2430,#2431,#2432);
#2430 = CARTESIAN_POINT('',(55.,41.5,12.));
#2431 = DIRECTION('',(0.,0.,1.));
#2432 = DIRECTION('',(1.,0.,0.));
#2433 = ADVANCED_FACE('',(#2434),#2445,.F.);
#2434 = FACE_BOUND('',#2435,.F.);
#2435 = EDGE_LOOP('',(#2436,#2442,#2443,#2444));
#2436 = ORIENTED_EDGE('',*,*,#2437,.F.);
#2437 = EDGE_CURVE('',#2132,#2276,#2438,.T.);
#2438 = LINE('',#2439,#2440);
#2439 = CARTESIAN_POINT('',(29.1,119.,8.1));
#2440 = VECTOR('',#2441,1.);
#2441 = DIRECTION('',(-0.,-0.,-1.));
#2442 = ORIENTED_EDGE('',*,*,#2131,.F.);
#2443 = ORIENTED_EDGE('',*,*,#2437,.T.);
#2444 = ORIENTED_EDGE('',*,*,#2275,.T.);
#2445 = CYLINDRICAL_SURFACE('',#2446,1.6);
#2446 = AXIS2_PLACEMENT_3D('',#2447,#2448,#2449);
#2447 = CARTESIAN_POINT('',(27.5,119.,8.1));
#2448 = DIRECTION('',(0.,0.,1.));
#2449 = DIRECTION('',(1.,0.,0.));
#2450 = ADVANCED_FACE('',(#2451),#2462,.F.);
#2451 = FACE_BOUND('',#2452,.F.);
#2452 = EDGE_LOOP('',(#2453,#2459,#2460,#2461));
#2453 = ORIENTED_EDGE('',*,*,#2454,.F.);
#2454 = EDGE_CURVE('',#2143,#2251,#2455,.T.);
#2455 = LINE('',#2456,#2457);
#2456 = CARTESIAN_POINT('',(13.1,120.,8.1));
#2457 = VECTOR('',#2458,1.);
#2458 = DIRECTION('',(-0.,-0.,-1.));
#2459 = ORIENTED_EDGE('',*,*,#2142,.F.);
#2460 = ORIENTED_EDGE('',*,*,#2454,.T.);
#2461 = ORIENTED_EDGE('',*,*,#2250,.T.);
#2462 = CYLINDRICAL_SURFACE('',#2463,1.6);
#2463 = AXIS2_PLACEMENT_3D('',#2464,#2465,#2466);
#2464 = CARTESIAN_POINT('',(11.5,120.,8.1));
#2465 = DIRECTION('',(0.,0.,1.));
#2466 = DIRECTION('',(1.,0.,0.));
#2467 = ADVANCED_FACE('',(#2468),#2479,.F.);
#2468 = FACE_BOUND('',#2469,.F.);
#2469 = EDGE_LOOP('',(#2470,#2476,#2477,#2478));
#2470 = ORIENTED_EDGE('',*,*,#2471,.F.);
#2471 = EDGE_CURVE('',#2154,#2301,#2472,.T.);
#2472 = LINE('',#2473,#2474);
#2473 = CARTESIAN_POINT('',(45.1,120.,8.1));
#2474 = VECTOR('',#2475,1.);
#2475 = DIRECTION('',(-0.,-0.,-1.));
#2476 = ORIENTED_EDGE('',*,*,#2153,.F.);
#2477 = ORIENTED_EDGE('',*,*,#2471,.T.);
#2478 = ORIENTED_EDGE('',*,*,#2300,.T.);
#2479 = CYLINDRICAL_SURFACE('',#2480,1.6);
#2480 = AXIS2_PLACEMENT_3D('',#2481,#2482,#2483);
#2481 = CARTESIAN_POINT('',(43.5,120.,8.1));
#2482 = DIRECTION('',(0.,0.,1.));
#2483 = DIRECTION('',(1.,0.,0.));
#2484 = ADVANCED_FACE('',(#2485),#2496,.F.);
#2485 = FACE_BOUND('',#2486,.F.);
#2486 = EDGE_LOOP('',(#2487,#2493,#2494,#2495));
#2487 = ORIENTED_EDGE('',*,*,#2488,.F.);
#2488 = EDGE_CURVE('',#2177,#2360,#2489,.T.);
#2489 = LINE('',#2490,#2491);
#2490 = CARTESIAN_POINT('',(84.1,119.,8.1));
#2491 = VECTOR('',#2492,1.);
#2492 = DIRECTION('',(-0.,-0.,-1.));
#2493 = ORIENTED_EDGE('',*,*,#2176,.F.);
#2494 = ORIENTED_EDGE('',*,*,#2488,.T.);
#2495 = ORIENTED_EDGE('',*,*,#2359,.T.);
#2496 = CYLINDRICAL_SURFACE('',#2497,1.6);
#2497 = AXIS2_PLACEMENT_3D('',#2498,#2499,#2500);
#2498 = CARTESIAN_POINT('',(82.5,119.,8.1));
#2499 = DIRECTION('',(0.,0.,1.));
#2500 = DIRECTION('',(1.,0.,0.));
#2501 = ADVANCED_FACE('',(#2502),#2513,.F.);
#2502 = FACE_BOUND('',#2503,.F.);
#2503 = EDGE_LOOP('',(#2504,#2510,#2511,#2512));
#2504 = ORIENTED_EDGE('',*,*,#2505,.F.);
#2505 = EDGE_CURVE('',#2188,#2335,#2506,.T.);
#2506 = LINE('',#2507,#2508);
#2507 = CARTESIAN_POINT('',(68.1,120.,8.1));
#2508 = VECTOR('',#2509,1.);
#2509 = DIRECTION('',(-0.,-0.,-1.));
#2510 = ORIENTED_EDGE('',*,*,#2187,.F.);
#2511 = ORIENTED_EDGE('',*,*,#2505,.T.);
#2512 = ORIENTED_EDGE('',*,*,#2334,.T.);
#2513 = CYLINDRICAL_SURFACE('',#2514,1.6);
#2514 = AXIS2_PLACEMENT_3D('',#2515,#2516,#2517);
#2515 = CARTESIAN_POINT('',(66.5,120.,8.1));
#2516 = DIRECTION('',(0.,0.,1.));
#2517 = DIRECTION('',(1.,0.,0.));
#2518 = ADVANCED_FACE('',(#2519),#2530,.F.);
#2519 = FACE_BOUND('',#2520,.F.);
#2520 = EDGE_LOOP('',(#2521,#2527,#2528,#2529));
#2521 = ORIENTED_EDGE('',*,*,#2522,.F.);
#2522 = EDGE_CURVE('',#2199,#2385,#2523,.T.);
#2523 = LINE('',#2524,#2525);
#2524 = CARTESIAN_POINT('',(100.1,120.,8.1));
#2525 = VECTOR('',#2526,1.);
#2526 = DIRECTION('',(-0.,-0.,-1.));
#2527 = ORIENTED_EDGE('',*,*,#2198,.F.);
#2528 = ORIENTED_EDGE('',*,*,#2522,.T.);
#2529 = ORIENTED_EDGE('',*,*,#2384,.T.);
#2530 = CYLINDRICAL_SURFACE('',#2531,1.6);
#2531 = AXIS2_PLACEMENT_3D('',#2532,#2533,#2534);
#2532 = CARTESIAN_POINT('',(98.5,120.,8.1));
#2533 = DIRECTION('',(0.,0.,1.));
#2534 = DIRECTION('',(1.,0.,0.));
#2535 = ( GEOMETRIC_REPRESENTATION_CONTEXT(3) 
GLOBAL_UNCERTAINTY_ASSIGNED_CONTEXT((#2539)) 
GLOBAL_UNIT_ASSIGNED_CONTEXT((#2536,#2537,#2538)) REPRESENTATION_CONTEXT
('Context #1','3D Context with UNIT and UNCERTAINTY') );
#2536 = ( LENGTH_UNIT() NAMED_UNIT(*) SI_UNIT(.MILLI.,.METRE.) );
#2537 = ( NAMED_UNIT(*) PLANE_ANGLE_UNIT() SI_UNIT($,.RADIAN.) );
#2538 = ( NAMED_UNIT(*) SI_UNIT($,.STERADIAN.) SOLID_ANGLE_UNIT() );
#2539 = UNCERTAINTY_MEASURE_WITH_UNIT(LENGTH_MEASURE(1.E-07),#2536,
  'distance_accuracy_value','confusion accuracy');
#2540 = PRODUCT_RELATED_PRODUCT_CATEGORY('part',$,(#7));
#2541 = MECHANICAL_DESIGN_GEOMETRIC_PRESENTATION_REPRESENTATION('',(
    #2542),#2535);
#2542 = STYLED_ITEM('color',(#2543),#15);
#2543 = PRESENTATION_STYLE_ASSIGNMENT((#2544,#2552));
#2544 = SURFACE_STYLE_USAGE(.BOTH.,#2545);
#2545 = SURFACE_SIDE_STYLE('',(#2546,#2550));
#2546 = SURFACE_STYLE_FILL_AREA(#2547);
#2547 = FILL_AREA_STYLE('',(#2548));
#2548 = FILL_AREA_STYLE_COLOUR('',#2549);
#2549 = COLOUR_RGB('',0.800000010877,0.800000010877,0.800000010877);
#2550 = SURFACE_STYLE_RENDERING_WITH_PROPERTIES(.NORMAL_SHADING.,#2549,(
    #2551));
#2551 = SURFACE_STYLE_TRANSPARENT(0.5);
#2552 = CURVE_STYLE('',#2553,POSITIVE_LENGTH_MEASURE(0.1),#2554);
#2553 = DRAUGHTING_PRE_DEFINED_CURVE_FONT('continuous');
#2554 = COLOUR_RGB('',9.803921802644E-02,9.803921802644E-02,
  9.803921802644E-02);
ENDSEC;
END-ISO-10303-21;
