ISO-10303-21;
HEADER;
FILE_DESCRIPTION(('FreeCAD Model'),'2;1');
FILE_NAME('Open CASCADE Shape Model','2024-10-12T12:22:29',(''),(''),
  'Open CASCADE STEP processor 7.8','FreeCAD','Unknown');
FILE_SCHEMA(('AUTOMOTIVE_DESIGN { 1 0 10303 214 1 1 1 1 }'));
ENDSEC;
DATA;
#1 = APPLICATION_PROTOCOL_DEFINITION('international standard',
  'automotive_design',2000,#2);
#2 = APPLICATION_CONTEXT(
  'core data for automotive mechanical design processes');
#3 = SHAPE_DEFINITION_REPRESENTATION(#4,#10);
#4 = PRODUCT_DEFINITION_SHAPE('','',#5);
#5 = PRODUCT_DEFINITION('design','',#6,#9);
#6 = PRODUCT_DEFINITION_FORMATION('','',#7);
#7 = PRODUCT('Body','Body','',(#8));
#8 = PRODUCT_CONTEXT('',#2,'mechanical');
#9 = PRODUCT_DEFINITION_CONTEXT('part definition',#2,'design');
#10 = ADVANCED_BREP_SHAPE_REPRESENTATION('',(#11,#15),#2625);
#11 = AXIS2_PLACEMENT_3D('',#12,#13,#14);
#12 = CARTESIAN_POINT('',(0.,0.,0.));
#13 = DIRECTION('',(0.,0.,1.));
#14 = DIRECTION('',(1.,0.,-0.));
#15 = MANIFOLD_SOLID_BREP('',#16);
#16 = CLOSED_SHELL('',(#17,#89,#486,#510,#697,#721,#777,#794,#811,#869,
    #894,#919,#944,#969,#994,#1025,#1049,#1073,#1097,#1121,#1138,#1169,
    #1193,#1217,#1241,#1265,#1282,#1313,#1337,#1361,#1385,#1409,#1426,
    #1457,#1481,#1505,#1529,#1553,#1570,#1595,#1626,#1650,#1674,#1698,
    #1722,#1739,#1770,#1794,#1818,#1842,#1866,#1883,#1907,#1931,#1948,
    #1965,#1989,#2006,#2030,#2047,#2064,#2081,#2093,#2118,#2143,#2168,
    #2193,#2238,#2283,#2292,#2301,#2310,#2319,#2328,#2353,#2378,#2403,
    #2428,#2437,#2462,#2487,#2496,#2505,#2514,#2523,#2540,#2557,#2574,
    #2591,#2608));
#17 = ADVANCED_FACE('',(#18),#84,.F.);
#18 = FACE_BOUND('',#19,.F.);
#19 = EDGE_LOOP('',(#20,#30,#38,#46,#54,#62,#70,#78));
#20 = ORIENTED_EDGE('',*,*,#21,.F.);
#21 = EDGE_CURVE('',#22,#24,#26,.T.);
#22 = VERTEX_POINT('',#23);
#23 = CARTESIAN_POINT('',(0.,0.,0.));
#24 = VERTEX_POINT('',#25);
#25 = CARTESIAN_POINT('',(110.,0.,0.));
#26 = LINE('',#27,#28);
#27 = CARTESIAN_POINT('',(0.,0.,0.));
#28 = VECTOR('',#29,1.);
#29 = DIRECTION('',(1.,0.,0.));
#30 = ORIENTED_EDGE('',*,*,#31,.T.);
#31 = EDGE_CURVE('',#22,#32,#34,.T.);
#32 = VERTEX_POINT('',#33);
#33 = CARTESIAN_POINT('',(0.,0.,10.));
#34 = LINE('',#35,#36);
#35 = CARTESIAN_POINT('',(0.,0.,0.));
#36 = VECTOR('',#37,1.);
#37 = DIRECTION('',(0.,0.,1.));
#38 = ORIENTED_EDGE('',*,*,#39,.T.);
#39 = EDGE_CURVE('',#32,#40,#42,.T.);
#40 = VERTEX_POINT('',#41);
#41 = CARTESIAN_POINT('',(38.25,0.,10.));
#42 = LINE('',#43,#44);
#43 = CARTESIAN_POINT('',(0.,0.,10.));
#44 = VECTOR('',#45,1.);
#45 = DIRECTION('',(1.,0.,0.));
#46 = ORIENTED_EDGE('',*,*,#47,.T.);
#47 = EDGE_CURVE('',#40,#48,#50,.T.);
#48 = VERTEX_POINT('',#49);
#49 = CARTESIAN_POINT('',(38.25,0.,8.4));
#50 = LINE('',#51,#52);
#51 = CARTESIAN_POINT('',(38.25,0.,10.));
#52 = VECTOR('',#53,1.);
#53 = DIRECTION('',(-0.,-0.,-1.));
#54 = ORIENTED_EDGE('',*,*,#55,.T.);
#55 = EDGE_CURVE('',#48,#56,#58,.T.);
#56 = VERTEX_POINT('',#57);
#57 = CARTESIAN_POINT('',(71.75,0.,8.4));
#58 = LINE('',#59,#60);
#59 = CARTESIAN_POINT('',(38.25,0.,8.4));
#60 = VECTOR('',#61,1.);
#61 = DIRECTION('',(1.,0.,0.));
#62 = ORIENTED_EDGE('',*,*,#63,.F.);
#63 = EDGE_CURVE('',#64,#56,#66,.T.);
#64 = VERTEX_POINT('',#65);
#65 = CARTESIAN_POINT('',(71.75,0.,10.));
#66 = LINE('',#67,#68);
#67 = CARTESIAN_POINT('',(71.75,0.,10.));
#68 = VECTOR('',#69,1.);
#69 = DIRECTION('',(-0.,-0.,-1.));
#70 = ORIENTED_EDGE('',*,*,#71,.T.);
#71 = EDGE_CURVE('',#64,#72,#74,.T.);
#72 = VERTEX_POINT('',#73);
#73 = CARTESIAN_POINT('',(110.,0.,10.));
#74 = LINE('',#75,#76);
#75 = CARTESIAN_POINT('',(0.,0.,10.));
#76 = VECTOR('',#77,1.);
#77 = DIRECTION('',(1.,0.,0.));
#78 = ORIENTED_EDGE('',*,*,#79,.F.);
#79 = EDGE_CURVE('',#24,#72,#80,.T.);
#80 = LINE('',#81,#82);
#81 = CARTESIAN_POINT('',(110.,0.,0.));
#82 = VECTOR('',#83,1.);
#83 = DIRECTION('',(0.,0.,1.));
#84 = PLANE('',#85);
#85 = AXIS2_PLACEMENT_3D('',#86,#87,#88);
#86 = CARTESIAN_POINT('',(0.,0.,0.));
#87 = DIRECTION('',(0.,1.,0.));
#88 = DIRECTION('',(1.,0.,0.));
#89 = ADVANCED_FACE('',(#90,#115,#126,#137,#148,#159,#170,#220,#270,#320
    ,#370,#381,#431),#481,.F.);
#90 = FACE_BOUND('',#91,.F.);
#91 = EDGE_LOOP('',(#92,#93,#101,#109));
#92 = ORIENTED_EDGE('',*,*,#21,.T.);
#93 = ORIENTED_EDGE('',*,*,#94,.T.);
#94 = EDGE_CURVE('',#24,#95,#97,.T.);
#95 = VERTEX_POINT('',#96);
#96 = CARTESIAN_POINT('',(110.,150.,0.));
#97 = LINE('',#98,#99);
#98 = CARTESIAN_POINT('',(110.,0.,0.));
#99 = VECTOR('',#100,1.);
#100 = DIRECTION('',(0.,1.,0.));
#101 = ORIENTED_EDGE('',*,*,#102,.T.);
#102 = EDGE_CURVE('',#95,#103,#105,.T.);
#103 = VERTEX_POINT('',#104);
#104 = CARTESIAN_POINT('',(0.,150.,0.));
#105 = LINE('',#106,#107);
#106 = CARTESIAN_POINT('',(110.,150.,0.));
#107 = VECTOR('',#108,1.);
#108 = DIRECTION('',(-1.,0.,0.));
#109 = ORIENTED_EDGE('',*,*,#110,.T.);
#110 = EDGE_CURVE('',#103,#22,#111,.T.);
#111 = LINE('',#112,#113);
#112 = CARTESIAN_POINT('',(0.,150.,0.));
#113 = VECTOR('',#114,1.);
#114 = DIRECTION('',(0.,-1.,0.));
#115 = FACE_BOUND('',#116,.F.);
#116 = EDGE_LOOP('',(#117));
#117 = ORIENTED_EDGE('',*,*,#118,.T.);
#118 = EDGE_CURVE('',#119,#119,#121,.T.);
#119 = VERTEX_POINT('',#120);
#120 = CARTESIAN_POINT('',(40.,20.,0.));
#121 = CIRCLE('',#122,15.);
#122 = AXIS2_PLACEMENT_3D('',#123,#124,#125);
#123 = CARTESIAN_POINT('',(25.,20.,0.));
#124 = DIRECTION('',(0.,0.,-1.));
#125 = DIRECTION('',(1.,0.,0.));
#126 = FACE_BOUND('',#127,.F.);
#127 = EDGE_LOOP('',(#128));
#128 = ORIENTED_EDGE('',*,*,#129,.T.);
#129 = EDGE_CURVE('',#130,#130,#132,.T.);
#130 = VERTEX_POINT('',#131);
#131 = CARTESIAN_POINT('',(40.,70.,0.));
#132 = CIRCLE('',#133,15.);
#133 = AXIS2_PLACEMENT_3D('',#134,#135,#136);
#134 = CARTESIAN_POINT('',(25.,70.,0.));
#135 = DIRECTION('',(0.,0.,-1.));
#136 = DIRECTION('',(1.,0.,0.));
#137 = FACE_BOUND('',#138,.F.);
#138 = EDGE_LOOP('',(#139));
#139 = ORIENTED_EDGE('',*,*,#140,.T.);
#140 = EDGE_CURVE('',#141,#141,#143,.T.);
#141 = VERTEX_POINT('',#142);
#142 = CARTESIAN_POINT('',(100.,20.,0.));
#143 = CIRCLE('',#144,15.);
#144 = AXIS2_PLACEMENT_3D('',#145,#146,#147);
#145 = CARTESIAN_POINT('',(85.,20.,0.));
#146 = DIRECTION('',(0.,0.,-1.));
#147 = DIRECTION('',(1.,0.,0.));
#148 = FACE_BOUND('',#149,.F.);
#149 = EDGE_LOOP('',(#150));
#150 = ORIENTED_EDGE('',*,*,#151,.T.);
#151 = EDGE_CURVE('',#152,#152,#154,.T.);
#152 = VERTEX_POINT('',#153);
#153 = CARTESIAN_POINT('',(100.,70.,0.));
#154 = CIRCLE('',#155,15.);
#155 = AXIS2_PLACEMENT_3D('',#156,#157,#158);
#156 = CARTESIAN_POINT('',(85.,70.,0.));
#157 = DIRECTION('',(0.,0.,-1.));
#158 = DIRECTION('',(1.,0.,0.));
#159 = FACE_BOUND('',#160,.F.);
#160 = EDGE_LOOP('',(#161));
#161 = ORIENTED_EDGE('',*,*,#162,.T.);
#162 = EDGE_CURVE('',#163,#163,#165,.T.);
#163 = VERTEX_POINT('',#164);
#164 = CARTESIAN_POINT('',(40.,120.,0.));
#165 = CIRCLE('',#166,15.);
#166 = AXIS2_PLACEMENT_3D('',#167,#168,#169);
#167 = CARTESIAN_POINT('',(25.,120.,0.));
#168 = DIRECTION('',(0.,0.,-1.));
#169 = DIRECTION('',(1.,0.,0.));
#170 = FACE_BOUND('',#171,.F.);
#171 = EDGE_LOOP('',(#172,#182,#190,#198,#206,#214));
#172 = ORIENTED_EDGE('',*,*,#173,.T.);
#173 = EDGE_CURVE('',#174,#176,#178,.T.);
#174 = VERTEX_POINT('',#175);
#175 = CARTESIAN_POINT('',(13.125,147.81458256229,0.));
#176 = VERTEX_POINT('',#177);
#177 = CARTESIAN_POINT('',(14.75,145.,0.));
#178 = LINE('',#179,#180);
#179 = CARTESIAN_POINT('',(13.125,147.81458256229,0.));
#180 = VECTOR('',#181,1.);
#181 = DIRECTION('',(0.5,-0.866025403784,0.));
#182 = ORIENTED_EDGE('',*,*,#183,.T.);
#183 = EDGE_CURVE('',#176,#184,#186,.T.);
#184 = VERTEX_POINT('',#185);
#185 = CARTESIAN_POINT('',(13.125,142.1854174377,0.));
#186 = LINE('',#187,#188);
#187 = CARTESIAN_POINT('',(14.75,145.,0.));
#188 = VECTOR('',#189,1.);
#189 = DIRECTION('',(-0.5,-0.866025403784,0.));
#190 = ORIENTED_EDGE('',*,*,#191,.T.);
#191 = EDGE_CURVE('',#184,#192,#194,.T.);
#192 = VERTEX_POINT('',#193);
#193 = CARTESIAN_POINT('',(9.875,142.1854174377,0.));
#194 = LINE('',#195,#196);
#195 = CARTESIAN_POINT('',(13.125,142.1854174377,0.));
#196 = VECTOR('',#197,1.);
#197 = DIRECTION('',(-1.,0.,0.));
#198 = ORIENTED_EDGE('',*,*,#199,.T.);
#199 = EDGE_CURVE('',#192,#200,#202,.T.);
#200 = VERTEX_POINT('',#201);
#201 = CARTESIAN_POINT('',(8.25,145.,0.));
#202 = LINE('',#203,#204);
#203 = CARTESIAN_POINT('',(9.875,142.1854174377,0.));
#204 = VECTOR('',#205,1.);
#205 = DIRECTION('',(-0.5,0.866025403784,-0.));
#206 = ORIENTED_EDGE('',*,*,#207,.T.);
#207 = EDGE_CURVE('',#200,#208,#210,.T.);
#208 = VERTEX_POINT('',#209);
#209 = CARTESIAN_POINT('',(9.875,147.81458256229,0.));
#210 = LINE('',#211,#212);
#211 = CARTESIAN_POINT('',(8.25,145.,0.));
#212 = VECTOR('',#213,1.);
#213 = DIRECTION('',(0.5,0.866025403784,0.));
#214 = ORIENTED_EDGE('',*,*,#215,.T.);
#215 = EDGE_CURVE('',#208,#174,#216,.T.);
#216 = LINE('',#217,#218);
#217 = CARTESIAN_POINT('',(9.875,147.81458256229,0.));
#218 = VECTOR('',#219,1.);
#219 = DIRECTION('',(1.,0.,0.));
#220 = FACE_BOUND('',#221,.F.);
#221 = EDGE_LOOP('',(#222,#232,#240,#248,#256,#264));
#222 = ORIENTED_EDGE('',*,*,#223,.T.);
#223 = EDGE_CURVE('',#224,#226,#228,.T.);
#224 = VERTEX_POINT('',#225);
#225 = CARTESIAN_POINT('',(29.125,146.81458256229,0.));
#226 = VERTEX_POINT('',#227);
#227 = CARTESIAN_POINT('',(30.75,144.,0.));
#228 = LINE('',#229,#230);
#229 = CARTESIAN_POINT('',(29.125,146.81458256229,0.));
#230 = VECTOR('',#231,1.);
#231 = DIRECTION('',(0.5,-0.866025403784,0.));
#232 = ORIENTED_EDGE('',*,*,#233,.T.);
#233 = EDGE_CURVE('',#226,#234,#236,.T.);
#234 = VERTEX_POINT('',#235);
#235 = CARTESIAN_POINT('',(29.125,141.1854174377,0.));
#236 = LINE('',#237,#238);
#237 = CARTESIAN_POINT('',(30.75,144.,0.));
#238 = VECTOR('',#239,1.);
#239 = DIRECTION('',(-0.5,-0.866025403784,0.));
#240 = ORIENTED_EDGE('',*,*,#241,.T.);
#241 = EDGE_CURVE('',#234,#242,#244,.T.);
#242 = VERTEX_POINT('',#243);
#243 = CARTESIAN_POINT('',(25.875,141.1854174377,0.));
#244 = LINE('',#245,#246);
#245 = CARTESIAN_POINT('',(29.125,141.1854174377,0.));
#246 = VECTOR('',#247,1.);
#247 = DIRECTION('',(-1.,0.,0.));
#248 = ORIENTED_EDGE('',*,*,#249,.T.);
#249 = EDGE_CURVE('',#242,#250,#252,.T.);
#250 = VERTEX_POINT('',#251);
#251 = CARTESIAN_POINT('',(24.25,144.,0.));
#252 = LINE('',#253,#254);
#253 = CARTESIAN_POINT('',(25.875,141.1854174377,0.));
#254 = VECTOR('',#255,1.);
#255 = DIRECTION('',(-0.5,0.866025403784,-0.));
#256 = ORIENTED_EDGE('',*,*,#257,.T.);
#257 = EDGE_CURVE('',#250,#258,#260,.T.);
#258 = VERTEX_POINT('',#259);
#259 = CARTESIAN_POINT('',(25.875,146.81458256229,0.));
#260 = LINE('',#261,#262);
#261 = CARTESIAN_POINT('',(24.25,144.,0.));
#262 = VECTOR('',#263,1.);
#263 = DIRECTION('',(0.5,0.866025403784,0.));
#264 = ORIENTED_EDGE('',*,*,#265,.T.);
#265 = EDGE_CURVE('',#258,#224,#266,.T.);
#266 = LINE('',#267,#268);
#267 = CARTESIAN_POINT('',(25.875,146.81458256229,0.));
#268 = VECTOR('',#269,1.);
#269 = DIRECTION('',(1.,0.,0.));
#270 = FACE_BOUND('',#271,.F.);
#271 = EDGE_LOOP('',(#272,#282,#290,#298,#306,#314));
#272 = ORIENTED_EDGE('',*,*,#273,.T.);
#273 = EDGE_CURVE('',#274,#276,#278,.T.);
#274 = VERTEX_POINT('',#275);
#275 = CARTESIAN_POINT('',(45.125,147.81458256229,0.));
#276 = VERTEX_POINT('',#277);
#277 = CARTESIAN_POINT('',(46.75,145.,0.));
#278 = LINE('',#279,#280);
#279 = CARTESIAN_POINT('',(45.125,147.81458256229,0.));
#280 = VECTOR('',#281,1.);
#281 = DIRECTION('',(0.5,-0.866025403784,0.));
#282 = ORIENTED_EDGE('',*,*,#283,.T.);
#283 = EDGE_CURVE('',#276,#284,#286,.T.);
#284 = VERTEX_POINT('',#285);
#285 = CARTESIAN_POINT('',(45.125,142.1854174377,0.));
#286 = LINE('',#287,#288);
#287 = CARTESIAN_POINT('',(46.75,145.,0.));
#288 = VECTOR('',#289,1.);
#289 = DIRECTION('',(-0.5,-0.866025403784,0.));
#290 = ORIENTED_EDGE('',*,*,#291,.T.);
#291 = EDGE_CURVE('',#284,#292,#294,.T.);
#292 = VERTEX_POINT('',#293);
#293 = CARTESIAN_POINT('',(41.875,142.1854174377,0.));
#294 = LINE('',#295,#296);
#295 = CARTESIAN_POINT('',(45.125,142.1854174377,0.));
#296 = VECTOR('',#297,1.);
#297 = DIRECTION('',(-1.,0.,0.));
#298 = ORIENTED_EDGE('',*,*,#299,.T.);
#299 = EDGE_CURVE('',#292,#300,#302,.T.);
#300 = VERTEX_POINT('',#301);
#301 = CARTESIAN_POINT('',(40.25,145.,0.));
#302 = LINE('',#303,#304);
#303 = CARTESIAN_POINT('',(41.875,142.1854174377,0.));
#304 = VECTOR('',#305,1.);
#305 = DIRECTION('',(-0.5,0.866025403784,-0.));
#306 = ORIENTED_EDGE('',*,*,#307,.T.);
#307 = EDGE_CURVE('',#300,#308,#310,.T.);
#308 = VERTEX_POINT('',#309);
#309 = CARTESIAN_POINT('',(41.875,147.81458256229,0.));
#310 = LINE('',#311,#312);
#311 = CARTESIAN_POINT('',(40.25,145.,0.));
#312 = VECTOR('',#313,1.);
#313 = DIRECTION('',(0.5,0.866025403784,0.));
#314 = ORIENTED_EDGE('',*,*,#315,.T.);
#315 = EDGE_CURVE('',#308,#274,#316,.T.);
#316 = LINE('',#317,#318);
#317 = CARTESIAN_POINT('',(41.875,147.81458256229,0.));
#318 = VECTOR('',#319,1.);
#319 = DIRECTION('',(1.,0.,0.));
#320 = FACE_BOUND('',#321,.F.);
#321 = EDGE_LOOP('',(#322,#332,#340,#348,#356,#364));
#322 = ORIENTED_EDGE('',*,*,#323,.T.);
#323 = EDGE_CURVE('',#324,#326,#328,.T.);
#324 = VERTEX_POINT('',#325);
#325 = CARTESIAN_POINT('',(68.125,147.8145825623,0.));
#326 = VERTEX_POINT('',#327);
#327 = CARTESIAN_POINT('',(69.750000000002,144.99999999999,0.));
#328 = LINE('',#329,#330);
#329 = CARTESIAN_POINT('',(68.125,147.8145825623,0.));
#330 = VECTOR('',#331,1.);
#331 = DIRECTION('',(0.5,-0.866025403784,0.));
#332 = ORIENTED_EDGE('',*,*,#333,.T.);
#333 = EDGE_CURVE('',#326,#334,#336,.T.);
#334 = VERTEX_POINT('',#335);
#335 = CARTESIAN_POINT('',(68.124999999999,142.18541743769,0.));
#336 = LINE('',#337,#338);
#337 = CARTESIAN_POINT('',(69.750000000002,144.99999999999,0.));
#338 = VECTOR('',#339,1.);
#339 = DIRECTION('',(-0.500000000001,-0.866025403784,0.));
#340 = ORIENTED_EDGE('',*,*,#341,.T.);
#341 = EDGE_CURVE('',#334,#342,#344,.T.);
#342 = VERTEX_POINT('',#343);
#343 = CARTESIAN_POINT('',(64.874999999999,142.18541743769,0.));
#344 = LINE('',#345,#346);
#345 = CARTESIAN_POINT('',(68.124999999999,142.18541743769,0.));
#346 = VECTOR('',#347,1.);
#347 = DIRECTION('',(-1.,2.273736754432E-13,-0.));
#348 = ORIENTED_EDGE('',*,*,#349,.T.);
#349 = EDGE_CURVE('',#342,#350,#352,.T.);
#350 = VERTEX_POINT('',#351);
#351 = CARTESIAN_POINT('',(63.249999999998,144.99999999999,0.));
#352 = LINE('',#353,#354);
#353 = CARTESIAN_POINT('',(64.874999999999,142.18541743769,0.));
#354 = VECTOR('',#355,1.);
#355 = DIRECTION('',(-0.5,0.866025403784,-0.));
#356 = ORIENTED_EDGE('',*,*,#357,.T.);
#357 = EDGE_CURVE('',#350,#358,#360,.T.);
#358 = VERTEX_POINT('',#359);
#359 = CARTESIAN_POINT('',(64.875,147.8145825623,0.));
#360 = LINE('',#361,#362);
#361 = CARTESIAN_POINT('',(63.249999999998,144.99999999999,0.));
#362 = VECTOR('',#363,1.);
#363 = DIRECTION('',(0.5,0.866025403784,0.));
#364 = ORIENTED_EDGE('',*,*,#365,.T.);
#365 = EDGE_CURVE('',#358,#324,#366,.T.);
#366 = LINE('',#367,#368);
#367 = CARTESIAN_POINT('',(64.875,147.8145825623,0.));
#368 = VECTOR('',#369,1.);
#369 = DIRECTION('',(1.,0.,0.));
#370 = FACE_BOUND('',#371,.F.);
#371 = EDGE_LOOP('',(#372));
#372 = ORIENTED_EDGE('',*,*,#373,.T.);
#373 = EDGE_CURVE('',#374,#374,#376,.T.);
#374 = VERTEX_POINT('',#375);
#375 = CARTESIAN_POINT('',(100.,120.,0.));
#376 = CIRCLE('',#377,15.);
#377 = AXIS2_PLACEMENT_3D('',#378,#379,#380);
#378 = CARTESIAN_POINT('',(85.,120.,0.));
#379 = DIRECTION('',(0.,0.,-1.));
#380 = DIRECTION('',(1.,0.,0.));
#381 = FACE_BOUND('',#382,.F.);
#382 = EDGE_LOOP('',(#383,#393,#401,#409,#417,#425));
#383 = ORIENTED_EDGE('',*,*,#384,.T.);
#384 = EDGE_CURVE('',#385,#387,#389,.T.);
#385 = VERTEX_POINT('',#386);
#386 = CARTESIAN_POINT('',(84.125,146.81458256229,0.));
#387 = VERTEX_POINT('',#388);
#388 = CARTESIAN_POINT('',(85.75,144.,0.));
#389 = LINE('',#390,#391);
#390 = CARTESIAN_POINT('',(84.125,146.81458256229,0.));
#391 = VECTOR('',#392,1.);
#392 = DIRECTION('',(0.5,-0.866025403784,0.));
#393 = ORIENTED_EDGE('',*,*,#394,.T.);
#394 = EDGE_CURVE('',#387,#395,#397,.T.);
#395 = VERTEX_POINT('',#396);
#396 = CARTESIAN_POINT('',(84.125,141.1854174377,0.));
#397 = LINE('',#398,#399);
#398 = CARTESIAN_POINT('',(85.75,144.,0.));
#399 = VECTOR('',#400,1.);
#400 = DIRECTION('',(-0.5,-0.866025403784,0.));
#401 = ORIENTED_EDGE('',*,*,#402,.T.);
#402 = EDGE_CURVE('',#395,#403,#405,.T.);
#403 = VERTEX_POINT('',#404);
#404 = CARTESIAN_POINT('',(80.875,141.1854174377,0.));
#405 = LINE('',#406,#407);
#406 = CARTESIAN_POINT('',(84.125,141.1854174377,0.));
#407 = VECTOR('',#408,1.);
#408 = DIRECTION('',(-1.,0.,0.));
#409 = ORIENTED_EDGE('',*,*,#410,.T.);
#410 = EDGE_CURVE('',#403,#411,#413,.T.);
#411 = VERTEX_POINT('',#412);
#412 = CARTESIAN_POINT('',(79.25,144.,0.));
#413 = LINE('',#414,#415);
#414 = CARTESIAN_POINT('',(80.875,141.1854174377,0.));
#415 = VECTOR('',#416,1.);
#416 = DIRECTION('',(-0.5,0.866025403784,-0.));
#417 = ORIENTED_EDGE('',*,*,#418,.T.);
#418 = EDGE_CURVE('',#411,#419,#421,.T.);
#419 = VERTEX_POINT('',#420);
#420 = CARTESIAN_POINT('',(80.875,146.81458256229,0.));
#421 = LINE('',#422,#423);
#422 = CARTESIAN_POINT('',(79.25,144.,0.));
#423 = VECTOR('',#424,1.);
#424 = DIRECTION('',(0.5,0.866025403784,0.));
#425 = ORIENTED_EDGE('',*,*,#426,.T.);
#426 = EDGE_CURVE('',#419,#385,#427,.T.);
#427 = LINE('',#428,#429);
#428 = CARTESIAN_POINT('',(80.875,146.81458256229,0.));
#429 = VECTOR('',#430,1.);
#430 = DIRECTION('',(1.,0.,0.));
#431 = FACE_BOUND('',#432,.F.);
#432 = EDGE_LOOP('',(#433,#443,#451,#459,#467,#475));
#433 = ORIENTED_EDGE('',*,*,#434,.T.);
#434 = EDGE_CURVE('',#435,#437,#439,.T.);
#435 = VERTEX_POINT('',#436);
#436 = CARTESIAN_POINT('',(100.125,147.81458256229,0.));
#437 = VERTEX_POINT('',#438);
#438 = CARTESIAN_POINT('',(101.75,145.,0.));
#439 = LINE('',#440,#441);
#440 = CARTESIAN_POINT('',(100.125,147.81458256229,0.));
#441 = VECTOR('',#442,1.);
#442 = DIRECTION('',(0.5,-0.866025403784,0.));
#443 = ORIENTED_EDGE('',*,*,#444,.T.);
#444 = EDGE_CURVE('',#437,#445,#447,.T.);
#445 = VERTEX_POINT('',#446);
#446 = CARTESIAN_POINT('',(100.125,142.1854174377,0.));
#447 = LINE('',#448,#449);
#448 = CARTESIAN_POINT('',(101.75,145.,0.));
#449 = VECTOR('',#450,1.);
#450 = DIRECTION('',(-0.5,-0.866025403784,0.));
#451 = ORIENTED_EDGE('',*,*,#452,.T.);
#452 = EDGE_CURVE('',#445,#453,#455,.T.);
#453 = VERTEX_POINT('',#454);
#454 = CARTESIAN_POINT('',(96.875,142.1854174377,0.));
#455 = LINE('',#456,#457);
#456 = CARTESIAN_POINT('',(100.125,142.1854174377,0.));
#457 = VECTOR('',#458,1.);
#458 = DIRECTION('',(-1.,0.,0.));
#459 = ORIENTED_EDGE('',*,*,#460,.T.);
#460 = EDGE_CURVE('',#453,#461,#463,.T.);
#461 = VERTEX_POINT('',#462);
#462 = CARTESIAN_POINT('',(95.25,145.,0.));
#463 = LINE('',#464,#465);
#464 = CARTESIAN_POINT('',(96.875,142.1854174377,0.));
#465 = VECTOR('',#466,1.);
#466 = DIRECTION('',(-0.5,0.866025403784,-0.));
#467 = ORIENTED_EDGE('',*,*,#468,.T.);
#468 = EDGE_CURVE('',#461,#469,#471,.T.);
#469 = VERTEX_POINT('',#470);
#470 = CARTESIAN_POINT('',(96.875,147.81458256229,0.));
#471 = LINE('',#472,#473);
#472 = CARTESIAN_POINT('',(95.25,145.,0.));
#473 = VECTOR('',#474,1.);
#474 = DIRECTION('',(0.5,0.866025403784,0.));
#475 = ORIENTED_EDGE('',*,*,#476,.T.);
#476 = EDGE_CURVE('',#469,#435,#477,.T.);
#477 = LINE('',#478,#479);
#478 = CARTESIAN_POINT('',(96.875,147.81458256229,0.));
#479 = VECTOR('',#480,1.);
#480 = DIRECTION('',(1.,0.,0.));
#481 = PLANE('',#482);
#482 = AXIS2_PLACEMENT_3D('',#483,#484,#485);
#483 = CARTESIAN_POINT('',(55.,75.,0.));
#484 = DIRECTION('',(0.,0.,1.));
#485 = DIRECTION('',(1.,0.,0.));
#486 = ADVANCED_FACE('',(#487),#505,.F.);
#487 = FACE_BOUND('',#488,.F.);
#488 = EDGE_LOOP('',(#489,#490,#498,#504));
#489 = ORIENTED_EDGE('',*,*,#79,.T.);
#490 = ORIENTED_EDGE('',*,*,#491,.T.);
#491 = EDGE_CURVE('',#72,#492,#494,.T.);
#492 = VERTEX_POINT('',#493);
#493 = CARTESIAN_POINT('',(110.,150.,10.));
#494 = LINE('',#495,#496);
#495 = CARTESIAN_POINT('',(110.,0.,10.));
#496 = VECTOR('',#497,1.);
#497 = DIRECTION('',(0.,1.,0.));
#498 = ORIENTED_EDGE('',*,*,#499,.F.);
#499 = EDGE_CURVE('',#95,#492,#500,.T.);
#500 = LINE('',#501,#502);
#501 = CARTESIAN_POINT('',(110.,150.,0.));
#502 = VECTOR('',#503,1.);
#503 = DIRECTION('',(0.,0.,1.));
#504 = ORIENTED_EDGE('',*,*,#94,.F.);
#505 = PLANE('',#506);
#506 = AXIS2_PLACEMENT_3D('',#507,#508,#509);
#507 = CARTESIAN_POINT('',(110.,0.,0.));
#508 = DIRECTION('',(-1.,0.,0.));
#509 = DIRECTION('',(0.,1.,0.));
#510 = ADVANCED_FACE('',(#511,#648,#659,#670,#681),#692,.T.);
#511 = FACE_BOUND('',#512,.T.);
#512 = EDGE_LOOP('',(#513,#523,#529,#530,#538,#546,#554,#562,#570,#578,
    #584,#585,#586,#594,#602,#610,#618,#626,#634,#642));
#513 = ORIENTED_EDGE('',*,*,#514,.T.);
#514 = EDGE_CURVE('',#515,#517,#519,.T.);
#515 = VERTEX_POINT('',#516);
#516 = CARTESIAN_POINT('',(5.,150.,10.));
#517 = VERTEX_POINT('',#518);
#518 = CARTESIAN_POINT('',(0.,150.,10.));
#519 = LINE('',#520,#521);
#520 = CARTESIAN_POINT('',(110.,150.,10.));
#521 = VECTOR('',#522,1.);
#522 = DIRECTION('',(-1.,0.,0.));
#523 = ORIENTED_EDGE('',*,*,#524,.T.);
#524 = EDGE_CURVE('',#517,#32,#525,.T.);
#525 = LINE('',#526,#527);
#526 = CARTESIAN_POINT('',(0.,150.,10.));
#527 = VECTOR('',#528,1.);
#528 = DIRECTION('',(0.,-1.,0.));
#529 = ORIENTED_EDGE('',*,*,#39,.T.);
#530 = ORIENTED_EDGE('',*,*,#531,.T.);
#531 = EDGE_CURVE('',#40,#532,#534,.T.);
#532 = VERTEX_POINT('',#533);
#533 = CARTESIAN_POINT('',(38.25,20.,10.));
#534 = LINE('',#535,#536);
#535 = CARTESIAN_POINT('',(38.25,0.,10.));
#536 = VECTOR('',#537,1.);
#537 = DIRECTION('',(0.,1.,0.));
#538 = ORIENTED_EDGE('',*,*,#539,.T.);
#539 = EDGE_CURVE('',#532,#540,#542,.T.);
#540 = VERTEX_POINT('',#541);
#541 = CARTESIAN_POINT('',(23.25,20.,10.));
#542 = LINE('',#543,#544);
#543 = CARTESIAN_POINT('',(38.25,20.,10.));
#544 = VECTOR('',#545,1.);
#545 = DIRECTION('',(-1.,0.,0.));
#546 = ORIENTED_EDGE('',*,*,#547,.T.);
#547 = EDGE_CURVE('',#540,#548,#550,.T.);
#548 = VERTEX_POINT('',#549);
#549 = CARTESIAN_POINT('',(23.25,92.5,10.));
#550 = LINE('',#551,#552);
#551 = CARTESIAN_POINT('',(23.25,20.,10.));
#552 = VECTOR('',#553,1.);
#553 = DIRECTION('',(0.,1.,0.));
#554 = ORIENTED_EDGE('',*,*,#555,.T.);
#555 = EDGE_CURVE('',#548,#556,#558,.T.);
#556 = VERTEX_POINT('',#557);
#557 = CARTESIAN_POINT('',(86.75,92.5,10.));
#558 = LINE('',#559,#560);
#559 = CARTESIAN_POINT('',(23.25,92.5,10.));
#560 = VECTOR('',#561,1.);
#561 = DIRECTION('',(1.,0.,0.));
#562 = ORIENTED_EDGE('',*,*,#563,.T.);
#563 = EDGE_CURVE('',#556,#564,#566,.T.);
#564 = VERTEX_POINT('',#565);
#565 = CARTESIAN_POINT('',(86.75,20.,10.));
#566 = LINE('',#567,#568);
#567 = CARTESIAN_POINT('',(86.75,92.5,10.));
#568 = VECTOR('',#569,1.);
#569 = DIRECTION('',(0.,-1.,0.));
#570 = ORIENTED_EDGE('',*,*,#571,.T.);
#571 = EDGE_CURVE('',#564,#572,#574,.T.);
#572 = VERTEX_POINT('',#573);
#573 = CARTESIAN_POINT('',(71.75,20.,10.));
#574 = LINE('',#575,#576);
#575 = CARTESIAN_POINT('',(86.75,20.,10.));
#576 = VECTOR('',#577,1.);
#577 = DIRECTION('',(-1.,0.,0.));
#578 = ORIENTED_EDGE('',*,*,#579,.T.);
#579 = EDGE_CURVE('',#572,#64,#580,.T.);
#580 = LINE('',#581,#582);
#581 = CARTESIAN_POINT('',(71.75,20.,10.));
#582 = VECTOR('',#583,1.);
#583 = DIRECTION('',(0.,-1.,0.));
#584 = ORIENTED_EDGE('',*,*,#71,.T.);
#585 = ORIENTED_EDGE('',*,*,#491,.T.);
#586 = ORIENTED_EDGE('',*,*,#587,.T.);
#587 = EDGE_CURVE('',#492,#588,#590,.T.);
#588 = VERTEX_POINT('',#589);
#589 = CARTESIAN_POINT('',(105.,150.,10.));
#590 = LINE('',#591,#592);
#591 = CARTESIAN_POINT('',(110.,150.,10.));
#592 = VECTOR('',#593,1.);
#593 = DIRECTION('',(-1.,0.,0.));
#594 = ORIENTED_EDGE('',*,*,#595,.T.);
#595 = EDGE_CURVE('',#588,#596,#598,.T.);
#596 = VERTEX_POINT('',#597);
#597 = CARTESIAN_POINT('',(105.,138.,10.));
#598 = LINE('',#599,#600);
#599 = CARTESIAN_POINT('',(105.,150.,10.));
#600 = VECTOR('',#601,1.);
#601 = DIRECTION('',(0.,-1.,0.));
#602 = ORIENTED_EDGE('',*,*,#603,.T.);
#603 = EDGE_CURVE('',#596,#604,#606,.T.);
#604 = VERTEX_POINT('',#605);
#605 = CARTESIAN_POINT('',(60.,138.,10.));
#606 = LINE('',#607,#608);
#607 = CARTESIAN_POINT('',(105.,138.,10.));
#608 = VECTOR('',#609,1.);
#609 = DIRECTION('',(-1.,0.,0.));
#610 = ORIENTED_EDGE('',*,*,#611,.T.);
#611 = EDGE_CURVE('',#604,#612,#614,.T.);
#612 = VERTEX_POINT('',#613);
#613 = CARTESIAN_POINT('',(60.,150.,10.));
#614 = LINE('',#615,#616);
#615 = CARTESIAN_POINT('',(60.,138.,10.));
#616 = VECTOR('',#617,1.);
#617 = DIRECTION('',(0.,1.,0.));
#618 = ORIENTED_EDGE('',*,*,#619,.T.);
#619 = EDGE_CURVE('',#612,#620,#622,.T.);
#620 = VERTEX_POINT('',#621);
#621 = CARTESIAN_POINT('',(50.,150.,10.));
#622 = LINE('',#623,#624);
#623 = CARTESIAN_POINT('',(110.,150.,10.));
#624 = VECTOR('',#625,1.);
#625 = DIRECTION('',(-1.,0.,0.));
#626 = ORIENTED_EDGE('',*,*,#627,.T.);
#627 = EDGE_CURVE('',#620,#628,#630,.T.);
#628 = VERTEX_POINT('',#629);
#629 = CARTESIAN_POINT('',(50.,138.,10.));
#630 = LINE('',#631,#632);
#631 = CARTESIAN_POINT('',(50.,150.,10.));
#632 = VECTOR('',#633,1.);
#633 = DIRECTION('',(0.,-1.,0.));
#634 = ORIENTED_EDGE('',*,*,#635,.T.);
#635 = EDGE_CURVE('',#628,#636,#638,.T.);
#636 = VERTEX_POINT('',#637);
#637 = CARTESIAN_POINT('',(5.,138.,10.));
#638 = LINE('',#639,#640);
#639 = CARTESIAN_POINT('',(50.,138.,10.));
#640 = VECTOR('',#641,1.);
#641 = DIRECTION('',(-1.,0.,0.));
#642 = ORIENTED_EDGE('',*,*,#643,.T.);
#643 = EDGE_CURVE('',#636,#515,#644,.T.);
#644 = LINE('',#645,#646);
#645 = CARTESIAN_POINT('',(5.,138.,10.));
#646 = VECTOR('',#647,1.);
#647 = DIRECTION('',(0.,1.,0.));
#648 = FACE_BOUND('',#649,.T.);
#649 = EDGE_LOOP('',(#650));
#650 = ORIENTED_EDGE('',*,*,#651,.F.);
#651 = EDGE_CURVE('',#652,#652,#654,.T.);
#652 = VERTEX_POINT('',#653);
#653 = CARTESIAN_POINT('',(12.2,25.,10.));
#654 = CIRCLE('',#655,2.2);
#655 = AXIS2_PLACEMENT_3D('',#656,#657,#658);
#656 = CARTESIAN_POINT('',(10.,25.,10.));
#657 = DIRECTION('',(0.,0.,1.));
#658 = DIRECTION('',(1.,0.,0.));
#659 = FACE_BOUND('',#660,.T.);
#660 = EDGE_LOOP('',(#661));
#661 = ORIENTED_EDGE('',*,*,#662,.F.);
#662 = EDGE_CURVE('',#663,#663,#665,.T.);
#663 = VERTEX_POINT('',#664);
#664 = CARTESIAN_POINT('',(102.2,25.,10.));
#665 = CIRCLE('',#666,2.2);
#666 = AXIS2_PLACEMENT_3D('',#667,#668,#669);
#667 = CARTESIAN_POINT('',(100.,25.,10.));
#668 = DIRECTION('',(0.,0.,1.));
#669 = DIRECTION('',(1.,0.,0.));
#670 = FACE_BOUND('',#671,.T.);
#671 = EDGE_LOOP('',(#672));
#672 = ORIENTED_EDGE('',*,*,#673,.F.);
#673 = EDGE_CURVE('',#674,#674,#676,.T.);
#674 = VERTEX_POINT('',#675);
#675 = CARTESIAN_POINT('',(12.2,83.,10.));
#676 = CIRCLE('',#677,2.2);
#677 = AXIS2_PLACEMENT_3D('',#678,#679,#680);
#678 = CARTESIAN_POINT('',(10.,83.,10.));
#679 = DIRECTION('',(0.,0.,1.));
#680 = DIRECTION('',(1.,0.,0.));
#681 = FACE_BOUND('',#682,.T.);
#682 = EDGE_LOOP('',(#683));
#683 = ORIENTED_EDGE('',*,*,#684,.F.);
#684 = EDGE_CURVE('',#685,#685,#687,.T.);
#685 = VERTEX_POINT('',#686);
#686 = CARTESIAN_POINT('',(102.2,83.,10.));
#687 = CIRCLE('',#688,2.2);
#688 = AXIS2_PLACEMENT_3D('',#689,#690,#691);
#689 = CARTESIAN_POINT('',(100.,83.,10.));
#690 = DIRECTION('',(0.,0.,1.));
#691 = DIRECTION('',(1.,0.,0.));
#692 = PLANE('',#693);
#693 = AXIS2_PLACEMENT_3D('',#694,#695,#696);
#694 = CARTESIAN_POINT('',(55.,75.,10.));
#695 = DIRECTION('',(0.,0.,1.));
#696 = DIRECTION('',(1.,0.,0.));
#697 = ADVANCED_FACE('',(#698),#716,.T.);
#698 = FACE_BOUND('',#699,.T.);
#699 = EDGE_LOOP('',(#700,#708,#714,#715));
#700 = ORIENTED_EDGE('',*,*,#701,.T.);
#701 = EDGE_CURVE('',#572,#702,#704,.T.);
#702 = VERTEX_POINT('',#703);
#703 = CARTESIAN_POINT('',(71.75,20.,8.4));
#704 = LINE('',#705,#706);
#705 = CARTESIAN_POINT('',(71.75,20.,10.));
#706 = VECTOR('',#707,1.);
#707 = DIRECTION('',(-0.,-0.,-1.));
#708 = ORIENTED_EDGE('',*,*,#709,.T.);
#709 = EDGE_CURVE('',#702,#56,#710,.T.);
#710 = LINE('',#711,#712);
#711 = CARTESIAN_POINT('',(71.75,20.,8.4));
#712 = VECTOR('',#713,1.);
#713 = DIRECTION('',(0.,-1.,0.));
#714 = ORIENTED_EDGE('',*,*,#63,.F.);
#715 = ORIENTED_EDGE('',*,*,#579,.F.);
#716 = PLANE('',#717);
#717 = AXIS2_PLACEMENT_3D('',#718,#719,#720);
#718 = CARTESIAN_POINT('',(71.75,20.,10.));
#719 = DIRECTION('',(-1.,0.,0.));
#720 = DIRECTION('',(0.,-1.,0.));
#721 = ADVANCED_FACE('',(#722),#772,.T.);
#722 = FACE_BOUND('',#723,.F.);
#723 = EDGE_LOOP('',(#724,#732,#740,#748,#756,#764,#770,#771));
#724 = ORIENTED_EDGE('',*,*,#725,.T.);
#725 = EDGE_CURVE('',#48,#726,#728,.T.);
#726 = VERTEX_POINT('',#727);
#727 = CARTESIAN_POINT('',(38.25,20.,8.4));
#728 = LINE('',#729,#730);
#729 = CARTESIAN_POINT('',(38.25,0.,8.4));
#730 = VECTOR('',#731,1.);
#731 = DIRECTION('',(0.,1.,0.));
#732 = ORIENTED_EDGE('',*,*,#733,.T.);
#733 = EDGE_CURVE('',#726,#734,#736,.T.);
#734 = VERTEX_POINT('',#735);
#735 = CARTESIAN_POINT('',(23.25,20.,8.4));
#736 = LINE('',#737,#738);
#737 = CARTESIAN_POINT('',(38.25,20.,8.4));
#738 = VECTOR('',#739,1.);
#739 = DIRECTION('',(-1.,0.,0.));
#740 = ORIENTED_EDGE('',*,*,#741,.T.);
#741 = EDGE_CURVE('',#734,#742,#744,.T.);
#742 = VERTEX_POINT('',#743);
#743 = CARTESIAN_POINT('',(23.25,92.5,8.4));
#744 = LINE('',#745,#746);
#745 = CARTESIAN_POINT('',(23.25,20.,8.4));
#746 = VECTOR('',#747,1.);
#747 = DIRECTION('',(0.,1.,0.));
#748 = ORIENTED_EDGE('',*,*,#749,.T.);
#749 = EDGE_CURVE('',#742,#750,#752,.T.);
#750 = VERTEX_POINT('',#751);
#751 = CARTESIAN_POINT('',(86.75,92.5,8.4));
#752 = LINE('',#753,#754);
#753 = CARTESIAN_POINT('',(23.25,92.5,8.4));
#754 = VECTOR('',#755,1.);
#755 = DIRECTION('',(1.,0.,0.));
#756 = ORIENTED_EDGE('',*,*,#757,.T.);
#757 = EDGE_CURVE('',#750,#758,#760,.T.);
#758 = VERTEX_POINT('',#759);
#759 = CARTESIAN_POINT('',(86.75,20.,8.4));
#760 = LINE('',#761,#762);
#761 = CARTESIAN_POINT('',(86.75,92.5,8.4));
#762 = VECTOR('',#763,1.);
#763 = DIRECTION('',(0.,-1.,0.));
#764 = ORIENTED_EDGE('',*,*,#765,.T.);
#765 = EDGE_CURVE('',#758,#702,#766,.T.);
#766 = LINE('',#767,#768);
#767 = CARTESIAN_POINT('',(86.75,20.,8.4));
#768 = VECTOR('',#769,1.);
#769 = DIRECTION('',(-1.,0.,0.));
#770 = ORIENTED_EDGE('',*,*,#709,.T.);
#771 = ORIENTED_EDGE('',*,*,#55,.F.);
#772 = PLANE('',#773);
#773 = AXIS2_PLACEMENT_3D('',#774,#775,#776);
#774 = CARTESIAN_POINT('',(55.,48.173076923077,8.4));
#775 = DIRECTION('',(0.,0.,1.));
#776 = DIRECTION('',(1.,0.,0.));
#777 = ADVANCED_FACE('',(#778),#789,.T.);
#778 = FACE_BOUND('',#779,.T.);
#779 = EDGE_LOOP('',(#780,#781,#782,#788));
#780 = ORIENTED_EDGE('',*,*,#47,.T.);
#781 = ORIENTED_EDGE('',*,*,#725,.T.);
#782 = ORIENTED_EDGE('',*,*,#783,.F.);
#783 = EDGE_CURVE('',#532,#726,#784,.T.);
#784 = LINE('',#785,#786);
#785 = CARTESIAN_POINT('',(38.25,20.,10.));
#786 = VECTOR('',#787,1.);
#787 = DIRECTION('',(-0.,-0.,-1.));
#788 = ORIENTED_EDGE('',*,*,#531,.F.);
#789 = PLANE('',#790);
#790 = AXIS2_PLACEMENT_3D('',#791,#792,#793);
#791 = CARTESIAN_POINT('',(38.25,0.,10.));
#792 = DIRECTION('',(1.,0.,0.));
#793 = DIRECTION('',(0.,1.,0.));
#794 = ADVANCED_FACE('',(#795),#806,.F.);
#795 = FACE_BOUND('',#796,.F.);
#796 = EDGE_LOOP('',(#797,#803,#804,#805));
#797 = ORIENTED_EDGE('',*,*,#798,.T.);
#798 = EDGE_CURVE('',#103,#517,#799,.T.);
#799 = LINE('',#800,#801);
#800 = CARTESIAN_POINT('',(0.,150.,0.));
#801 = VECTOR('',#802,1.);
#802 = DIRECTION('',(0.,0.,1.));
#803 = ORIENTED_EDGE('',*,*,#524,.T.);
#804 = ORIENTED_EDGE('',*,*,#31,.F.);
#805 = ORIENTED_EDGE('',*,*,#110,.F.);
#806 = PLANE('',#807);
#807 = AXIS2_PLACEMENT_3D('',#808,#809,#810);
#808 = CARTESIAN_POINT('',(0.,150.,0.));
#809 = DIRECTION('',(1.,0.,0.));
#810 = DIRECTION('',(0.,-1.,0.));
#811 = ADVANCED_FACE('',(#812),#864,.F.);
#812 = FACE_BOUND('',#813,.F.);
#813 = EDGE_LOOP('',(#814,#815,#816,#817,#825,#833,#839,#840,#848,#856,
    #862,#863));
#814 = ORIENTED_EDGE('',*,*,#102,.F.);
#815 = ORIENTED_EDGE('',*,*,#499,.T.);
#816 = ORIENTED_EDGE('',*,*,#587,.T.);
#817 = ORIENTED_EDGE('',*,*,#818,.T.);
#818 = EDGE_CURVE('',#588,#819,#821,.T.);
#819 = VERTEX_POINT('',#820);
#820 = CARTESIAN_POINT('',(105.,150.,8.1));
#821 = LINE('',#822,#823);
#822 = CARTESIAN_POINT('',(105.,150.,10.));
#823 = VECTOR('',#824,1.);
#824 = DIRECTION('',(-0.,-0.,-1.));
#825 = ORIENTED_EDGE('',*,*,#826,.F.);
#826 = EDGE_CURVE('',#827,#819,#829,.T.);
#827 = VERTEX_POINT('',#828);
#828 = CARTESIAN_POINT('',(60.,150.,8.1));
#829 = LINE('',#830,#831);
#830 = CARTESIAN_POINT('',(60.,150.,8.1));
#831 = VECTOR('',#832,1.);
#832 = DIRECTION('',(1.,0.,0.));
#833 = ORIENTED_EDGE('',*,*,#834,.F.);
#834 = EDGE_CURVE('',#612,#827,#835,.T.);
#835 = LINE('',#836,#837);
#836 = CARTESIAN_POINT('',(60.,150.,10.));
#837 = VECTOR('',#838,1.);
#838 = DIRECTION('',(-0.,-0.,-1.));
#839 = ORIENTED_EDGE('',*,*,#619,.T.);
#840 = ORIENTED_EDGE('',*,*,#841,.T.);
#841 = EDGE_CURVE('',#620,#842,#844,.T.);
#842 = VERTEX_POINT('',#843);
#843 = CARTESIAN_POINT('',(50.,150.,8.1));
#844 = LINE('',#845,#846);
#845 = CARTESIAN_POINT('',(50.,150.,10.));
#846 = VECTOR('',#847,1.);
#847 = DIRECTION('',(-0.,-0.,-1.));
#848 = ORIENTED_EDGE('',*,*,#849,.F.);
#849 = EDGE_CURVE('',#850,#842,#852,.T.);
#850 = VERTEX_POINT('',#851);
#851 = CARTESIAN_POINT('',(5.,150.,8.1));
#852 = LINE('',#853,#854);
#853 = CARTESIAN_POINT('',(5.,150.,8.1));
#854 = VECTOR('',#855,1.);
#855 = DIRECTION('',(1.,0.,0.));
#856 = ORIENTED_EDGE('',*,*,#857,.F.);
#857 = EDGE_CURVE('',#515,#850,#858,.T.);
#858 = LINE('',#859,#860);
#859 = CARTESIAN_POINT('',(5.,150.,10.));
#860 = VECTOR('',#861,1.);
#861 = DIRECTION('',(-0.,-0.,-1.));
#862 = ORIENTED_EDGE('',*,*,#514,.T.);
#863 = ORIENTED_EDGE('',*,*,#798,.F.);
#864 = PLANE('',#865);
#865 = AXIS2_PLACEMENT_3D('',#866,#867,#868);
#866 = CARTESIAN_POINT('',(110.,150.,0.));
#867 = DIRECTION('',(0.,-1.,0.));
#868 = DIRECTION('',(-1.,0.,0.));
#869 = ADVANCED_FACE('',(#870),#889,.F.);
#870 = FACE_BOUND('',#871,.F.);
#871 = EDGE_LOOP('',(#872,#880,#887,#888));
#872 = ORIENTED_EDGE('',*,*,#873,.T.);
#873 = EDGE_CURVE('',#119,#874,#876,.T.);
#874 = VERTEX_POINT('',#875);
#875 = CARTESIAN_POINT('',(40.,20.,2.5));
#876 = LINE('',#877,#878);
#877 = CARTESIAN_POINT('',(40.,20.,0.));
#878 = VECTOR('',#879,1.);
#879 = DIRECTION('',(0.,0.,1.));
#880 = ORIENTED_EDGE('',*,*,#881,.T.);
#881 = EDGE_CURVE('',#874,#874,#882,.T.);
#882 = CIRCLE('',#883,15.);
#883 = AXIS2_PLACEMENT_3D('',#884,#885,#886);
#884 = CARTESIAN_POINT('',(25.,20.,2.5));
#885 = DIRECTION('',(0.,0.,-1.));
#886 = DIRECTION('',(1.,0.,0.));
#887 = ORIENTED_EDGE('',*,*,#873,.F.);
#888 = ORIENTED_EDGE('',*,*,#118,.F.);
#889 = CYLINDRICAL_SURFACE('',#890,15.);
#890 = AXIS2_PLACEMENT_3D('',#891,#892,#893);
#891 = CARTESIAN_POINT('',(25.,20.,0.));
#892 = DIRECTION('',(0.,0.,-1.));
#893 = DIRECTION('',(1.,0.,0.));
#894 = ADVANCED_FACE('',(#895),#914,.F.);
#895 = FACE_BOUND('',#896,.F.);
#896 = EDGE_LOOP('',(#897,#905,#912,#913));
#897 = ORIENTED_EDGE('',*,*,#898,.T.);
#898 = EDGE_CURVE('',#130,#899,#901,.T.);
#899 = VERTEX_POINT('',#900);
#900 = CARTESIAN_POINT('',(40.,70.,2.5));
#901 = LINE('',#902,#903);
#902 = CARTESIAN_POINT('',(40.,70.,0.));
#903 = VECTOR('',#904,1.);
#904 = DIRECTION('',(0.,0.,1.));
#905 = ORIENTED_EDGE('',*,*,#906,.T.);
#906 = EDGE_CURVE('',#899,#899,#907,.T.);
#907 = CIRCLE('',#908,15.);
#908 = AXIS2_PLACEMENT_3D('',#909,#910,#911);
#909 = CARTESIAN_POINT('',(25.,70.,2.5));
#910 = DIRECTION('',(0.,0.,-1.));
#911 = DIRECTION('',(1.,0.,0.));
#912 = ORIENTED_EDGE('',*,*,#898,.F.);
#913 = ORIENTED_EDGE('',*,*,#129,.F.);
#914 = CYLINDRICAL_SURFACE('',#915,15.);
#915 = AXIS2_PLACEMENT_3D('',#916,#917,#918);
#916 = CARTESIAN_POINT('',(25.,70.,0.));
#917 = DIRECTION('',(0.,0.,-1.));
#918 = DIRECTION('',(1.,0.,0.));
#919 = ADVANCED_FACE('',(#920),#939,.F.);
#920 = FACE_BOUND('',#921,.F.);
#921 = EDGE_LOOP('',(#922,#930,#937,#938));
#922 = ORIENTED_EDGE('',*,*,#923,.T.);
#923 = EDGE_CURVE('',#141,#924,#926,.T.);
#924 = VERTEX_POINT('',#925);
#925 = CARTESIAN_POINT('',(100.,20.,2.5));
#926 = LINE('',#927,#928);
#927 = CARTESIAN_POINT('',(100.,20.,0.));
#928 = VECTOR('',#929,1.);
#929 = DIRECTION('',(0.,0.,1.));
#930 = ORIENTED_EDGE('',*,*,#931,.T.);
#931 = EDGE_CURVE('',#924,#924,#932,.T.);
#932 = CIRCLE('',#933,15.);
#933 = AXIS2_PLACEMENT_3D('',#934,#935,#936);
#934 = CARTESIAN_POINT('',(85.,20.,2.5));
#935 = DIRECTION('',(0.,0.,-1.));
#936 = DIRECTION('',(1.,0.,0.));
#937 = ORIENTED_EDGE('',*,*,#923,.F.);
#938 = ORIENTED_EDGE('',*,*,#140,.F.);
#939 = CYLINDRICAL_SURFACE('',#940,15.);
#940 = AXIS2_PLACEMENT_3D('',#941,#942,#943);
#941 = CARTESIAN_POINT('',(85.,20.,0.));
#942 = DIRECTION('',(0.,0.,-1.));
#943 = DIRECTION('',(1.,0.,0.));
#944 = ADVANCED_FACE('',(#945),#964,.F.);
#945 = FACE_BOUND('',#946,.F.);
#946 = EDGE_LOOP('',(#947,#955,#962,#963));
#947 = ORIENTED_EDGE('',*,*,#948,.T.);
#948 = EDGE_CURVE('',#152,#949,#951,.T.);
#949 = VERTEX_POINT('',#950);
#950 = CARTESIAN_POINT('',(100.,70.,2.5));
#951 = LINE('',#952,#953);
#952 = CARTESIAN_POINT('',(100.,70.,0.));
#953 = VECTOR('',#954,1.);
#954 = DIRECTION('',(0.,0.,1.));
#955 = ORIENTED_EDGE('',*,*,#956,.T.);
#956 = EDGE_CURVE('',#949,#949,#957,.T.);
#957 = CIRCLE('',#958,15.);
#958 = AXIS2_PLACEMENT_3D('',#959,#960,#961);
#959 = CARTESIAN_POINT('',(85.,70.,2.5));
#960 = DIRECTION('',(0.,0.,-1.));
#961 = DIRECTION('',(1.,0.,0.));
#962 = ORIENTED_EDGE('',*,*,#948,.F.);
#963 = ORIENTED_EDGE('',*,*,#151,.F.);
#964 = CYLINDRICAL_SURFACE('',#965,15.);
#965 = AXIS2_PLACEMENT_3D('',#966,#967,#968);
#966 = CARTESIAN_POINT('',(85.,70.,0.));
#967 = DIRECTION('',(0.,0.,-1.));
#968 = DIRECTION('',(1.,0.,0.));
#969 = ADVANCED_FACE('',(#970),#989,.F.);
#970 = FACE_BOUND('',#971,.F.);
#971 = EDGE_LOOP('',(#972,#980,#987,#988));
#972 = ORIENTED_EDGE('',*,*,#973,.T.);
#973 = EDGE_CURVE('',#163,#974,#976,.T.);
#974 = VERTEX_POINT('',#975);
#975 = CARTESIAN_POINT('',(40.,120.,2.5));
#976 = LINE('',#977,#978);
#977 = CARTESIAN_POINT('',(40.,120.,0.));
#978 = VECTOR('',#979,1.);
#979 = DIRECTION('',(0.,0.,1.));
#980 = ORIENTED_EDGE('',*,*,#981,.T.);
#981 = EDGE_CURVE('',#974,#974,#982,.T.);
#982 = CIRCLE('',#983,15.);
#983 = AXIS2_PLACEMENT_3D('',#984,#985,#986);
#984 = CARTESIAN_POINT('',(25.,120.,2.5));
#985 = DIRECTION('',(0.,0.,-1.));
#986 = DIRECTION('',(1.,0.,0.));
#987 = ORIENTED_EDGE('',*,*,#973,.F.);
#988 = ORIENTED_EDGE('',*,*,#162,.F.);
#989 = CYLINDRICAL_SURFACE('',#990,15.);
#990 = AXIS2_PLACEMENT_3D('',#991,#992,#993);
#991 = CARTESIAN_POINT('',(25.,120.,0.));
#992 = DIRECTION('',(0.,0.,-1.));
#993 = DIRECTION('',(1.,0.,0.));
#994 = ADVANCED_FACE('',(#995),#1020,.F.);
#995 = FACE_BOUND('',#996,.F.);
#996 = EDGE_LOOP('',(#997,#1005,#1013,#1019));
#997 = ORIENTED_EDGE('',*,*,#998,.T.);
#998 = EDGE_CURVE('',#174,#999,#1001,.T.);
#999 = VERTEX_POINT('',#1000);
#1000 = CARTESIAN_POINT('',(13.125,147.81458256229,5.));
#1001 = LINE('',#1002,#1003);
#1002 = CARTESIAN_POINT('',(13.125,147.81458256229,0.));
#1003 = VECTOR('',#1004,1.);
#1004 = DIRECTION('',(0.,0.,1.));
#1005 = ORIENTED_EDGE('',*,*,#1006,.T.);
#1006 = EDGE_CURVE('',#999,#1007,#1009,.T.);
#1007 = VERTEX_POINT('',#1008);
#1008 = CARTESIAN_POINT('',(14.75,145.,5.));
#1009 = LINE('',#1010,#1011);
#1010 = CARTESIAN_POINT('',(13.125,147.81458256229,5.));
#1011 = VECTOR('',#1012,1.);
#1012 = DIRECTION('',(0.5,-0.866025403784,0.));
#1013 = ORIENTED_EDGE('',*,*,#1014,.F.);
#1014 = EDGE_CURVE('',#176,#1007,#1015,.T.);
#1015 = LINE('',#1016,#1017);
#1016 = CARTESIAN_POINT('',(14.75,145.,0.));
#1017 = VECTOR('',#1018,1.);
#1018 = DIRECTION('',(0.,0.,1.));
#1019 = ORIENTED_EDGE('',*,*,#173,.F.);
#1020 = PLANE('',#1021);
#1021 = AXIS2_PLACEMENT_3D('',#1022,#1023,#1024);
#1022 = CARTESIAN_POINT('',(13.125,147.81458256229,0.));
#1023 = DIRECTION('',(0.866025403784,0.5,0.));
#1024 = DIRECTION('',(0.5,-0.866025403784,0.));
#1025 = ADVANCED_FACE('',(#1026),#1044,.F.);
#1026 = FACE_BOUND('',#1027,.F.);
#1027 = EDGE_LOOP('',(#1028,#1036,#1042,#1043));
#1028 = ORIENTED_EDGE('',*,*,#1029,.T.);
#1029 = EDGE_CURVE('',#208,#1030,#1032,.T.);
#1030 = VERTEX_POINT('',#1031);
#1031 = CARTESIAN_POINT('',(9.875,147.81458256229,5.));
#1032 = LINE('',#1033,#1034);
#1033 = CARTESIAN_POINT('',(9.875,147.81458256229,0.));
#1034 = VECTOR('',#1035,1.);
#1035 = DIRECTION('',(0.,0.,1.));
#1036 = ORIENTED_EDGE('',*,*,#1037,.T.);
#1037 = EDGE_CURVE('',#1030,#999,#1038,.T.);
#1038 = LINE('',#1039,#1040);
#1039 = CARTESIAN_POINT('',(9.875,147.81458256229,5.));
#1040 = VECTOR('',#1041,1.);
#1041 = DIRECTION('',(1.,0.,0.));
#1042 = ORIENTED_EDGE('',*,*,#998,.F.);
#1043 = ORIENTED_EDGE('',*,*,#215,.F.);
#1044 = PLANE('',#1045);
#1045 = AXIS2_PLACEMENT_3D('',#1046,#1047,#1048);
#1046 = CARTESIAN_POINT('',(9.875,147.81458256229,0.));
#1047 = DIRECTION('',(0.,1.,0.));
#1048 = DIRECTION('',(1.,0.,0.));
#1049 = ADVANCED_FACE('',(#1050),#1068,.F.);
#1050 = FACE_BOUND('',#1051,.F.);
#1051 = EDGE_LOOP('',(#1052,#1053,#1061,#1067));
#1052 = ORIENTED_EDGE('',*,*,#1014,.T.);
#1053 = ORIENTED_EDGE('',*,*,#1054,.T.);
#1054 = EDGE_CURVE('',#1007,#1055,#1057,.T.);
#1055 = VERTEX_POINT('',#1056);
#1056 = CARTESIAN_POINT('',(13.125,142.1854174377,5.));
#1057 = LINE('',#1058,#1059);
#1058 = CARTESIAN_POINT('',(14.75,145.,5.));
#1059 = VECTOR('',#1060,1.);
#1060 = DIRECTION('',(-0.5,-0.866025403784,0.));
#1061 = ORIENTED_EDGE('',*,*,#1062,.F.);
#1062 = EDGE_CURVE('',#184,#1055,#1063,.T.);
#1063 = LINE('',#1064,#1065);
#1064 = CARTESIAN_POINT('',(13.125,142.1854174377,0.));
#1065 = VECTOR('',#1066,1.);
#1066 = DIRECTION('',(0.,0.,1.));
#1067 = ORIENTED_EDGE('',*,*,#183,.F.);
#1068 = PLANE('',#1069);
#1069 = AXIS2_PLACEMENT_3D('',#1070,#1071,#1072);
#1070 = CARTESIAN_POINT('',(14.75,145.,0.));
#1071 = DIRECTION('',(0.866025403784,-0.5,0.));
#1072 = DIRECTION('',(-0.5,-0.866025403784,0.));
#1073 = ADVANCED_FACE('',(#1074),#1092,.F.);
#1074 = FACE_BOUND('',#1075,.F.);
#1075 = EDGE_LOOP('',(#1076,#1084,#1090,#1091));
#1076 = ORIENTED_EDGE('',*,*,#1077,.T.);
#1077 = EDGE_CURVE('',#200,#1078,#1080,.T.);
#1078 = VERTEX_POINT('',#1079);
#1079 = CARTESIAN_POINT('',(8.25,145.,5.));
#1080 = LINE('',#1081,#1082);
#1081 = CARTESIAN_POINT('',(8.25,145.,0.));
#1082 = VECTOR('',#1083,1.);
#1083 = DIRECTION('',(0.,0.,1.));
#1084 = ORIENTED_EDGE('',*,*,#1085,.T.);
#1085 = EDGE_CURVE('',#1078,#1030,#1086,.T.);
#1086 = LINE('',#1087,#1088);
#1087 = CARTESIAN_POINT('',(8.25,145.,5.));
#1088 = VECTOR('',#1089,1.);
#1089 = DIRECTION('',(0.5,0.866025403784,0.));
#1090 = ORIENTED_EDGE('',*,*,#1029,.F.);
#1091 = ORIENTED_EDGE('',*,*,#207,.F.);
#1092 = PLANE('',#1093);
#1093 = AXIS2_PLACEMENT_3D('',#1094,#1095,#1096);
#1094 = CARTESIAN_POINT('',(8.25,145.,0.));
#1095 = DIRECTION('',(-0.866025403784,0.5,0.));
#1096 = DIRECTION('',(0.5,0.866025403784,0.));
#1097 = ADVANCED_FACE('',(#1098),#1116,.F.);
#1098 = FACE_BOUND('',#1099,.F.);
#1099 = EDGE_LOOP('',(#1100,#1101,#1109,#1115));
#1100 = ORIENTED_EDGE('',*,*,#1062,.T.);
#1101 = ORIENTED_EDGE('',*,*,#1102,.T.);
#1102 = EDGE_CURVE('',#1055,#1103,#1105,.T.);
#1103 = VERTEX_POINT('',#1104);
#1104 = CARTESIAN_POINT('',(9.875,142.1854174377,5.));
#1105 = LINE('',#1106,#1107);
#1106 = CARTESIAN_POINT('',(13.125,142.1854174377,5.));
#1107 = VECTOR('',#1108,1.);
#1108 = DIRECTION('',(-1.,0.,0.));
#1109 = ORIENTED_EDGE('',*,*,#1110,.F.);
#1110 = EDGE_CURVE('',#192,#1103,#1111,.T.);
#1111 = LINE('',#1112,#1113);
#1112 = CARTESIAN_POINT('',(9.875,142.1854174377,0.));
#1113 = VECTOR('',#1114,1.);
#1114 = DIRECTION('',(0.,0.,1.));
#1115 = ORIENTED_EDGE('',*,*,#191,.F.);
#1116 = PLANE('',#1117);
#1117 = AXIS2_PLACEMENT_3D('',#1118,#1119,#1120);
#1118 = CARTESIAN_POINT('',(13.125,142.1854174377,0.));
#1119 = DIRECTION('',(0.,-1.,0.));
#1120 = DIRECTION('',(-1.,0.,0.));
#1121 = ADVANCED_FACE('',(#1122),#1133,.F.);
#1122 = FACE_BOUND('',#1123,.F.);
#1123 = EDGE_LOOP('',(#1124,#1125,#1131,#1132));
#1124 = ORIENTED_EDGE('',*,*,#1110,.T.);
#1125 = ORIENTED_EDGE('',*,*,#1126,.T.);
#1126 = EDGE_CURVE('',#1103,#1078,#1127,.T.);
#1127 = LINE('',#1128,#1129);
#1128 = CARTESIAN_POINT('',(9.875,142.1854174377,5.));
#1129 = VECTOR('',#1130,1.);
#1130 = DIRECTION('',(-0.5,0.866025403784,-0.));
#1131 = ORIENTED_EDGE('',*,*,#1077,.F.);
#1132 = ORIENTED_EDGE('',*,*,#199,.F.);
#1133 = PLANE('',#1134);
#1134 = AXIS2_PLACEMENT_3D('',#1135,#1136,#1137);
#1135 = CARTESIAN_POINT('',(9.875,142.1854174377,0.));
#1136 = DIRECTION('',(-0.866025403784,-0.5,0.));
#1137 = DIRECTION('',(-0.5,0.866025403784,0.));
#1138 = ADVANCED_FACE('',(#1139),#1164,.F.);
#1139 = FACE_BOUND('',#1140,.F.);
#1140 = EDGE_LOOP('',(#1141,#1149,#1157,#1163));
#1141 = ORIENTED_EDGE('',*,*,#1142,.T.);
#1142 = EDGE_CURVE('',#224,#1143,#1145,.T.);
#1143 = VERTEX_POINT('',#1144);
#1144 = CARTESIAN_POINT('',(29.125,146.81458256229,5.));
#1145 = LINE('',#1146,#1147);
#1146 = CARTESIAN_POINT('',(29.125,146.81458256229,0.));
#1147 = VECTOR('',#1148,1.);
#1148 = DIRECTION('',(0.,0.,1.));
#1149 = ORIENTED_EDGE('',*,*,#1150,.T.);
#1150 = EDGE_CURVE('',#1143,#1151,#1153,.T.);
#1151 = VERTEX_POINT('',#1152);
#1152 = CARTESIAN_POINT('',(30.75,144.,5.));
#1153 = LINE('',#1154,#1155);
#1154 = CARTESIAN_POINT('',(29.125,146.81458256229,5.));
#1155 = VECTOR('',#1156,1.);
#1156 = DIRECTION('',(0.5,-0.866025403784,0.));
#1157 = ORIENTED_EDGE('',*,*,#1158,.F.);
#1158 = EDGE_CURVE('',#226,#1151,#1159,.T.);
#1159 = LINE('',#1160,#1161);
#1160 = CARTESIAN_POINT('',(30.75,144.,0.));
#1161 = VECTOR('',#1162,1.);
#1162 = DIRECTION('',(0.,0.,1.));
#1163 = ORIENTED_EDGE('',*,*,#223,.F.);
#1164 = PLANE('',#1165);
#1165 = AXIS2_PLACEMENT_3D('',#1166,#1167,#1168);
#1166 = CARTESIAN_POINT('',(29.125,146.81458256229,0.));
#1167 = DIRECTION('',(0.866025403784,0.5,0.));
#1168 = DIRECTION('',(0.5,-0.866025403784,0.));
#1169 = ADVANCED_FACE('',(#1170),#1188,.F.);
#1170 = FACE_BOUND('',#1171,.F.);
#1171 = EDGE_LOOP('',(#1172,#1180,#1186,#1187));
#1172 = ORIENTED_EDGE('',*,*,#1173,.T.);
#1173 = EDGE_CURVE('',#258,#1174,#1176,.T.);
#1174 = VERTEX_POINT('',#1175);
#1175 = CARTESIAN_POINT('',(25.875,146.81458256229,5.));
#1176 = LINE('',#1177,#1178);
#1177 = CARTESIAN_POINT('',(25.875,146.81458256229,0.));
#1178 = VECTOR('',#1179,1.);
#1179 = DIRECTION('',(0.,0.,1.));
#1180 = ORIENTED_EDGE('',*,*,#1181,.T.);
#1181 = EDGE_CURVE('',#1174,#1143,#1182,.T.);
#1182 = LINE('',#1183,#1184);
#1183 = CARTESIAN_POINT('',(25.875,146.81458256229,5.));
#1184 = VECTOR('',#1185,1.);
#1185 = DIRECTION('',(1.,0.,0.));
#1186 = ORIENTED_EDGE('',*,*,#1142,.F.);
#1187 = ORIENTED_EDGE('',*,*,#265,.F.);
#1188 = PLANE('',#1189);
#1189 = AXIS2_PLACEMENT_3D('',#1190,#1191,#1192);
#1190 = CARTESIAN_POINT('',(25.875,146.81458256229,0.));
#1191 = DIRECTION('',(0.,1.,0.));
#1192 = DIRECTION('',(1.,0.,0.));
#1193 = ADVANCED_FACE('',(#1194),#1212,.F.);
#1194 = FACE_BOUND('',#1195,.F.);
#1195 = EDGE_LOOP('',(#1196,#1197,#1205,#1211));
#1196 = ORIENTED_EDGE('',*,*,#1158,.T.);
#1197 = ORIENTED_EDGE('',*,*,#1198,.T.);
#1198 = EDGE_CURVE('',#1151,#1199,#1201,.T.);
#1199 = VERTEX_POINT('',#1200);
#1200 = CARTESIAN_POINT('',(29.125,141.1854174377,5.));
#1201 = LINE('',#1202,#1203);
#1202 = CARTESIAN_POINT('',(30.75,144.,5.));
#1203 = VECTOR('',#1204,1.);
#1204 = DIRECTION('',(-0.5,-0.866025403784,0.));
#1205 = ORIENTED_EDGE('',*,*,#1206,.F.);
#1206 = EDGE_CURVE('',#234,#1199,#1207,.T.);
#1207 = LINE('',#1208,#1209);
#1208 = CARTESIAN_POINT('',(29.125,141.1854174377,0.));
#1209 = VECTOR('',#1210,1.);
#1210 = DIRECTION('',(0.,0.,1.));
#1211 = ORIENTED_EDGE('',*,*,#233,.F.);
#1212 = PLANE('',#1213);
#1213 = AXIS2_PLACEMENT_3D('',#1214,#1215,#1216);
#1214 = CARTESIAN_POINT('',(30.75,144.,0.));
#1215 = DIRECTION('',(0.866025403784,-0.5,0.));
#1216 = DIRECTION('',(-0.5,-0.866025403784,0.));
#1217 = ADVANCED_FACE('',(#1218),#1236,.F.);
#1218 = FACE_BOUND('',#1219,.F.);
#1219 = EDGE_LOOP('',(#1220,#1228,#1234,#1235));
#1220 = ORIENTED_EDGE('',*,*,#1221,.T.);
#1221 = EDGE_CURVE('',#250,#1222,#1224,.T.);
#1222 = VERTEX_POINT('',#1223);
#1223 = CARTESIAN_POINT('',(24.25,144.,5.));
#1224 = LINE('',#1225,#1226);
#1225 = CARTESIAN_POINT('',(24.25,144.,0.));
#1226 = VECTOR('',#1227,1.);
#1227 = DIRECTION('',(0.,0.,1.));
#1228 = ORIENTED_EDGE('',*,*,#1229,.T.);
#1229 = EDGE_CURVE('',#1222,#1174,#1230,.T.);
#1230 = LINE('',#1231,#1232);
#1231 = CARTESIAN_POINT('',(24.25,144.,5.));
#1232 = VECTOR('',#1233,1.);
#1233 = DIRECTION('',(0.5,0.866025403784,0.));
#1234 = ORIENTED_EDGE('',*,*,#1173,.F.);
#1235 = ORIENTED_EDGE('',*,*,#257,.F.);
#1236 = PLANE('',#1237);
#1237 = AXIS2_PLACEMENT_3D('',#1238,#1239,#1240);
#1238 = CARTESIAN_POINT('',(24.25,144.,0.));
#1239 = DIRECTION('',(-0.866025403784,0.5,0.));
#1240 = DIRECTION('',(0.5,0.866025403784,0.));
#1241 = ADVANCED_FACE('',(#1242),#1260,.F.);
#1242 = FACE_BOUND('',#1243,.F.);
#1243 = EDGE_LOOP('',(#1244,#1245,#1253,#1259));
#1244 = ORIENTED_EDGE('',*,*,#1206,.T.);
#1245 = ORIENTED_EDGE('',*,*,#1246,.T.);
#1246 = EDGE_CURVE('',#1199,#1247,#1249,.T.);
#1247 = VERTEX_POINT('',#1248);
#1248 = CARTESIAN_POINT('',(25.875,141.1854174377,5.));
#1249 = LINE('',#1250,#1251);
#1250 = CARTESIAN_POINT('',(29.125,141.1854174377,5.));
#1251 = VECTOR('',#1252,1.);
#1252 = DIRECTION('',(-1.,0.,0.));
#1253 = ORIENTED_EDGE('',*,*,#1254,.F.);
#1254 = EDGE_CURVE('',#242,#1247,#1255,.T.);
#1255 = LINE('',#1256,#1257);
#1256 = CARTESIAN_POINT('',(25.875,141.1854174377,0.));
#1257 = VECTOR('',#1258,1.);
#1258 = DIRECTION('',(0.,0.,1.));
#1259 = ORIENTED_EDGE('',*,*,#241,.F.);
#1260 = PLANE('',#1261);
#1261 = AXIS2_PLACEMENT_3D('',#1262,#1263,#1264);
#1262 = CARTESIAN_POINT('',(29.125,141.1854174377,0.));
#1263 = DIRECTION('',(0.,-1.,0.));
#1264 = DIRECTION('',(-1.,0.,0.));
#1265 = ADVANCED_FACE('',(#1266),#1277,.F.);
#1266 = FACE_BOUND('',#1267,.F.);
#1267 = EDGE_LOOP('',(#1268,#1269,#1275,#1276));
#1268 = ORIENTED_EDGE('',*,*,#1254,.T.);
#1269 = ORIENTED_EDGE('',*,*,#1270,.T.);
#1270 = EDGE_CURVE('',#1247,#1222,#1271,.T.);
#1271 = LINE('',#1272,#1273);
#1272 = CARTESIAN_POINT('',(25.875,141.1854174377,5.));
#1273 = VECTOR('',#1274,1.);
#1274 = DIRECTION('',(-0.5,0.866025403784,-0.));
#1275 = ORIENTED_EDGE('',*,*,#1221,.F.);
#1276 = ORIENTED_EDGE('',*,*,#249,.F.);
#1277 = PLANE('',#1278);
#1278 = AXIS2_PLACEMENT_3D('',#1279,#1280,#1281);
#1279 = CARTESIAN_POINT('',(25.875,141.1854174377,0.));
#1280 = DIRECTION('',(-0.866025403784,-0.5,0.));
#1281 = DIRECTION('',(-0.5,0.866025403784,0.));
#1282 = ADVANCED_FACE('',(#1283),#1308,.F.);
#1283 = FACE_BOUND('',#1284,.F.);
#1284 = EDGE_LOOP('',(#1285,#1293,#1301,#1307));
#1285 = ORIENTED_EDGE('',*,*,#1286,.T.);
#1286 = EDGE_CURVE('',#274,#1287,#1289,.T.);
#1287 = VERTEX_POINT('',#1288);
#1288 = CARTESIAN_POINT('',(45.125,147.81458256229,5.));
#1289 = LINE('',#1290,#1291);
#1290 = CARTESIAN_POINT('',(45.125,147.81458256229,0.));
#1291 = VECTOR('',#1292,1.);
#1292 = DIRECTION('',(0.,0.,1.));
#1293 = ORIENTED_EDGE('',*,*,#1294,.T.);
#1294 = EDGE_CURVE('',#1287,#1295,#1297,.T.);
#1295 = VERTEX_POINT('',#1296);
#1296 = CARTESIAN_POINT('',(46.75,145.,5.));
#1297 = LINE('',#1298,#1299);
#1298 = CARTESIAN_POINT('',(45.125,147.81458256229,5.));
#1299 = VECTOR('',#1300,1.);
#1300 = DIRECTION('',(0.5,-0.866025403784,0.));
#1301 = ORIENTED_EDGE('',*,*,#1302,.F.);
#1302 = EDGE_CURVE('',#276,#1295,#1303,.T.);
#1303 = LINE('',#1304,#1305);
#1304 = CARTESIAN_POINT('',(46.75,145.,0.));
#1305 = VECTOR('',#1306,1.);
#1306 = DIRECTION('',(0.,0.,1.));
#1307 = ORIENTED_EDGE('',*,*,#273,.F.);
#1308 = PLANE('',#1309);
#1309 = AXIS2_PLACEMENT_3D('',#1310,#1311,#1312);
#1310 = CARTESIAN_POINT('',(45.125,147.81458256229,0.));
#1311 = DIRECTION('',(0.866025403784,0.5,0.));
#1312 = DIRECTION('',(0.5,-0.866025403784,0.));
#1313 = ADVANCED_FACE('',(#1314),#1332,.F.);
#1314 = FACE_BOUND('',#1315,.F.);
#1315 = EDGE_LOOP('',(#1316,#1324,#1330,#1331));
#1316 = ORIENTED_EDGE('',*,*,#1317,.T.);
#1317 = EDGE_CURVE('',#308,#1318,#1320,.T.);
#1318 = VERTEX_POINT('',#1319);
#1319 = CARTESIAN_POINT('',(41.875,147.81458256229,5.));
#1320 = LINE('',#1321,#1322);
#1321 = CARTESIAN_POINT('',(41.875,147.81458256229,0.));
#1322 = VECTOR('',#1323,1.);
#1323 = DIRECTION('',(0.,0.,1.));
#1324 = ORIENTED_EDGE('',*,*,#1325,.T.);
#1325 = EDGE_CURVE('',#1318,#1287,#1326,.T.);
#1326 = LINE('',#1327,#1328);
#1327 = CARTESIAN_POINT('',(41.875,147.81458256229,5.));
#1328 = VECTOR('',#1329,1.);
#1329 = DIRECTION('',(1.,0.,0.));
#1330 = ORIENTED_EDGE('',*,*,#1286,.F.);
#1331 = ORIENTED_EDGE('',*,*,#315,.F.);
#1332 = PLANE('',#1333);
#1333 = AXIS2_PLACEMENT_3D('',#1334,#1335,#1336);
#1334 = CARTESIAN_POINT('',(41.875,147.81458256229,0.));
#1335 = DIRECTION('',(0.,1.,0.));
#1336 = DIRECTION('',(1.,0.,0.));
#1337 = ADVANCED_FACE('',(#1338),#1356,.F.);
#1338 = FACE_BOUND('',#1339,.F.);
#1339 = EDGE_LOOP('',(#1340,#1341,#1349,#1355));
#1340 = ORIENTED_EDGE('',*,*,#1302,.T.);
#1341 = ORIENTED_EDGE('',*,*,#1342,.T.);
#1342 = EDGE_CURVE('',#1295,#1343,#1345,.T.);
#1343 = VERTEX_POINT('',#1344);
#1344 = CARTESIAN_POINT('',(45.125,142.1854174377,5.));
#1345 = LINE('',#1346,#1347);
#1346 = CARTESIAN_POINT('',(46.75,145.,5.));
#1347 = VECTOR('',#1348,1.);
#1348 = DIRECTION('',(-0.5,-0.866025403784,0.));
#1349 = ORIENTED_EDGE('',*,*,#1350,.F.);
#1350 = EDGE_CURVE('',#284,#1343,#1351,.T.);
#1351 = LINE('',#1352,#1353);
#1352 = CARTESIAN_POINT('',(45.125,142.1854174377,0.));
#1353 = VECTOR('',#1354,1.);
#1354 = DIRECTION('',(0.,0.,1.));
#1355 = ORIENTED_EDGE('',*,*,#283,.F.);
#1356 = PLANE('',#1357);
#1357 = AXIS2_PLACEMENT_3D('',#1358,#1359,#1360);
#1358 = CARTESIAN_POINT('',(46.75,145.,0.));
#1359 = DIRECTION('',(0.866025403784,-0.5,0.));
#1360 = DIRECTION('',(-0.5,-0.866025403784,0.));
#1361 = ADVANCED_FACE('',(#1362),#1380,.F.);
#1362 = FACE_BOUND('',#1363,.F.);
#1363 = EDGE_LOOP('',(#1364,#1372,#1378,#1379));
#1364 = ORIENTED_EDGE('',*,*,#1365,.T.);
#1365 = EDGE_CURVE('',#300,#1366,#1368,.T.);
#1366 = VERTEX_POINT('',#1367);
#1367 = CARTESIAN_POINT('',(40.25,145.,5.));
#1368 = LINE('',#1369,#1370);
#1369 = CARTESIAN_POINT('',(40.25,145.,0.));
#1370 = VECTOR('',#1371,1.);
#1371 = DIRECTION('',(0.,0.,1.));
#1372 = ORIENTED_EDGE('',*,*,#1373,.T.);
#1373 = EDGE_CURVE('',#1366,#1318,#1374,.T.);
#1374 = LINE('',#1375,#1376);
#1375 = CARTESIAN_POINT('',(40.25,145.,5.));
#1376 = VECTOR('',#1377,1.);
#1377 = DIRECTION('',(0.5,0.866025403784,0.));
#1378 = ORIENTED_EDGE('',*,*,#1317,.F.);
#1379 = ORIENTED_EDGE('',*,*,#307,.F.);
#1380 = PLANE('',#1381);
#1381 = AXIS2_PLACEMENT_3D('',#1382,#1383,#1384);
#1382 = CARTESIAN_POINT('',(40.25,145.,0.));
#1383 = DIRECTION('',(-0.866025403784,0.5,0.));
#1384 = DIRECTION('',(0.5,0.866025403784,0.));
#1385 = ADVANCED_FACE('',(#1386),#1404,.F.);
#1386 = FACE_BOUND('',#1387,.F.);
#1387 = EDGE_LOOP('',(#1388,#1389,#1397,#1403));
#1388 = ORIENTED_EDGE('',*,*,#1350,.T.);
#1389 = ORIENTED_EDGE('',*,*,#1390,.T.);
#1390 = EDGE_CURVE('',#1343,#1391,#1393,.T.);
#1391 = VERTEX_POINT('',#1392);
#1392 = CARTESIAN_POINT('',(41.875,142.1854174377,5.));
#1393 = LINE('',#1394,#1395);
#1394 = CARTESIAN_POINT('',(45.125,142.1854174377,5.));
#1395 = VECTOR('',#1396,1.);
#1396 = DIRECTION('',(-1.,0.,0.));
#1397 = ORIENTED_EDGE('',*,*,#1398,.F.);
#1398 = EDGE_CURVE('',#292,#1391,#1399,.T.);
#1399 = LINE('',#1400,#1401);
#1400 = CARTESIAN_POINT('',(41.875,142.1854174377,0.));
#1401 = VECTOR('',#1402,1.);
#1402 = DIRECTION('',(0.,0.,1.));
#1403 = ORIENTED_EDGE('',*,*,#291,.F.);
#1404 = PLANE('',#1405);
#1405 = AXIS2_PLACEMENT_3D('',#1406,#1407,#1408);
#1406 = CARTESIAN_POINT('',(45.125,142.1854174377,0.));
#1407 = DIRECTION('',(0.,-1.,0.));
#1408 = DIRECTION('',(-1.,0.,0.));
#1409 = ADVANCED_FACE('',(#1410),#1421,.F.);
#1410 = FACE_BOUND('',#1411,.F.);
#1411 = EDGE_LOOP('',(#1412,#1413,#1419,#1420));
#1412 = ORIENTED_EDGE('',*,*,#1398,.T.);
#1413 = ORIENTED_EDGE('',*,*,#1414,.T.);
#1414 = EDGE_CURVE('',#1391,#1366,#1415,.T.);
#1415 = LINE('',#1416,#1417);
#1416 = CARTESIAN_POINT('',(41.875,142.1854174377,5.));
#1417 = VECTOR('',#1418,1.);
#1418 = DIRECTION('',(-0.5,0.866025403784,-0.));
#1419 = ORIENTED_EDGE('',*,*,#1365,.F.);
#1420 = ORIENTED_EDGE('',*,*,#299,.F.);
#1421 = PLANE('',#1422);
#1422 = AXIS2_PLACEMENT_3D('',#1423,#1424,#1425);
#1423 = CARTESIAN_POINT('',(41.875,142.1854174377,0.));
#1424 = DIRECTION('',(-0.866025403784,-0.5,0.));
#1425 = DIRECTION('',(-0.5,0.866025403784,0.));
#1426 = ADVANCED_FACE('',(#1427),#1452,.F.);
#1427 = FACE_BOUND('',#1428,.F.);
#1428 = EDGE_LOOP('',(#1429,#1437,#1445,#1451));
#1429 = ORIENTED_EDGE('',*,*,#1430,.T.);
#1430 = EDGE_CURVE('',#324,#1431,#1433,.T.);
#1431 = VERTEX_POINT('',#1432);
#1432 = CARTESIAN_POINT('',(68.125,147.8145825623,5.));
#1433 = LINE('',#1434,#1435);
#1434 = CARTESIAN_POINT('',(68.125,147.8145825623,0.));
#1435 = VECTOR('',#1436,1.);
#1436 = DIRECTION('',(0.,0.,1.));
#1437 = ORIENTED_EDGE('',*,*,#1438,.T.);
#1438 = EDGE_CURVE('',#1431,#1439,#1441,.T.);
#1439 = VERTEX_POINT('',#1440);
#1440 = CARTESIAN_POINT('',(69.750000000002,144.99999999999,5.));
#1441 = LINE('',#1442,#1443);
#1442 = CARTESIAN_POINT('',(68.125,147.8145825623,5.));
#1443 = VECTOR('',#1444,1.);
#1444 = DIRECTION('',(0.5,-0.866025403784,0.));
#1445 = ORIENTED_EDGE('',*,*,#1446,.F.);
#1446 = EDGE_CURVE('',#326,#1439,#1447,.T.);
#1447 = LINE('',#1448,#1449);
#1448 = CARTESIAN_POINT('',(69.750000000002,144.99999999999,0.));
#1449 = VECTOR('',#1450,1.);
#1450 = DIRECTION('',(0.,0.,1.));
#1451 = ORIENTED_EDGE('',*,*,#323,.F.);
#1452 = PLANE('',#1453);
#1453 = AXIS2_PLACEMENT_3D('',#1454,#1455,#1456);
#1454 = CARTESIAN_POINT('',(68.125,147.8145825623,0.));
#1455 = DIRECTION('',(0.866025403784,0.5,0.));
#1456 = DIRECTION('',(0.5,-0.866025403784,0.));
#1457 = ADVANCED_FACE('',(#1458),#1476,.F.);
#1458 = FACE_BOUND('',#1459,.F.);
#1459 = EDGE_LOOP('',(#1460,#1468,#1474,#1475));
#1460 = ORIENTED_EDGE('',*,*,#1461,.T.);
#1461 = EDGE_CURVE('',#358,#1462,#1464,.T.);
#1462 = VERTEX_POINT('',#1463);
#1463 = CARTESIAN_POINT('',(64.875,147.8145825623,5.));
#1464 = LINE('',#1465,#1466);
#1465 = CARTESIAN_POINT('',(64.875,147.8145825623,0.));
#1466 = VECTOR('',#1467,1.);
#1467 = DIRECTION('',(0.,0.,1.));
#1468 = ORIENTED_EDGE('',*,*,#1469,.T.);
#1469 = EDGE_CURVE('',#1462,#1431,#1470,.T.);
#1470 = LINE('',#1471,#1472);
#1471 = CARTESIAN_POINT('',(64.875,147.8145825623,5.));
#1472 = VECTOR('',#1473,1.);
#1473 = DIRECTION('',(1.,0.,0.));
#1474 = ORIENTED_EDGE('',*,*,#1430,.F.);
#1475 = ORIENTED_EDGE('',*,*,#365,.F.);
#1476 = PLANE('',#1477);
#1477 = AXIS2_PLACEMENT_3D('',#1478,#1479,#1480);
#1478 = CARTESIAN_POINT('',(64.875,147.8145825623,0.));
#1479 = DIRECTION('',(0.,1.,0.));
#1480 = DIRECTION('',(1.,0.,0.));
#1481 = ADVANCED_FACE('',(#1482),#1500,.F.);
#1482 = FACE_BOUND('',#1483,.F.);
#1483 = EDGE_LOOP('',(#1484,#1485,#1493,#1499));
#1484 = ORIENTED_EDGE('',*,*,#1446,.T.);
#1485 = ORIENTED_EDGE('',*,*,#1486,.T.);
#1486 = EDGE_CURVE('',#1439,#1487,#1489,.T.);
#1487 = VERTEX_POINT('',#1488);
#1488 = CARTESIAN_POINT('',(68.124999999999,142.18541743769,5.));
#1489 = LINE('',#1490,#1491);
#1490 = CARTESIAN_POINT('',(69.750000000002,144.99999999999,5.));
#1491 = VECTOR('',#1492,1.);
#1492 = DIRECTION('',(-0.500000000001,-0.866025403784,0.));
#1493 = ORIENTED_EDGE('',*,*,#1494,.F.);
#1494 = EDGE_CURVE('',#334,#1487,#1495,.T.);
#1495 = LINE('',#1496,#1497);
#1496 = CARTESIAN_POINT('',(68.124999999999,142.18541743769,0.));
#1497 = VECTOR('',#1498,1.);
#1498 = DIRECTION('',(0.,0.,1.));
#1499 = ORIENTED_EDGE('',*,*,#333,.F.);
#1500 = PLANE('',#1501);
#1501 = AXIS2_PLACEMENT_3D('',#1502,#1503,#1504);
#1502 = CARTESIAN_POINT('',(69.750000000002,144.99999999999,0.));
#1503 = DIRECTION('',(0.866025403784,-0.500000000001,0.));
#1504 = DIRECTION('',(-0.500000000001,-0.866025403784,0.));
#1505 = ADVANCED_FACE('',(#1506),#1524,.F.);
#1506 = FACE_BOUND('',#1507,.F.);
#1507 = EDGE_LOOP('',(#1508,#1516,#1522,#1523));
#1508 = ORIENTED_EDGE('',*,*,#1509,.T.);
#1509 = EDGE_CURVE('',#350,#1510,#1512,.T.);
#1510 = VERTEX_POINT('',#1511);
#1511 = CARTESIAN_POINT('',(63.249999999998,144.99999999999,5.));
#1512 = LINE('',#1513,#1514);
#1513 = CARTESIAN_POINT('',(63.249999999998,144.99999999999,0.));
#1514 = VECTOR('',#1515,1.);
#1515 = DIRECTION('',(0.,0.,1.));
#1516 = ORIENTED_EDGE('',*,*,#1517,.T.);
#1517 = EDGE_CURVE('',#1510,#1462,#1518,.T.);
#1518 = LINE('',#1519,#1520);
#1519 = CARTESIAN_POINT('',(63.249999999998,144.99999999999,5.));
#1520 = VECTOR('',#1521,1.);
#1521 = DIRECTION('',(0.5,0.866025403784,0.));
#1522 = ORIENTED_EDGE('',*,*,#1461,.F.);
#1523 = ORIENTED_EDGE('',*,*,#357,.F.);
#1524 = PLANE('',#1525);
#1525 = AXIS2_PLACEMENT_3D('',#1526,#1527,#1528);
#1526 = CARTESIAN_POINT('',(63.249999999998,144.99999999999,0.));
#1527 = DIRECTION('',(-0.866025403784,0.5,0.));
#1528 = DIRECTION('',(0.5,0.866025403784,0.));
#1529 = ADVANCED_FACE('',(#1530),#1548,.F.);
#1530 = FACE_BOUND('',#1531,.F.);
#1531 = EDGE_LOOP('',(#1532,#1533,#1541,#1547));
#1532 = ORIENTED_EDGE('',*,*,#1494,.T.);
#1533 = ORIENTED_EDGE('',*,*,#1534,.T.);
#1534 = EDGE_CURVE('',#1487,#1535,#1537,.T.);
#1535 = VERTEX_POINT('',#1536);
#1536 = CARTESIAN_POINT('',(64.874999999999,142.18541743769,5.));
#1537 = LINE('',#1538,#1539);
#1538 = CARTESIAN_POINT('',(68.124999999999,142.18541743769,5.));
#1539 = VECTOR('',#1540,1.);
#1540 = DIRECTION('',(-1.,2.273736754432E-13,-0.));
#1541 = ORIENTED_EDGE('',*,*,#1542,.F.);
#1542 = EDGE_CURVE('',#342,#1535,#1543,.T.);
#1543 = LINE('',#1544,#1545);
#1544 = CARTESIAN_POINT('',(64.874999999999,142.18541743769,0.));
#1545 = VECTOR('',#1546,1.);
#1546 = DIRECTION('',(0.,0.,1.));
#1547 = ORIENTED_EDGE('',*,*,#341,.F.);
#1548 = PLANE('',#1549);
#1549 = AXIS2_PLACEMENT_3D('',#1550,#1551,#1552);
#1550 = CARTESIAN_POINT('',(68.124999999999,142.18541743769,0.));
#1551 = DIRECTION('',(-2.273736754432E-13,-1.,0.));
#1552 = DIRECTION('',(-1.,2.273736754432E-13,0.));
#1553 = ADVANCED_FACE('',(#1554),#1565,.F.);
#1554 = FACE_BOUND('',#1555,.F.);
#1555 = EDGE_LOOP('',(#1556,#1557,#1563,#1564));
#1556 = ORIENTED_EDGE('',*,*,#1542,.T.);
#1557 = ORIENTED_EDGE('',*,*,#1558,.T.);
#1558 = EDGE_CURVE('',#1535,#1510,#1559,.T.);
#1559 = LINE('',#1560,#1561);
#1560 = CARTESIAN_POINT('',(64.874999999999,142.18541743769,5.));
#1561 = VECTOR('',#1562,1.);
#1562 = DIRECTION('',(-0.5,0.866025403784,-0.));
#1563 = ORIENTED_EDGE('',*,*,#1509,.F.);
#1564 = ORIENTED_EDGE('',*,*,#349,.F.);
#1565 = PLANE('',#1566);
#1566 = AXIS2_PLACEMENT_3D('',#1567,#1568,#1569);
#1567 = CARTESIAN_POINT('',(64.874999999999,142.18541743769,0.));
#1568 = DIRECTION('',(-0.866025403784,-0.5,0.));
#1569 = DIRECTION('',(-0.5,0.866025403784,0.));
#1570 = ADVANCED_FACE('',(#1571),#1590,.F.);
#1571 = FACE_BOUND('',#1572,.F.);
#1572 = EDGE_LOOP('',(#1573,#1581,#1588,#1589));
#1573 = ORIENTED_EDGE('',*,*,#1574,.T.);
#1574 = EDGE_CURVE('',#374,#1575,#1577,.T.);
#1575 = VERTEX_POINT('',#1576);
#1576 = CARTESIAN_POINT('',(100.,120.,2.5));
#1577 = LINE('',#1578,#1579);
#1578 = CARTESIAN_POINT('',(100.,120.,0.));
#1579 = VECTOR('',#1580,1.);
#1580 = DIRECTION('',(0.,0.,1.));
#1581 = ORIENTED_EDGE('',*,*,#1582,.T.);
#1582 = EDGE_CURVE('',#1575,#1575,#1583,.T.);
#1583 = CIRCLE('',#1584,15.);
#1584 = AXIS2_PLACEMENT_3D('',#1585,#1586,#1587);
#1585 = CARTESIAN_POINT('',(85.,120.,2.5));
#1586 = DIRECTION('',(0.,0.,-1.));
#1587 = DIRECTION('',(1.,0.,0.));
#1588 = ORIENTED_EDGE('',*,*,#1574,.F.);
#1589 = ORIENTED_EDGE('',*,*,#373,.F.);
#1590 = CYLINDRICAL_SURFACE('',#1591,15.);
#1591 = AXIS2_PLACEMENT_3D('',#1592,#1593,#1594);
#1592 = CARTESIAN_POINT('',(85.,120.,0.));
#1593 = DIRECTION('',(0.,0.,-1.));
#1594 = DIRECTION('',(1.,0.,0.));
#1595 = ADVANCED_FACE('',(#1596),#1621,.F.);
#1596 = FACE_BOUND('',#1597,.F.);
#1597 = EDGE_LOOP('',(#1598,#1606,#1614,#1620));
#1598 = ORIENTED_EDGE('',*,*,#1599,.T.);
#1599 = EDGE_CURVE('',#385,#1600,#1602,.T.);
#1600 = VERTEX_POINT('',#1601);
#1601 = CARTESIAN_POINT('',(84.125,146.81458256229,5.));
#1602 = LINE('',#1603,#1604);
#1603 = CARTESIAN_POINT('',(84.125,146.81458256229,0.));
#1604 = VECTOR('',#1605,1.);
#1605 = DIRECTION('',(0.,0.,1.));
#1606 = ORIENTED_EDGE('',*,*,#1607,.T.);
#1607 = EDGE_CURVE('',#1600,#1608,#1610,.T.);
#1608 = VERTEX_POINT('',#1609);
#1609 = CARTESIAN_POINT('',(85.75,144.,5.));
#1610 = LINE('',#1611,#1612);
#1611 = CARTESIAN_POINT('',(84.125,146.81458256229,5.));
#1612 = VECTOR('',#1613,1.);
#1613 = DIRECTION('',(0.5,-0.866025403784,0.));
#1614 = ORIENTED_EDGE('',*,*,#1615,.F.);
#1615 = EDGE_CURVE('',#387,#1608,#1616,.T.);
#1616 = LINE('',#1617,#1618);
#1617 = CARTESIAN_POINT('',(85.75,144.,0.));
#1618 = VECTOR('',#1619,1.);
#1619 = DIRECTION('',(0.,0.,1.));
#1620 = ORIENTED_EDGE('',*,*,#384,.F.);
#1621 = PLANE('',#1622);
#1622 = AXIS2_PLACEMENT_3D('',#1623,#1624,#1625);
#1623 = CARTESIAN_POINT('',(84.125,146.81458256229,0.));
#1624 = DIRECTION('',(0.866025403784,0.5,0.));
#1625 = DIRECTION('',(0.5,-0.866025403784,0.));
#1626 = ADVANCED_FACE('',(#1627),#1645,.F.);
#1627 = FACE_BOUND('',#1628,.F.);
#1628 = EDGE_LOOP('',(#1629,#1637,#1643,#1644));
#1629 = ORIENTED_EDGE('',*,*,#1630,.T.);
#1630 = EDGE_CURVE('',#419,#1631,#1633,.T.);
#1631 = VERTEX_POINT('',#1632);
#1632 = CARTESIAN_POINT('',(80.875,146.81458256229,5.));
#1633 = LINE('',#1634,#1635);
#1634 = CARTESIAN_POINT('',(80.875,146.81458256229,0.));
#1635 = VECTOR('',#1636,1.);
#1636 = DIRECTION('',(0.,0.,1.));
#1637 = ORIENTED_EDGE('',*,*,#1638,.T.);
#1638 = EDGE_CURVE('',#1631,#1600,#1639,.T.);
#1639 = LINE('',#1640,#1641);
#1640 = CARTESIAN_POINT('',(80.875,146.81458256229,5.));
#1641 = VECTOR('',#1642,1.);
#1642 = DIRECTION('',(1.,0.,0.));
#1643 = ORIENTED_EDGE('',*,*,#1599,.F.);
#1644 = ORIENTED_EDGE('',*,*,#426,.F.);
#1645 = PLANE('',#1646);
#1646 = AXIS2_PLACEMENT_3D('',#1647,#1648,#1649);
#1647 = CARTESIAN_POINT('',(80.875,146.81458256229,0.));
#1648 = DIRECTION('',(0.,1.,0.));
#1649 = DIRECTION('',(1.,0.,0.));
#1650 = ADVANCED_FACE('',(#1651),#1669,.F.);
#1651 = FACE_BOUND('',#1652,.F.);
#1652 = EDGE_LOOP('',(#1653,#1654,#1662,#1668));
#1653 = ORIENTED_EDGE('',*,*,#1615,.T.);
#1654 = ORIENTED_EDGE('',*,*,#1655,.T.);
#1655 = EDGE_CURVE('',#1608,#1656,#1658,.T.);
#1656 = VERTEX_POINT('',#1657);
#1657 = CARTESIAN_POINT('',(84.125,141.1854174377,5.));
#1658 = LINE('',#1659,#1660);
#1659 = CARTESIAN_POINT('',(85.75,144.,5.));
#1660 = VECTOR('',#1661,1.);
#1661 = DIRECTION('',(-0.5,-0.866025403784,0.));
#1662 = ORIENTED_EDGE('',*,*,#1663,.F.);
#1663 = EDGE_CURVE('',#395,#1656,#1664,.T.);
#1664 = LINE('',#1665,#1666);
#1665 = CARTESIAN_POINT('',(84.125,141.1854174377,0.));
#1666 = VECTOR('',#1667,1.);
#1667 = DIRECTION('',(0.,0.,1.));
#1668 = ORIENTED_EDGE('',*,*,#394,.F.);
#1669 = PLANE('',#1670);
#1670 = AXIS2_PLACEMENT_3D('',#1671,#1672,#1673);
#1671 = CARTESIAN_POINT('',(85.75,144.,0.));
#1672 = DIRECTION('',(0.866025403784,-0.5,0.));
#1673 = DIRECTION('',(-0.5,-0.866025403784,0.));
#1674 = ADVANCED_FACE('',(#1675),#1693,.F.);
#1675 = FACE_BOUND('',#1676,.F.);
#1676 = EDGE_LOOP('',(#1677,#1685,#1691,#1692));
#1677 = ORIENTED_EDGE('',*,*,#1678,.T.);
#1678 = EDGE_CURVE('',#411,#1679,#1681,.T.);
#1679 = VERTEX_POINT('',#1680);
#1680 = CARTESIAN_POINT('',(79.25,144.,5.));
#1681 = LINE('',#1682,#1683);
#1682 = CARTESIAN_POINT('',(79.25,144.,0.));
#1683 = VECTOR('',#1684,1.);
#1684 = DIRECTION('',(0.,0.,1.));
#1685 = ORIENTED_EDGE('',*,*,#1686,.T.);
#1686 = EDGE_CURVE('',#1679,#1631,#1687,.T.);
#1687 = LINE('',#1688,#1689);
#1688 = CARTESIAN_POINT('',(79.25,144.,5.));
#1689 = VECTOR('',#1690,1.);
#1690 = DIRECTION('',(0.5,0.866025403784,0.));
#1691 = ORIENTED_EDGE('',*,*,#1630,.F.);
#1692 = ORIENTED_EDGE('',*,*,#418,.F.);
#1693 = PLANE('',#1694);
#1694 = AXIS2_PLACEMENT_3D('',#1695,#1696,#1697);
#1695 = CARTESIAN_POINT('',(79.25,144.,0.));
#1696 = DIRECTION('',(-0.866025403784,0.5,0.));
#1697 = DIRECTION('',(0.5,0.866025403784,0.));
#1698 = ADVANCED_FACE('',(#1699),#1717,.F.);
#1699 = FACE_BOUND('',#1700,.F.);
#1700 = EDGE_LOOP('',(#1701,#1702,#1710,#1716));
#1701 = ORIENTED_EDGE('',*,*,#1663,.T.);
#1702 = ORIENTED_EDGE('',*,*,#1703,.T.);
#1703 = EDGE_CURVE('',#1656,#1704,#1706,.T.);
#1704 = VERTEX_POINT('',#1705);
#1705 = CARTESIAN_POINT('',(80.875,141.1854174377,5.));
#1706 = LINE('',#1707,#1708);
#1707 = CARTESIAN_POINT('',(84.125,141.1854174377,5.));
#1708 = VECTOR('',#1709,1.);
#1709 = DIRECTION('',(-1.,0.,0.));
#1710 = ORIENTED_EDGE('',*,*,#1711,.F.);
#1711 = EDGE_CURVE('',#403,#1704,#1712,.T.);
#1712 = LINE('',#1713,#1714);
#1713 = CARTESIAN_POINT('',(80.875,141.1854174377,0.));
#1714 = VECTOR('',#1715,1.);
#1715 = DIRECTION('',(0.,0.,1.));
#1716 = ORIENTED_EDGE('',*,*,#402,.F.);
#1717 = PLANE('',#1718);
#1718 = AXIS2_PLACEMENT_3D('',#1719,#1720,#1721);
#1719 = CARTESIAN_POINT('',(84.125,141.1854174377,0.));
#1720 = DIRECTION('',(0.,-1.,0.));
#1721 = DIRECTION('',(-1.,0.,0.));
#1722 = ADVANCED_FACE('',(#1723),#1734,.F.);
#1723 = FACE_BOUND('',#1724,.F.);
#1724 = EDGE_LOOP('',(#1725,#1726,#1732,#1733));
#1725 = ORIENTED_EDGE('',*,*,#1711,.T.);
#1726 = ORIENTED_EDGE('',*,*,#1727,.T.);
#1727 = EDGE_CURVE('',#1704,#1679,#1728,.T.);
#1728 = LINE('',#1729,#1730);
#1729 = CARTESIAN_POINT('',(80.875,141.1854174377,5.));
#1730 = VECTOR('',#1731,1.);
#1731 = DIRECTION('',(-0.5,0.866025403784,-0.));
#1732 = ORIENTED_EDGE('',*,*,#1678,.F.);
#1733 = ORIENTED_EDGE('',*,*,#410,.F.);
#1734 = PLANE('',#1735);
#1735 = AXIS2_PLACEMENT_3D('',#1736,#1737,#1738);
#1736 = CARTESIAN_POINT('',(80.875,141.1854174377,0.));
#1737 = DIRECTION('',(-0.866025403784,-0.5,0.));
#1738 = DIRECTION('',(-0.5,0.866025403784,0.));
#1739 = ADVANCED_FACE('',(#1740),#1765,.F.);
#1740 = FACE_BOUND('',#1741,.F.);
#1741 = EDGE_LOOP('',(#1742,#1750,#1758,#1764));
#1742 = ORIENTED_EDGE('',*,*,#1743,.T.);
#1743 = EDGE_CURVE('',#435,#1744,#1746,.T.);
#1744 = VERTEX_POINT('',#1745);
#1745 = CARTESIAN_POINT('',(100.125,147.81458256229,5.));
#1746 = LINE('',#1747,#1748);
#1747 = CARTESIAN_POINT('',(100.125,147.81458256229,0.));
#1748 = VECTOR('',#1749,1.);
#1749 = DIRECTION('',(0.,0.,1.));
#1750 = ORIENTED_EDGE('',*,*,#1751,.T.);
#1751 = EDGE_CURVE('',#1744,#1752,#1754,.T.);
#1752 = VERTEX_POINT('',#1753);
#1753 = CARTESIAN_POINT('',(101.75,145.,5.));
#1754 = LINE('',#1755,#1756);
#1755 = CARTESIAN_POINT('',(100.125,147.81458256229,5.));
#1756 = VECTOR('',#1757,1.);
#1757 = DIRECTION('',(0.5,-0.866025403784,0.));
#1758 = ORIENTED_EDGE('',*,*,#1759,.F.);
#1759 = EDGE_CURVE('',#437,#1752,#1760,.T.);
#1760 = LINE('',#1761,#1762);
#1761 = CARTESIAN_POINT('',(101.75,145.,0.));
#1762 = VECTOR('',#1763,1.);
#1763 = DIRECTION('',(0.,0.,1.));
#1764 = ORIENTED_EDGE('',*,*,#434,.F.);
#1765 = PLANE('',#1766);
#1766 = AXIS2_PLACEMENT_3D('',#1767,#1768,#1769);
#1767 = CARTESIAN_POINT('',(100.125,147.81458256229,0.));
#1768 = DIRECTION('',(0.866025403784,0.5,0.));
#1769 = DIRECTION('',(0.5,-0.866025403784,0.));
#1770 = ADVANCED_FACE('',(#1771),#1789,.F.);
#1771 = FACE_BOUND('',#1772,.F.);
#1772 = EDGE_LOOP('',(#1773,#1781,#1787,#1788));
#1773 = ORIENTED_EDGE('',*,*,#1774,.T.);
#1774 = EDGE_CURVE('',#469,#1775,#1777,.T.);
#1775 = VERTEX_POINT('',#1776);
#1776 = CARTESIAN_POINT('',(96.875,147.81458256229,5.));
#1777 = LINE('',#1778,#1779);
#1778 = CARTESIAN_POINT('',(96.875,147.81458256229,0.));
#1779 = VECTOR('',#1780,1.);
#1780 = DIRECTION('',(0.,0.,1.));
#1781 = ORIENTED_EDGE('',*,*,#1782,.T.);
#1782 = EDGE_CURVE('',#1775,#1744,#1783,.T.);
#1783 = LINE('',#1784,#1785);
#1784 = CARTESIAN_POINT('',(96.875,147.81458256229,5.));
#1785 = VECTOR('',#1786,1.);
#1786 = DIRECTION('',(1.,0.,0.));
#1787 = ORIENTED_EDGE('',*,*,#1743,.F.);
#1788 = ORIENTED_EDGE('',*,*,#476,.F.);
#1789 = PLANE('',#1790);
#1790 = AXIS2_PLACEMENT_3D('',#1791,#1792,#1793);
#1791 = CARTESIAN_POINT('',(96.875,147.81458256229,0.));
#1792 = DIRECTION('',(0.,1.,0.));
#1793 = DIRECTION('',(1.,0.,0.));
#1794 = ADVANCED_FACE('',(#1795),#1813,.F.);
#1795 = FACE_BOUND('',#1796,.F.);
#1796 = EDGE_LOOP('',(#1797,#1798,#1806,#1812));
#1797 = ORIENTED_EDGE('',*,*,#1759,.T.);
#1798 = ORIENTED_EDGE('',*,*,#1799,.T.);
#1799 = EDGE_CURVE('',#1752,#1800,#1802,.T.);
#1800 = VERTEX_POINT('',#1801);
#1801 = CARTESIAN_POINT('',(100.125,142.1854174377,5.));
#1802 = LINE('',#1803,#1804);
#1803 = CARTESIAN_POINT('',(101.75,145.,5.));
#1804 = VECTOR('',#1805,1.);
#1805 = DIRECTION('',(-0.5,-0.866025403784,0.));
#1806 = ORIENTED_EDGE('',*,*,#1807,.F.);
#1807 = EDGE_CURVE('',#445,#1800,#1808,.T.);
#1808 = LINE('',#1809,#1810);
#1809 = CARTESIAN_POINT('',(100.125,142.1854174377,0.));
#1810 = VECTOR('',#1811,1.);
#1811 = DIRECTION('',(0.,0.,1.));
#1812 = ORIENTED_EDGE('',*,*,#444,.F.);
#1813 = PLANE('',#1814);
#1814 = AXIS2_PLACEMENT_3D('',#1815,#1816,#1817);
#1815 = CARTESIAN_POINT('',(101.75,145.,0.));
#1816 = DIRECTION('',(0.866025403784,-0.5,0.));
#1817 = DIRECTION('',(-0.5,-0.866025403784,0.));
#1818 = ADVANCED_FACE('',(#1819),#1837,.F.);
#1819 = FACE_BOUND('',#1820,.F.);
#1820 = EDGE_LOOP('',(#1821,#1829,#1835,#1836));
#1821 = ORIENTED_EDGE('',*,*,#1822,.T.);
#1822 = EDGE_CURVE('',#461,#1823,#1825,.T.);
#1823 = VERTEX_POINT('',#1824);
#1824 = CARTESIAN_POINT('',(95.25,145.,5.));
#1825 = LINE('',#1826,#1827);
#1826 = CARTESIAN_POINT('',(95.25,145.,0.));
#1827 = VECTOR('',#1828,1.);
#1828 = DIRECTION('',(0.,0.,1.));
#1829 = ORIENTED_EDGE('',*,*,#1830,.T.);
#1830 = EDGE_CURVE('',#1823,#1775,#1831,.T.);
#1831 = LINE('',#1832,#1833);
#1832 = CARTESIAN_POINT('',(95.25,145.,5.));
#1833 = VECTOR('',#1834,1.);
#1834 = DIRECTION('',(0.5,0.866025403784,0.));
#1835 = ORIENTED_EDGE('',*,*,#1774,.F.);
#1836 = ORIENTED_EDGE('',*,*,#468,.F.);
#1837 = PLANE('',#1838);
#1838 = AXIS2_PLACEMENT_3D('',#1839,#1840,#1841);
#1839 = CARTESIAN_POINT('',(95.25,145.,0.));
#1840 = DIRECTION('',(-0.866025403784,0.5,0.));
#1841 = DIRECTION('',(0.5,0.866025403784,0.));
#1842 = ADVANCED_FACE('',(#1843),#1861,.F.);
#1843 = FACE_BOUND('',#1844,.F.);
#1844 = EDGE_LOOP('',(#1845,#1846,#1854,#1860));
#1845 = ORIENTED_EDGE('',*,*,#1807,.T.);
#1846 = ORIENTED_EDGE('',*,*,#1847,.T.);
#1847 = EDGE_CURVE('',#1800,#1848,#1850,.T.);
#1848 = VERTEX_POINT('',#1849);
#1849 = CARTESIAN_POINT('',(96.875,142.1854174377,5.));
#1850 = LINE('',#1851,#1852);
#1851 = CARTESIAN_POINT('',(100.125,142.1854174377,5.));
#1852 = VECTOR('',#1853,1.);
#1853 = DIRECTION('',(-1.,0.,0.));
#1854 = ORIENTED_EDGE('',*,*,#1855,.F.);
#1855 = EDGE_CURVE('',#453,#1848,#1856,.T.);
#1856 = LINE('',#1857,#1858);
#1857 = CARTESIAN_POINT('',(96.875,142.1854174377,0.));
#1858 = VECTOR('',#1859,1.);
#1859 = DIRECTION('',(0.,0.,1.));
#1860 = ORIENTED_EDGE('',*,*,#452,.F.);
#1861 = PLANE('',#1862);
#1862 = AXIS2_PLACEMENT_3D('',#1863,#1864,#1865);
#1863 = CARTESIAN_POINT('',(100.125,142.1854174377,0.));
#1864 = DIRECTION('',(0.,-1.,0.));
#1865 = DIRECTION('',(-1.,0.,0.));
#1866 = ADVANCED_FACE('',(#1867),#1878,.F.);
#1867 = FACE_BOUND('',#1868,.F.);
#1868 = EDGE_LOOP('',(#1869,#1870,#1876,#1877));
#1869 = ORIENTED_EDGE('',*,*,#1855,.T.);
#1870 = ORIENTED_EDGE('',*,*,#1871,.T.);
#1871 = EDGE_CURVE('',#1848,#1823,#1872,.T.);
#1872 = LINE('',#1873,#1874);
#1873 = CARTESIAN_POINT('',(96.875,142.1854174377,5.));
#1874 = VECTOR('',#1875,1.);
#1875 = DIRECTION('',(-0.5,0.866025403784,-0.));
#1876 = ORIENTED_EDGE('',*,*,#1822,.F.);
#1877 = ORIENTED_EDGE('',*,*,#460,.F.);
#1878 = PLANE('',#1879);
#1879 = AXIS2_PLACEMENT_3D('',#1880,#1881,#1882);
#1880 = CARTESIAN_POINT('',(96.875,142.1854174377,0.));
#1881 = DIRECTION('',(-0.866025403784,-0.5,0.));
#1882 = DIRECTION('',(-0.5,0.866025403784,0.));
#1883 = ADVANCED_FACE('',(#1884),#1902,.T.);
#1884 = FACE_BOUND('',#1885,.T.);
#1885 = EDGE_LOOP('',(#1886,#1894,#1900,#1901));
#1886 = ORIENTED_EDGE('',*,*,#1887,.T.);
#1887 = EDGE_CURVE('',#636,#1888,#1890,.T.);
#1888 = VERTEX_POINT('',#1889);
#1889 = CARTESIAN_POINT('',(5.,138.,8.1));
#1890 = LINE('',#1891,#1892);
#1891 = CARTESIAN_POINT('',(5.,138.,10.));
#1892 = VECTOR('',#1893,1.);
#1893 = DIRECTION('',(-0.,-0.,-1.));
#1894 = ORIENTED_EDGE('',*,*,#1895,.T.);
#1895 = EDGE_CURVE('',#1888,#850,#1896,.T.);
#1896 = LINE('',#1897,#1898);
#1897 = CARTESIAN_POINT('',(5.,138.,8.1));
#1898 = VECTOR('',#1899,1.);
#1899 = DIRECTION('',(0.,1.,0.));
#1900 = ORIENTED_EDGE('',*,*,#857,.F.);
#1901 = ORIENTED_EDGE('',*,*,#643,.F.);
#1902 = PLANE('',#1903);
#1903 = AXIS2_PLACEMENT_3D('',#1904,#1905,#1906);
#1904 = CARTESIAN_POINT('',(5.,138.,10.));
#1905 = DIRECTION('',(1.,0.,0.));
#1906 = DIRECTION('',(0.,1.,0.));
#1907 = ADVANCED_FACE('',(#1908),#1926,.T.);
#1908 = FACE_BOUND('',#1909,.T.);
#1909 = EDGE_LOOP('',(#1910,#1918,#1924,#1925));
#1910 = ORIENTED_EDGE('',*,*,#1911,.T.);
#1911 = EDGE_CURVE('',#628,#1912,#1914,.T.);
#1912 = VERTEX_POINT('',#1913);
#1913 = CARTESIAN_POINT('',(50.,138.,8.1));
#1914 = LINE('',#1915,#1916);
#1915 = CARTESIAN_POINT('',(50.,138.,10.));
#1916 = VECTOR('',#1917,1.);
#1917 = DIRECTION('',(-0.,-0.,-1.));
#1918 = ORIENTED_EDGE('',*,*,#1919,.T.);
#1919 = EDGE_CURVE('',#1912,#1888,#1920,.T.);
#1920 = LINE('',#1921,#1922);
#1921 = CARTESIAN_POINT('',(50.,138.,8.1));
#1922 = VECTOR('',#1923,1.);
#1923 = DIRECTION('',(-1.,0.,0.));
#1924 = ORIENTED_EDGE('',*,*,#1887,.F.);
#1925 = ORIENTED_EDGE('',*,*,#635,.F.);
#1926 = PLANE('',#1927);
#1927 = AXIS2_PLACEMENT_3D('',#1928,#1929,#1930);
#1928 = CARTESIAN_POINT('',(50.,138.,10.));
#1929 = DIRECTION('',(0.,1.,0.));
#1930 = DIRECTION('',(-1.,0.,0.));
#1931 = ADVANCED_FACE('',(#1932),#1943,.T.);
#1932 = FACE_BOUND('',#1933,.T.);
#1933 = EDGE_LOOP('',(#1934,#1935,#1941,#1942));
#1934 = ORIENTED_EDGE('',*,*,#841,.T.);
#1935 = ORIENTED_EDGE('',*,*,#1936,.T.);
#1936 = EDGE_CURVE('',#842,#1912,#1937,.T.);
#1937 = LINE('',#1938,#1939);
#1938 = CARTESIAN_POINT('',(50.,150.,8.1));
#1939 = VECTOR('',#1940,1.);
#1940 = DIRECTION('',(0.,-1.,0.));
#1941 = ORIENTED_EDGE('',*,*,#1911,.F.);
#1942 = ORIENTED_EDGE('',*,*,#627,.F.);
#1943 = PLANE('',#1944);
#1944 = AXIS2_PLACEMENT_3D('',#1945,#1946,#1947);
#1945 = CARTESIAN_POINT('',(50.,150.,10.));
#1946 = DIRECTION('',(-1.,0.,0.));
#1947 = DIRECTION('',(0.,-1.,0.));
#1948 = ADVANCED_FACE('',(#1949),#1960,.T.);
#1949 = FACE_BOUND('',#1950,.T.);
#1950 = EDGE_LOOP('',(#1951,#1952,#1953,#1959));
#1951 = ORIENTED_EDGE('',*,*,#783,.T.);
#1952 = ORIENTED_EDGE('',*,*,#733,.T.);
#1953 = ORIENTED_EDGE('',*,*,#1954,.F.);
#1954 = EDGE_CURVE('',#540,#734,#1955,.T.);
#1955 = LINE('',#1956,#1957);
#1956 = CARTESIAN_POINT('',(23.25,20.,10.));
#1957 = VECTOR('',#1958,1.);
#1958 = DIRECTION('',(-0.,-0.,-1.));
#1959 = ORIENTED_EDGE('',*,*,#539,.F.);
#1960 = PLANE('',#1961);
#1961 = AXIS2_PLACEMENT_3D('',#1962,#1963,#1964);
#1962 = CARTESIAN_POINT('',(38.25,20.,10.));
#1963 = DIRECTION('',(0.,1.,0.));
#1964 = DIRECTION('',(-1.,0.,0.));
#1965 = ADVANCED_FACE('',(#1966),#1984,.T.);
#1966 = FACE_BOUND('',#1967,.T.);
#1967 = EDGE_LOOP('',(#1968,#1976,#1982,#1983));
#1968 = ORIENTED_EDGE('',*,*,#1969,.T.);
#1969 = EDGE_CURVE('',#604,#1970,#1972,.T.);
#1970 = VERTEX_POINT('',#1971);
#1971 = CARTESIAN_POINT('',(60.,138.,8.1));
#1972 = LINE('',#1973,#1974);
#1973 = CARTESIAN_POINT('',(60.,138.,10.));
#1974 = VECTOR('',#1975,1.);
#1975 = DIRECTION('',(-0.,-0.,-1.));
#1976 = ORIENTED_EDGE('',*,*,#1977,.T.);
#1977 = EDGE_CURVE('',#1970,#827,#1978,.T.);
#1978 = LINE('',#1979,#1980);
#1979 = CARTESIAN_POINT('',(60.,138.,8.1));
#1980 = VECTOR('',#1981,1.);
#1981 = DIRECTION('',(0.,1.,0.));
#1982 = ORIENTED_EDGE('',*,*,#834,.F.);
#1983 = ORIENTED_EDGE('',*,*,#611,.F.);
#1984 = PLANE('',#1985);
#1985 = AXIS2_PLACEMENT_3D('',#1986,#1987,#1988);
#1986 = CARTESIAN_POINT('',(60.,138.,10.));
#1987 = DIRECTION('',(1.,0.,0.));
#1988 = DIRECTION('',(0.,1.,0.));
#1989 = ADVANCED_FACE('',(#1990),#2001,.T.);
#1990 = FACE_BOUND('',#1991,.T.);
#1991 = EDGE_LOOP('',(#1992,#1993,#1994,#2000));
#1992 = ORIENTED_EDGE('',*,*,#1954,.T.);
#1993 = ORIENTED_EDGE('',*,*,#741,.T.);
#1994 = ORIENTED_EDGE('',*,*,#1995,.F.);
#1995 = EDGE_CURVE('',#548,#742,#1996,.T.);
#1996 = LINE('',#1997,#1998);
#1997 = CARTESIAN_POINT('',(23.25,92.5,10.));
#1998 = VECTOR('',#1999,1.);
#1999 = DIRECTION('',(-0.,-0.,-1.));
#2000 = ORIENTED_EDGE('',*,*,#547,.F.);
#2001 = PLANE('',#2002);
#2002 = AXIS2_PLACEMENT_3D('',#2003,#2004,#2005);
#2003 = CARTESIAN_POINT('',(23.25,20.,10.));
#2004 = DIRECTION('',(1.,0.,0.));
#2005 = DIRECTION('',(0.,1.,0.));
#2006 = ADVANCED_FACE('',(#2007),#2025,.T.);
#2007 = FACE_BOUND('',#2008,.T.);
#2008 = EDGE_LOOP('',(#2009,#2017,#2023,#2024));
#2009 = ORIENTED_EDGE('',*,*,#2010,.T.);
#2010 = EDGE_CURVE('',#596,#2011,#2013,.T.);
#2011 = VERTEX_POINT('',#2012);
#2012 = CARTESIAN_POINT('',(105.,138.,8.1));
#2013 = LINE('',#2014,#2015);
#2014 = CARTESIAN_POINT('',(105.,138.,10.));
#2015 = VECTOR('',#2016,1.);
#2016 = DIRECTION('',(-0.,-0.,-1.));
#2017 = ORIENTED_EDGE('',*,*,#2018,.T.);
#2018 = EDGE_CURVE('',#2011,#1970,#2019,.T.);
#2019 = LINE('',#2020,#2021);
#2020 = CARTESIAN_POINT('',(105.,138.,8.1));
#2021 = VECTOR('',#2022,1.);
#2022 = DIRECTION('',(-1.,0.,0.));
#2023 = ORIENTED_EDGE('',*,*,#1969,.F.);
#2024 = ORIENTED_EDGE('',*,*,#603,.F.);
#2025 = PLANE('',#2026);
#2026 = AXIS2_PLACEMENT_3D('',#2027,#2028,#2029);
#2027 = CARTESIAN_POINT('',(105.,138.,10.));
#2028 = DIRECTION('',(0.,1.,0.));
#2029 = DIRECTION('',(-1.,0.,0.));
#2030 = ADVANCED_FACE('',(#2031),#2042,.T.);
#2031 = FACE_BOUND('',#2032,.T.);
#2032 = EDGE_LOOP('',(#2033,#2034,#2035,#2041));
#2033 = ORIENTED_EDGE('',*,*,#1995,.T.);
#2034 = ORIENTED_EDGE('',*,*,#749,.T.);
#2035 = ORIENTED_EDGE('',*,*,#2036,.F.);
#2036 = EDGE_CURVE('',#556,#750,#2037,.T.);
#2037 = LINE('',#2038,#2039);
#2038 = CARTESIAN_POINT('',(86.75,92.5,10.));
#2039 = VECTOR('',#2040,1.);
#2040 = DIRECTION('',(-0.,-0.,-1.));
#2041 = ORIENTED_EDGE('',*,*,#555,.F.);
#2042 = PLANE('',#2043);
#2043 = AXIS2_PLACEMENT_3D('',#2044,#2045,#2046);
#2044 = CARTESIAN_POINT('',(23.25,92.5,10.));
#2045 = DIRECTION('',(0.,-1.,0.));
#2046 = DIRECTION('',(1.,0.,0.));
#2047 = ADVANCED_FACE('',(#2048),#2059,.T.);
#2048 = FACE_BOUND('',#2049,.T.);
#2049 = EDGE_LOOP('',(#2050,#2051,#2057,#2058));
#2050 = ORIENTED_EDGE('',*,*,#818,.T.);
#2051 = ORIENTED_EDGE('',*,*,#2052,.T.);
#2052 = EDGE_CURVE('',#819,#2011,#2053,.T.);
#2053 = LINE('',#2054,#2055);
#2054 = CARTESIAN_POINT('',(105.,150.,8.1));
#2055 = VECTOR('',#2056,1.);
#2056 = DIRECTION('',(0.,-1.,0.));
#2057 = ORIENTED_EDGE('',*,*,#2010,.F.);
#2058 = ORIENTED_EDGE('',*,*,#595,.F.);
#2059 = PLANE('',#2060);
#2060 = AXIS2_PLACEMENT_3D('',#2061,#2062,#2063);
#2061 = CARTESIAN_POINT('',(105.,150.,10.));
#2062 = DIRECTION('',(-1.,0.,0.));
#2063 = DIRECTION('',(0.,-1.,0.));
#2064 = ADVANCED_FACE('',(#2065),#2076,.T.);
#2065 = FACE_BOUND('',#2066,.T.);
#2066 = EDGE_LOOP('',(#2067,#2068,#2069,#2075));
#2067 = ORIENTED_EDGE('',*,*,#2036,.T.);
#2068 = ORIENTED_EDGE('',*,*,#757,.T.);
#2069 = ORIENTED_EDGE('',*,*,#2070,.F.);
#2070 = EDGE_CURVE('',#564,#758,#2071,.T.);
#2071 = LINE('',#2072,#2073);
#2072 = CARTESIAN_POINT('',(86.75,20.,10.));
#2073 = VECTOR('',#2074,1.);
#2074 = DIRECTION('',(-0.,-0.,-1.));
#2075 = ORIENTED_EDGE('',*,*,#563,.F.);
#2076 = PLANE('',#2077);
#2077 = AXIS2_PLACEMENT_3D('',#2078,#2079,#2080);
#2078 = CARTESIAN_POINT('',(86.75,92.5,10.));
#2079 = DIRECTION('',(-1.,0.,0.));
#2080 = DIRECTION('',(0.,-1.,0.));
#2081 = ADVANCED_FACE('',(#2082),#2088,.T.);
#2082 = FACE_BOUND('',#2083,.T.);
#2083 = EDGE_LOOP('',(#2084,#2085,#2086,#2087));
#2084 = ORIENTED_EDGE('',*,*,#2070,.T.);
#2085 = ORIENTED_EDGE('',*,*,#765,.T.);
#2086 = ORIENTED_EDGE('',*,*,#701,.F.);
#2087 = ORIENTED_EDGE('',*,*,#571,.F.);
#2088 = PLANE('',#2089);
#2089 = AXIS2_PLACEMENT_3D('',#2090,#2091,#2092);
#2090 = CARTESIAN_POINT('',(86.75,20.,10.));
#2091 = DIRECTION('',(0.,1.,0.));
#2092 = DIRECTION('',(-1.,0.,0.));
#2093 = ADVANCED_FACE('',(#2094),#2113,.T.);
#2094 = FACE_BOUND('',#2095,.F.);
#2095 = EDGE_LOOP('',(#2096,#2104,#2111,#2112));
#2096 = ORIENTED_EDGE('',*,*,#2097,.T.);
#2097 = EDGE_CURVE('',#652,#2098,#2100,.T.);
#2098 = VERTEX_POINT('',#2099);
#2099 = CARTESIAN_POINT('',(12.2,25.,12.));
#2100 = LINE('',#2101,#2102);
#2101 = CARTESIAN_POINT('',(12.2,25.,10.));
#2102 = VECTOR('',#2103,1.);
#2103 = DIRECTION('',(0.,0.,1.));
#2104 = ORIENTED_EDGE('',*,*,#2105,.T.);
#2105 = EDGE_CURVE('',#2098,#2098,#2106,.T.);
#2106 = CIRCLE('',#2107,2.2);
#2107 = AXIS2_PLACEMENT_3D('',#2108,#2109,#2110);
#2108 = CARTESIAN_POINT('',(10.,25.,12.));
#2109 = DIRECTION('',(0.,0.,1.));
#2110 = DIRECTION('',(1.,0.,0.));
#2111 = ORIENTED_EDGE('',*,*,#2097,.F.);
#2112 = ORIENTED_EDGE('',*,*,#651,.F.);
#2113 = CYLINDRICAL_SURFACE('',#2114,2.2);
#2114 = AXIS2_PLACEMENT_3D('',#2115,#2116,#2117);
#2115 = CARTESIAN_POINT('',(10.,25.,10.));
#2116 = DIRECTION('',(-0.,-0.,-1.));
#2117 = DIRECTION('',(1.,0.,0.));
#2118 = ADVANCED_FACE('',(#2119),#2138,.T.);
#2119 = FACE_BOUND('',#2120,.F.);
#2120 = EDGE_LOOP('',(#2121,#2129,#2136,#2137));
#2121 = ORIENTED_EDGE('',*,*,#2122,.T.);
#2122 = EDGE_CURVE('',#663,#2123,#2125,.T.);
#2123 = VERTEX_POINT('',#2124);
#2124 = CARTESIAN_POINT('',(102.2,25.,12.));
#2125 = LINE('',#2126,#2127);
#2126 = CARTESIAN_POINT('',(102.2,25.,10.));
#2127 = VECTOR('',#2128,1.);
#2128 = DIRECTION('',(0.,0.,1.));
#2129 = ORIENTED_EDGE('',*,*,#2130,.T.);
#2130 = EDGE_CURVE('',#2123,#2123,#2131,.T.);
#2131 = CIRCLE('',#2132,2.2);
#2132 = AXIS2_PLACEMENT_3D('',#2133,#2134,#2135);
#2133 = CARTESIAN_POINT('',(100.,25.,12.));
#2134 = DIRECTION('',(0.,0.,1.));
#2135 = DIRECTION('',(1.,0.,0.));
#2136 = ORIENTED_EDGE('',*,*,#2122,.F.);
#2137 = ORIENTED_EDGE('',*,*,#662,.F.);
#2138 = CYLINDRICAL_SURFACE('',#2139,2.2);
#2139 = AXIS2_PLACEMENT_3D('',#2140,#2141,#2142);
#2140 = CARTESIAN_POINT('',(100.,25.,10.));
#2141 = DIRECTION('',(-0.,-0.,-1.));
#2142 = DIRECTION('',(1.,0.,0.));
#2143 = ADVANCED_FACE('',(#2144),#2163,.T.);
#2144 = FACE_BOUND('',#2145,.F.);
#2145 = EDGE_LOOP('',(#2146,#2154,#2161,#2162));
#2146 = ORIENTED_EDGE('',*,*,#2147,.T.);
#2147 = EDGE_CURVE('',#674,#2148,#2150,.T.);
#2148 = VERTEX_POINT('',#2149);
#2149 = CARTESIAN_POINT('',(12.2,83.,12.));
#2150 = LINE('',#2151,#2152);
#2151 = CARTESIAN_POINT('',(12.2,83.,10.));
#2152 = VECTOR('',#2153,1.);
#2153 = DIRECTION('',(0.,0.,1.));
#2154 = ORIENTED_EDGE('',*,*,#2155,.T.);
#2155 = EDGE_CURVE('',#2148,#2148,#2156,.T.);
#2156 = CIRCLE('',#2157,2.2);
#2157 = AXIS2_PLACEMENT_3D('',#2158,#2159,#2160);
#2158 = CARTESIAN_POINT('',(10.,83.,12.));
#2159 = DIRECTION('',(0.,0.,1.));
#2160 = DIRECTION('',(1.,0.,0.));
#2161 = ORIENTED_EDGE('',*,*,#2147,.F.);
#2162 = ORIENTED_EDGE('',*,*,#673,.F.);
#2163 = CYLINDRICAL_SURFACE('',#2164,2.2);
#2164 = AXIS2_PLACEMENT_3D('',#2165,#2166,#2167);
#2165 = CARTESIAN_POINT('',(10.,83.,10.));
#2166 = DIRECTION('',(-0.,-0.,-1.));
#2167 = DIRECTION('',(1.,0.,0.));
#2168 = ADVANCED_FACE('',(#2169),#2188,.T.);
#2169 = FACE_BOUND('',#2170,.F.);
#2170 = EDGE_LOOP('',(#2171,#2179,#2186,#2187));
#2171 = ORIENTED_EDGE('',*,*,#2172,.T.);
#2172 = EDGE_CURVE('',#685,#2173,#2175,.T.);
#2173 = VERTEX_POINT('',#2174);
#2174 = CARTESIAN_POINT('',(102.2,83.,12.));
#2175 = LINE('',#2176,#2177);
#2176 = CARTESIAN_POINT('',(102.2,83.,10.));
#2177 = VECTOR('',#2178,1.);
#2178 = DIRECTION('',(0.,0.,1.));
#2179 = ORIENTED_EDGE('',*,*,#2180,.T.);
#2180 = EDGE_CURVE('',#2173,#2173,#2181,.T.);
#2181 = CIRCLE('',#2182,2.2);
#2182 = AXIS2_PLACEMENT_3D('',#2183,#2184,#2185);
#2183 = CARTESIAN_POINT('',(100.,83.,12.));
#2184 = DIRECTION('',(0.,0.,1.));
#2185 = DIRECTION('',(1.,0.,0.));
#2186 = ORIENTED_EDGE('',*,*,#2172,.F.);
#2187 = ORIENTED_EDGE('',*,*,#684,.F.);
#2188 = CYLINDRICAL_SURFACE('',#2189,2.2);
#2189 = AXIS2_PLACEMENT_3D('',#2190,#2191,#2192);
#2190 = CARTESIAN_POINT('',(100.,83.,10.));
#2191 = DIRECTION('',(-0.,-0.,-1.));
#2192 = DIRECTION('',(1.,0.,0.));
#2193 = ADVANCED_FACE('',(#2194,#2200,#2211,#2222),#2233,.T.);
#2194 = FACE_BOUND('',#2195,.T.);
#2195 = EDGE_LOOP('',(#2196,#2197,#2198,#2199));
#2196 = ORIENTED_EDGE('',*,*,#849,.F.);
#2197 = ORIENTED_EDGE('',*,*,#1895,.F.);
#2198 = ORIENTED_EDGE('',*,*,#1919,.F.);
#2199 = ORIENTED_EDGE('',*,*,#1936,.F.);
#2200 = FACE_BOUND('',#2201,.T.);
#2201 = EDGE_LOOP('',(#2202));
#2202 = ORIENTED_EDGE('',*,*,#2203,.F.);
#2203 = EDGE_CURVE('',#2204,#2204,#2206,.T.);
#2204 = VERTEX_POINT('',#2205);
#2205 = CARTESIAN_POINT('',(29.1,144.,8.1));
#2206 = CIRCLE('',#2207,1.6);
#2207 = AXIS2_PLACEMENT_3D('',#2208,#2209,#2210);
#2208 = CARTESIAN_POINT('',(27.5,144.,8.1));
#2209 = DIRECTION('',(0.,0.,1.));
#2210 = DIRECTION('',(1.,0.,0.));
#2211 = FACE_BOUND('',#2212,.T.);
#2212 = EDGE_LOOP('',(#2213));
#2213 = ORIENTED_EDGE('',*,*,#2214,.F.);
#2214 = EDGE_CURVE('',#2215,#2215,#2217,.T.);
#2215 = VERTEX_POINT('',#2216);
#2216 = CARTESIAN_POINT('',(13.1,145.,8.1));
#2217 = CIRCLE('',#2218,1.6);
#2218 = AXIS2_PLACEMENT_3D('',#2219,#2220,#2221);
#2219 = CARTESIAN_POINT('',(11.5,145.,8.1));
#2220 = DIRECTION('',(0.,0.,1.));
#2221 = DIRECTION('',(1.,0.,0.));
#2222 = FACE_BOUND('',#2223,.T.);
#2223 = EDGE_LOOP('',(#2224));
#2224 = ORIENTED_EDGE('',*,*,#2225,.F.);
#2225 = EDGE_CURVE('',#2226,#2226,#2228,.T.);
#2226 = VERTEX_POINT('',#2227);
#2227 = CARTESIAN_POINT('',(45.1,145.,8.1));
#2228 = CIRCLE('',#2229,1.6);
#2229 = AXIS2_PLACEMENT_3D('',#2230,#2231,#2232);
#2230 = CARTESIAN_POINT('',(43.5,145.,8.1));
#2231 = DIRECTION('',(0.,0.,1.));
#2232 = DIRECTION('',(1.,0.,0.));
#2233 = PLANE('',#2234);
#2234 = AXIS2_PLACEMENT_3D('',#2235,#2236,#2237);
#2235 = CARTESIAN_POINT('',(55.,144.,8.1));
#2236 = DIRECTION('',(0.,0.,1.));
#2237 = DIRECTION('',(1.,0.,0.));
#2238 = ADVANCED_FACE('',(#2239,#2245,#2256,#2267),#2278,.T.);
#2239 = FACE_BOUND('',#2240,.T.);
#2240 = EDGE_LOOP('',(#2241,#2242,#2243,#2244));
#2241 = ORIENTED_EDGE('',*,*,#826,.F.);
#2242 = ORIENTED_EDGE('',*,*,#1977,.F.);
#2243 = ORIENTED_EDGE('',*,*,#2018,.F.);
#2244 = ORIENTED_EDGE('',*,*,#2052,.F.);
#2245 = FACE_BOUND('',#2246,.T.);
#2246 = EDGE_LOOP('',(#2247));
#2247 = ORIENTED_EDGE('',*,*,#2248,.F.);
#2248 = EDGE_CURVE('',#2249,#2249,#2251,.T.);
#2249 = VERTEX_POINT('',#2250);
#2250 = CARTESIAN_POINT('',(84.1,144.,8.1));
#2251 = CIRCLE('',#2252,1.6);
#2252 = AXIS2_PLACEMENT_3D('',#2253,#2254,#2255);
#2253 = CARTESIAN_POINT('',(82.5,144.,8.1));
#2254 = DIRECTION('',(0.,0.,1.));
#2255 = DIRECTION('',(1.,0.,0.));
#2256 = FACE_BOUND('',#2257,.T.);
#2257 = EDGE_LOOP('',(#2258));
#2258 = ORIENTED_EDGE('',*,*,#2259,.F.);
#2259 = EDGE_CURVE('',#2260,#2260,#2262,.T.);
#2260 = VERTEX_POINT('',#2261);
#2261 = CARTESIAN_POINT('',(68.1,145.,8.1));
#2262 = CIRCLE('',#2263,1.6);
#2263 = AXIS2_PLACEMENT_3D('',#2264,#2265,#2266);
#2264 = CARTESIAN_POINT('',(66.5,145.,8.1));
#2265 = DIRECTION('',(0.,0.,1.));
#2266 = DIRECTION('',(1.,0.,0.));
#2267 = FACE_BOUND('',#2268,.T.);
#2268 = EDGE_LOOP('',(#2269));
#2269 = ORIENTED_EDGE('',*,*,#2270,.F.);
#2270 = EDGE_CURVE('',#2271,#2271,#2273,.T.);
#2271 = VERTEX_POINT('',#2272);
#2272 = CARTESIAN_POINT('',(100.1,145.,8.1));
#2273 = CIRCLE('',#2274,1.6);
#2274 = AXIS2_PLACEMENT_3D('',#2275,#2276,#2277);
#2275 = CARTESIAN_POINT('',(98.5,145.,8.1));
#2276 = DIRECTION('',(0.,0.,1.));
#2277 = DIRECTION('',(1.,0.,0.));
#2278 = PLANE('',#2279);
#2279 = AXIS2_PLACEMENT_3D('',#2280,#2281,#2282);
#2280 = CARTESIAN_POINT('',(55.,144.,8.1));
#2281 = DIRECTION('',(0.,0.,1.));
#2282 = DIRECTION('',(1.,0.,0.));
#2283 = ADVANCED_FACE('',(#2284),#2287,.F.);
#2284 = FACE_BOUND('',#2285,.T.);
#2285 = EDGE_LOOP('',(#2286));
#2286 = ORIENTED_EDGE('',*,*,#881,.T.);
#2287 = PLANE('',#2288);
#2288 = AXIS2_PLACEMENT_3D('',#2289,#2290,#2291);
#2289 = CARTESIAN_POINT('',(55.,70.,2.5));
#2290 = DIRECTION('',(0.,0.,1.));
#2291 = DIRECTION('',(1.,0.,0.));
#2292 = ADVANCED_FACE('',(#2293),#2296,.F.);
#2293 = FACE_BOUND('',#2294,.T.);
#2294 = EDGE_LOOP('',(#2295));
#2295 = ORIENTED_EDGE('',*,*,#906,.T.);
#2296 = PLANE('',#2297);
#2297 = AXIS2_PLACEMENT_3D('',#2298,#2299,#2300);
#2298 = CARTESIAN_POINT('',(55.,70.,2.5));
#2299 = DIRECTION('',(0.,0.,1.));
#2300 = DIRECTION('',(1.,0.,0.));
#2301 = ADVANCED_FACE('',(#2302),#2305,.F.);
#2302 = FACE_BOUND('',#2303,.T.);
#2303 = EDGE_LOOP('',(#2304));
#2304 = ORIENTED_EDGE('',*,*,#931,.T.);
#2305 = PLANE('',#2306);
#2306 = AXIS2_PLACEMENT_3D('',#2307,#2308,#2309);
#2307 = CARTESIAN_POINT('',(55.,70.,2.5));
#2308 = DIRECTION('',(0.,0.,1.));
#2309 = DIRECTION('',(1.,0.,0.));
#2310 = ADVANCED_FACE('',(#2311),#2314,.F.);
#2311 = FACE_BOUND('',#2312,.T.);
#2312 = EDGE_LOOP('',(#2313));
#2313 = ORIENTED_EDGE('',*,*,#956,.T.);
#2314 = PLANE('',#2315);
#2315 = AXIS2_PLACEMENT_3D('',#2316,#2317,#2318);
#2316 = CARTESIAN_POINT('',(55.,70.,2.5));
#2317 = DIRECTION('',(0.,0.,1.));
#2318 = DIRECTION('',(1.,0.,0.));
#2319 = ADVANCED_FACE('',(#2320),#2323,.F.);
#2320 = FACE_BOUND('',#2321,.T.);
#2321 = EDGE_LOOP('',(#2322));
#2322 = ORIENTED_EDGE('',*,*,#981,.T.);
#2323 = PLANE('',#2324);
#2324 = AXIS2_PLACEMENT_3D('',#2325,#2326,#2327);
#2325 = CARTESIAN_POINT('',(55.,70.,2.5));
#2326 = DIRECTION('',(0.,0.,1.));
#2327 = DIRECTION('',(1.,0.,0.));
#2328 = ADVANCED_FACE('',(#2329,#2337),#2348,.F.);
#2329 = FACE_BOUND('',#2330,.F.);
#2330 = EDGE_LOOP('',(#2331,#2332,#2333,#2334,#2335,#2336));
#2331 = ORIENTED_EDGE('',*,*,#1054,.F.);
#2332 = ORIENTED_EDGE('',*,*,#1006,.F.);
#2333 = ORIENTED_EDGE('',*,*,#1037,.F.);
#2334 = ORIENTED_EDGE('',*,*,#1085,.F.);
#2335 = ORIENTED_EDGE('',*,*,#1126,.F.);
#2336 = ORIENTED_EDGE('',*,*,#1102,.F.);
#2337 = FACE_BOUND('',#2338,.F.);
#2338 = EDGE_LOOP('',(#2339));
#2339 = ORIENTED_EDGE('',*,*,#2340,.F.);
#2340 = EDGE_CURVE('',#2341,#2341,#2343,.T.);
#2341 = VERTEX_POINT('',#2342);
#2342 = CARTESIAN_POINT('',(13.1,145.,5.));
#2343 = CIRCLE('',#2344,1.6);
#2344 = AXIS2_PLACEMENT_3D('',#2345,#2346,#2347);
#2345 = CARTESIAN_POINT('',(11.5,145.,5.));
#2346 = DIRECTION('',(0.,0.,1.));
#2347 = DIRECTION('',(1.,0.,0.));
#2348 = PLANE('',#2349);
#2349 = AXIS2_PLACEMENT_3D('',#2350,#2351,#2352);
#2350 = CARTESIAN_POINT('',(55.000000000001,144.66666666666,5.));
#2351 = DIRECTION('',(0.,0.,1.));
#2352 = DIRECTION('',(1.,0.,0.));
#2353 = ADVANCED_FACE('',(#2354,#2362),#2373,.F.);
#2354 = FACE_BOUND('',#2355,.F.);
#2355 = EDGE_LOOP('',(#2356,#2357,#2358,#2359,#2360,#2361));
#2356 = ORIENTED_EDGE('',*,*,#1198,.F.);
#2357 = ORIENTED_EDGE('',*,*,#1150,.F.);
#2358 = ORIENTED_EDGE('',*,*,#1181,.F.);
#2359 = ORIENTED_EDGE('',*,*,#1229,.F.);
#2360 = ORIENTED_EDGE('',*,*,#1270,.F.);
#2361 = ORIENTED_EDGE('',*,*,#1246,.F.);
#2362 = FACE_BOUND('',#2363,.F.);
#2363 = EDGE_LOOP('',(#2364));
#2364 = ORIENTED_EDGE('',*,*,#2365,.F.);
#2365 = EDGE_CURVE('',#2366,#2366,#2368,.T.);
#2366 = VERTEX_POINT('',#2367);
#2367 = CARTESIAN_POINT('',(29.1,144.,5.));
#2368 = CIRCLE('',#2369,1.6);
#2369 = AXIS2_PLACEMENT_3D('',#2370,#2371,#2372);
#2370 = CARTESIAN_POINT('',(27.5,144.,5.));
#2371 = DIRECTION('',(0.,0.,1.));
#2372 = DIRECTION('',(1.,0.,0.));
#2373 = PLANE('',#2374);
#2374 = AXIS2_PLACEMENT_3D('',#2375,#2376,#2377);
#2375 = CARTESIAN_POINT('',(55.000000000001,144.66666666666,5.));
#2376 = DIRECTION('',(0.,0.,1.));
#2377 = DIRECTION('',(1.,0.,0.));
#2378 = ADVANCED_FACE('',(#2379,#2387),#2398,.F.);
#2379 = FACE_BOUND('',#2380,.F.);
#2380 = EDGE_LOOP('',(#2381,#2382,#2383,#2384,#2385,#2386));
#2381 = ORIENTED_EDGE('',*,*,#1342,.F.);
#2382 = ORIENTED_EDGE('',*,*,#1294,.F.);
#2383 = ORIENTED_EDGE('',*,*,#1325,.F.);
#2384 = ORIENTED_EDGE('',*,*,#1373,.F.);
#2385 = ORIENTED_EDGE('',*,*,#1414,.F.);
#2386 = ORIENTED_EDGE('',*,*,#1390,.F.);
#2387 = FACE_BOUND('',#2388,.F.);
#2388 = EDGE_LOOP('',(#2389));
#2389 = ORIENTED_EDGE('',*,*,#2390,.F.);
#2390 = EDGE_CURVE('',#2391,#2391,#2393,.T.);
#2391 = VERTEX_POINT('',#2392);
#2392 = CARTESIAN_POINT('',(45.1,145.,5.));
#2393 = CIRCLE('',#2394,1.6);
#2394 = AXIS2_PLACEMENT_3D('',#2395,#2396,#2397);
#2395 = CARTESIAN_POINT('',(43.5,145.,5.));
#2396 = DIRECTION('',(0.,0.,1.));
#2397 = DIRECTION('',(1.,0.,0.));
#2398 = PLANE('',#2399);
#2399 = AXIS2_PLACEMENT_3D('',#2400,#2401,#2402);
#2400 = CARTESIAN_POINT('',(55.000000000001,144.66666666666,5.));
#2401 = DIRECTION('',(0.,0.,1.));
#2402 = DIRECTION('',(1.,0.,0.));
#2403 = ADVANCED_FACE('',(#2404,#2412),#2423,.F.);
#2404 = FACE_BOUND('',#2405,.F.);
#2405 = EDGE_LOOP('',(#2406,#2407,#2408,#2409,#2410,#2411));
#2406 = ORIENTED_EDGE('',*,*,#1486,.F.);
#2407 = ORIENTED_EDGE('',*,*,#1438,.F.);
#2408 = ORIENTED_EDGE('',*,*,#1469,.F.);
#2409 = ORIENTED_EDGE('',*,*,#1517,.F.);
#2410 = ORIENTED_EDGE('',*,*,#1558,.F.);
#2411 = ORIENTED_EDGE('',*,*,#1534,.F.);
#2412 = FACE_BOUND('',#2413,.F.);
#2413 = EDGE_LOOP('',(#2414));
#2414 = ORIENTED_EDGE('',*,*,#2415,.F.);
#2415 = EDGE_CURVE('',#2416,#2416,#2418,.T.);
#2416 = VERTEX_POINT('',#2417);
#2417 = CARTESIAN_POINT('',(68.1,145.,5.));
#2418 = CIRCLE('',#2419,1.6);
#2419 = AXIS2_PLACEMENT_3D('',#2420,#2421,#2422);
#2420 = CARTESIAN_POINT('',(66.5,145.,5.));
#2421 = DIRECTION('',(0.,0.,1.));
#2422 = DIRECTION('',(1.,0.,0.));
#2423 = PLANE('',#2424);
#2424 = AXIS2_PLACEMENT_3D('',#2425,#2426,#2427);
#2425 = CARTESIAN_POINT('',(55.000000000001,144.66666666666,5.));
#2426 = DIRECTION('',(0.,0.,1.));
#2427 = DIRECTION('',(1.,0.,0.));
#2428 = ADVANCED_FACE('',(#2429),#2432,.F.);
#2429 = FACE_BOUND('',#2430,.T.);
#2430 = EDGE_LOOP('',(#2431));
#2431 = ORIENTED_EDGE('',*,*,#1582,.T.);
#2432 = PLANE('',#2433);
#2433 = AXIS2_PLACEMENT_3D('',#2434,#2435,#2436);
#2434 = CARTESIAN_POINT('',(55.,70.,2.5));
#2435 = DIRECTION('',(0.,0.,1.));
#2436 = DIRECTION('',(1.,0.,0.));
#2437 = ADVANCED_FACE('',(#2438,#2446),#2457,.F.);
#2438 = FACE_BOUND('',#2439,.F.);
#2439 = EDGE_LOOP('',(#2440,#2441,#2442,#2443,#2444,#2445));
#2440 = ORIENTED_EDGE('',*,*,#1655,.F.);
#2441 = ORIENTED_EDGE('',*,*,#1607,.F.);
#2442 = ORIENTED_EDGE('',*,*,#1638,.F.);
#2443 = ORIENTED_EDGE('',*,*,#1686,.F.);
#2444 = ORIENTED_EDGE('',*,*,#1727,.F.);
#2445 = ORIENTED_EDGE('',*,*,#1703,.F.);
#2446 = FACE_BOUND('',#2447,.F.);
#2447 = EDGE_LOOP('',(#2448));
#2448 = ORIENTED_EDGE('',*,*,#2449,.F.);
#2449 = EDGE_CURVE('',#2450,#2450,#2452,.T.);
#2450 = VERTEX_POINT('',#2451);
#2451 = CARTESIAN_POINT('',(84.1,144.,5.));
#2452 = CIRCLE('',#2453,1.6);
#2453 = AXIS2_PLACEMENT_3D('',#2454,#2455,#2456);
#2454 = CARTESIAN_POINT('',(82.5,144.,5.));
#2455 = DIRECTION('',(0.,0.,1.));
#2456 = DIRECTION('',(1.,0.,0.));
#2457 = PLANE('',#2458);
#2458 = AXIS2_PLACEMENT_3D('',#2459,#2460,#2461);
#2459 = CARTESIAN_POINT('',(55.000000000001,144.66666666666,5.));
#2460 = DIRECTION('',(0.,0.,1.));
#2461 = DIRECTION('',(1.,0.,0.));
#2462 = ADVANCED_FACE('',(#2463,#2471),#2482,.F.);
#2463 = FACE_BOUND('',#2464,.F.);
#2464 = EDGE_LOOP('',(#2465,#2466,#2467,#2468,#2469,#2470));
#2465 = ORIENTED_EDGE('',*,*,#1799,.F.);
#2466 = ORIENTED_EDGE('',*,*,#1751,.F.);
#2467 = ORIENTED_EDGE('',*,*,#1782,.F.);
#2468 = ORIENTED_EDGE('',*,*,#1830,.F.);
#2469 = ORIENTED_EDGE('',*,*,#1871,.F.);
#2470 = ORIENTED_EDGE('',*,*,#1847,.F.);
#2471 = FACE_BOUND('',#2472,.F.);
#2472 = EDGE_LOOP('',(#2473));
#2473 = ORIENTED_EDGE('',*,*,#2474,.F.);
#2474 = EDGE_CURVE('',#2475,#2475,#2477,.T.);
#2475 = VERTEX_POINT('',#2476);
#2476 = CARTESIAN_POINT('',(100.1,145.,5.));
#2477 = CIRCLE('',#2478,1.6);
#2478 = AXIS2_PLACEMENT_3D('',#2479,#2480,#2481);
#2479 = CARTESIAN_POINT('',(98.5,145.,5.));
#2480 = DIRECTION('',(0.,0.,1.));
#2481 = DIRECTION('',(1.,0.,0.));
#2482 = PLANE('',#2483);
#2483 = AXIS2_PLACEMENT_3D('',#2484,#2485,#2486);
#2484 = CARTESIAN_POINT('',(55.000000000001,144.66666666666,5.));
#2485 = DIRECTION('',(0.,0.,1.));
#2486 = DIRECTION('',(1.,0.,0.));
#2487 = ADVANCED_FACE('',(#2488),#2491,.T.);
#2488 = FACE_BOUND('',#2489,.T.);
#2489 = EDGE_LOOP('',(#2490));
#2490 = ORIENTED_EDGE('',*,*,#2105,.T.);
#2491 = PLANE('',#2492);
#2492 = AXIS2_PLACEMENT_3D('',#2493,#2494,#2495);
#2493 = CARTESIAN_POINT('',(55.,54.,12.));
#2494 = DIRECTION('',(0.,0.,1.));
#2495 = DIRECTION('',(1.,0.,0.));
#2496 = ADVANCED_FACE('',(#2497),#2500,.T.);
#2497 = FACE_BOUND('',#2498,.T.);
#2498 = EDGE_LOOP('',(#2499));
#2499 = ORIENTED_EDGE('',*,*,#2130,.T.);
#2500 = PLANE('',#2501);
#2501 = AXIS2_PLACEMENT_3D('',#2502,#2503,#2504);
#2502 = CARTESIAN_POINT('',(55.,54.,12.));
#2503 = DIRECTION('',(0.,0.,1.));
#2504 = DIRECTION('',(1.,0.,0.));
#2505 = ADVANCED_FACE('',(#2506),#2509,.T.);
#2506 = FACE_BOUND('',#2507,.T.);
#2507 = EDGE_LOOP('',(#2508));
#2508 = ORIENTED_EDGE('',*,*,#2155,.T.);
#2509 = PLANE('',#2510);
#2510 = AXIS2_PLACEMENT_3D('',#2511,#2512,#2513);
#2511 = CARTESIAN_POINT('',(55.,54.,12.));
#2512 = DIRECTION('',(0.,0.,1.));
#2513 = DIRECTION('',(1.,0.,0.));
#2514 = ADVANCED_FACE('',(#2515),#2518,.T.);
#2515 = FACE_BOUND('',#2516,.T.);
#2516 = EDGE_LOOP('',(#2517));
#2517 = ORIENTED_EDGE('',*,*,#2180,.T.);
#2518 = PLANE('',#2519);
#2519 = AXIS2_PLACEMENT_3D('',#2520,#2521,#2522);
#2520 = CARTESIAN_POINT('',(55.,54.,12.));
#2521 = DIRECTION('',(0.,0.,1.));
#2522 = DIRECTION('',(1.,0.,0.));
#2523 = ADVANCED_FACE('',(#2524),#2535,.F.);
#2524 = FACE_BOUND('',#2525,.F.);
#2525 = EDGE_LOOP('',(#2526,#2532,#2533,#2534));
#2526 = ORIENTED_EDGE('',*,*,#2527,.F.);
#2527 = EDGE_CURVE('',#2204,#2366,#2528,.T.);
#2528 = LINE('',#2529,#2530);
#2529 = CARTESIAN_POINT('',(29.1,144.,8.1));
#2530 = VECTOR('',#2531,1.);
#2531 = DIRECTION('',(-0.,-0.,-1.));
#2532 = ORIENTED_EDGE('',*,*,#2203,.F.);
#2533 = ORIENTED_EDGE('',*,*,#2527,.T.);
#2534 = ORIENTED_EDGE('',*,*,#2365,.T.);
#2535 = CYLINDRICAL_SURFACE('',#2536,1.6);
#2536 = AXIS2_PLACEMENT_3D('',#2537,#2538,#2539);
#2537 = CARTESIAN_POINT('',(27.5,144.,8.1));
#2538 = DIRECTION('',(0.,0.,1.));
#2539 = DIRECTION('',(1.,0.,0.));
#2540 = ADVANCED_FACE('',(#2541),#2552,.F.);
#2541 = FACE_BOUND('',#2542,.F.);
#2542 = EDGE_LOOP('',(#2543,#2549,#2550,#2551));
#2543 = ORIENTED_EDGE('',*,*,#2544,.F.);
#2544 = EDGE_CURVE('',#2215,#2341,#2545,.T.);
#2545 = LINE('',#2546,#2547);
#2546 = CARTESIAN_POINT('',(13.1,145.,8.1));
#2547 = VECTOR('',#2548,1.);
#2548 = DIRECTION('',(-0.,-0.,-1.));
#2549 = ORIENTED_EDGE('',*,*,#2214,.F.);
#2550 = ORIENTED_EDGE('',*,*,#2544,.T.);
#2551 = ORIENTED_EDGE('',*,*,#2340,.T.);
#2552 = CYLINDRICAL_SURFACE('',#2553,1.6);
#2553 = AXIS2_PLACEMENT_3D('',#2554,#2555,#2556);
#2554 = CARTESIAN_POINT('',(11.5,145.,8.1));
#2555 = DIRECTION('',(0.,0.,1.));
#2556 = DIRECTION('',(1.,0.,0.));
#2557 = ADVANCED_FACE('',(#2558),#2569,.F.);
#2558 = FACE_BOUND('',#2559,.F.);
#2559 = EDGE_LOOP('',(#2560,#2566,#2567,#2568));
#2560 = ORIENTED_EDGE('',*,*,#2561,.F.);
#2561 = EDGE_CURVE('',#2226,#2391,#2562,.T.);
#2562 = LINE('',#2563,#2564);
#2563 = CARTESIAN_POINT('',(45.1,145.,8.1));
#2564 = VECTOR('',#2565,1.);
#2565 = DIRECTION('',(-0.,-0.,-1.));
#2566 = ORIENTED_EDGE('',*,*,#2225,.F.);
#2567 = ORIENTED_EDGE('',*,*,#2561,.T.);
#2568 = ORIENTED_EDGE('',*,*,#2390,.T.);
#2569 = CYLINDRICAL_SURFACE('',#2570,1.6);
#2570 = AXIS2_PLACEMENT_3D('',#2571,#2572,#2573);
#2571 = CARTESIAN_POINT('',(43.5,145.,8.1));
#2572 = DIRECTION('',(0.,0.,1.));
#2573 = DIRECTION('',(1.,0.,0.));
#2574 = ADVANCED_FACE('',(#2575),#2586,.F.);
#2575 = FACE_BOUND('',#2576,.F.);
#2576 = EDGE_LOOP('',(#2577,#2583,#2584,#2585));
#2577 = ORIENTED_EDGE('',*,*,#2578,.F.);
#2578 = EDGE_CURVE('',#2249,#2450,#2579,.T.);
#2579 = LINE('',#2580,#2581);
#2580 = CARTESIAN_POINT('',(84.1,144.,8.1));
#2581 = VECTOR('',#2582,1.);
#2582 = DIRECTION('',(-0.,-0.,-1.));
#2583 = ORIENTED_EDGE('',*,*,#2248,.F.);
#2584 = ORIENTED_EDGE('',*,*,#2578,.T.);
#2585 = ORIENTED_EDGE('',*,*,#2449,.T.);
#2586 = CYLINDRICAL_SURFACE('',#2587,1.6);
#2587 = AXIS2_PLACEMENT_3D('',#2588,#2589,#2590);
#2588 = CARTESIAN_POINT('',(82.5,144.,8.1));
#2589 = DIRECTION('',(0.,0.,1.));
#2590 = DIRECTION('',(1.,0.,0.));
#2591 = ADVANCED_FACE('',(#2592),#2603,.F.);
#2592 = FACE_BOUND('',#2593,.F.);
#2593 = EDGE_LOOP('',(#2594,#2600,#2601,#2602));
#2594 = ORIENTED_EDGE('',*,*,#2595,.F.);
#2595 = EDGE_CURVE('',#2260,#2416,#2596,.T.);
#2596 = LINE('',#2597,#2598);
#2597 = CARTESIAN_POINT('',(68.1,145.,8.1));
#2598 = VECTOR('',#2599,1.);
#2599 = DIRECTION('',(-0.,-0.,-1.));
#2600 = ORIENTED_EDGE('',*,*,#2259,.F.);
#2601 = ORIENTED_EDGE('',*,*,#2595,.T.);
#2602 = ORIENTED_EDGE('',*,*,#2415,.T.);
#2603 = CYLINDRICAL_SURFACE('',#2604,1.6);
#2604 = AXIS2_PLACEMENT_3D('',#2605,#2606,#2607);
#2605 = CARTESIAN_POINT('',(66.5,145.,8.1));
#2606 = DIRECTION('',(0.,0.,1.));
#2607 = DIRECTION('',(1.,0.,0.));
#2608 = ADVANCED_FACE('',(#2609),#2620,.F.);
#2609 = FACE_BOUND('',#2610,.F.);
#2610 = EDGE_LOOP('',(#2611,#2617,#2618,#2619));
#2611 = ORIENTED_EDGE('',*,*,#2612,.F.);
#2612 = EDGE_CURVE('',#2271,#2475,#2613,.T.);
#2613 = LINE('',#2614,#2615);
#2614 = CARTESIAN_POINT('',(100.1,145.,8.1));
#2615 = VECTOR('',#2616,1.);
#2616 = DIRECTION('',(-0.,-0.,-1.));
#2617 = ORIENTED_EDGE('',*,*,#2270,.F.);
#2618 = ORIENTED_EDGE('',*,*,#2612,.T.);
#2619 = ORIENTED_EDGE('',*,*,#2474,.T.);
#2620 = CYLINDRICAL_SURFACE('',#2621,1.6);
#2621 = AXIS2_PLACEMENT_3D('',#2622,#2623,#2624);
#2622 = CARTESIAN_POINT('',(98.5,145.,8.1));
#2623 = DIRECTION('',(0.,0.,1.));
#2624 = DIRECTION('',(1.,0.,0.));
#2625 = ( GEOMETRIC_REPRESENTATION_CONTEXT(3) 
GLOBAL_UNCERTAINTY_ASSIGNED_CONTEXT((#2629)) 
GLOBAL_UNIT_ASSIGNED_CONTEXT((#2626,#2627,#2628)) REPRESENTATION_CONTEXT
('Context #1','3D Context with UNIT and UNCERTAINTY') );
#2626 = ( LENGTH_UNIT() NAMED_UNIT(*) SI_UNIT(.MILLI.,.METRE.) );
#2627 = ( NAMED_UNIT(*) PLANE_ANGLE_UNIT() SI_UNIT($,.RADIAN.) );
#2628 = ( NAMED_UNIT(*) SI_UNIT($,.STERADIAN.) SOLID_ANGLE_UNIT() );
#2629 = UNCERTAINTY_MEASURE_WITH_UNIT(LENGTH_MEASURE(1.E-07),#2626,
  'distance_accuracy_value','confusion accuracy');
#2630 = PRODUCT_RELATED_PRODUCT_CATEGORY('part',$,(#7));
#2631 = MECHANICAL_DESIGN_GEOMETRIC_PRESENTATION_REPRESENTATION('',(
    #2632),#2625);
#2632 = STYLED_ITEM('color',(#2633),#15);
#2633 = PRESENTATION_STYLE_ASSIGNMENT((#2634,#2642));
#2634 = SURFACE_STYLE_USAGE(.BOTH.,#2635);
#2635 = SURFACE_SIDE_STYLE('',(#2636,#2640));
#2636 = SURFACE_STYLE_FILL_AREA(#2637);
#2637 = FILL_AREA_STYLE('',(#2638));
#2638 = FILL_AREA_STYLE_COLOUR('',#2639);
#2639 = COLOUR_RGB('',0.379999991191,0.449999985486,0.639999984847);
#2640 = SURFACE_STYLE_RENDERING_WITH_PROPERTIES(.NORMAL_SHADING.,#2639,(
    #2641));
#2641 = SURFACE_STYLE_TRANSPARENT(0.5);
#2642 = CURVE_STYLE('',#2643,POSITIVE_LENGTH_MEASURE(0.1),#2644);
#2643 = DRAUGHTING_PRE_DEFINED_CURVE_FONT('continuous');
#2644 = COLOUR_RGB('',9.803921802644E-02,9.803921802644E-02,
  9.803921802644E-02);
ENDSEC;
END-ISO-10303-21;
